0 verbose cli C:\Program Files\nodejs\node.exe C:\Program Files\nodejs\node_modules\npm\bin\npm-cli.js
1 info using npm@10.9.3
2 info using node@v22.18.0
3 silly config load:file:C:\Program Files\nodejs\node_modules\npm\npmrc
4 silly config load:file:C:\Users\jayp.JAY\OneDrive\Desktop\AI Assessment Extraction\frontend\.npmrc
5 silly config load:file:C:\Users\jayp.JAY\.npmrc
6 silly config load:file:C:\Users\jayp.JAY\AppData\Roaming\npm\etc\npmrc
7 verbose title npm install
8 verbose argv "install" "--cache" ".npm-cache" "--no-audit" "--no-fund"
9 verbose logfile logs-max:10 dir:C:\Users\jayp.JAY\OneDrive\Desktop\AI Assessment Extraction\frontend\.npm-cache\_logs\2026-08-26T16_52_51_094Z-
10 verbose logfile C:\Users\jayp.JAY\OneDrive\Desktop\AI Assessment Extraction\frontend\.npm-cache\_logs\2026-08-26T16_52_51_094Z-debug-0.log
11 silly logfile done cleaning log files
12 silly packumentCache heap:4345298944 maxSize:1086324736 maxEntrySize:543162368
13 silly idealTree buildDeps
14 silly fetch manifest lucide-react@^0.468.0
15 silly packumentCache full:https://registry.npmjs.org/lucide-react cache-miss
16 http fetch GET https://registry.npmjs.org/lucide-react attempt 1 failed with ENOTFOUND
17 http fetch GET https://registry.npmjs.org/lucide-react attempt 2 failed with ECONNRESET
18 http fetch GET 200 https://registry.npmjs.org/lucide-react 116661ms (cache revalidated)
19 silly packumentCache full:https://registry.npmjs.org/lucide-react set size:2322098 disposed:false
20 silly fetch manifest react@19.2.8
21 silly packumentCache full:https://registry.npmjs.org/react cache-miss
22 http fetch GET 200 https://registry.npmjs.org/react 7574ms (cache revalidated)
23 silly packumentCache full:https://registry.npmjs.org/react set size:6917274 disposed:false
24 silly fetch manifest next@16.3.3
25 silly packumentCache full:https://registry.npmjs.org/next cache-miss
26 http fetch GET 200 https://registry.npmjs.org/next 266997ms (cache miss)
27 silly packumentCache full:https://registry.npmjs.org/next set size:undefined disposed:false
28 silly fetch manifest @opentelemetry/api@^1.1.0
29 silly packumentCache full:https://registry.npmjs.org/@opentelemetry%2fapi cache-miss
30 http cache https://registry.npmjs.org/@opentelemetry%2fapi 39ms (cache hit)
31 silly packumentCache full:https://registry.npmjs.org/@opentelemetry%2fapi set size:272967 disposed:false
32 silly fetch manifest @playwright/test@^1.51.1
33 silly packumentCache full:https://registry.npmjs.org/@playwright%2ftest cache-miss
34 http cache https://registry.npmjs.org/@playwright%2ftest 99ms (cache hit)
35 silly packumentCache full:https://registry.npmjs.org/@playwright%2ftest set size:9453879 disposed:false
36 silly fetch manifest babel-plugin-react-compiler@*
37 silly packumentCache full:https://registry.npmjs.org/babel-plugin-react-compiler cache-miss
38 http cache https://registry.npmjs.org/babel-plugin-react-compiler 29ms (cache hit)
39 silly packumentCache full:https://registry.npmjs.org/babel-plugin-react-compiler set size:1356999 disposed:false
40 silly fetch manifest react-dom@19.2.8
41 silly packumentCache full:https://registry.npmjs.org/react-dom cache-miss
42 http cache https://registry.npmjs.org/react-dom 82ms (cache hit)
43 silly packumentCache full:https://registry.npmjs.org/react-dom set size:9298448 disposed:false
44 silly fetch manifest sass@^1.3.0
45 silly packumentCache full:https://registry.npmjs.org/sass cache-miss
46 http cache https://registry.npmjs.org/sass 44ms (cache hit)
47 silly packumentCache full:https://registry.npmjs.org/sass set size:747752 disposed:false
48 silly fetch manifest @tailwindcss/postcss@^4
49 silly packumentCache full:https://registry.npmjs.org/@tailwindcss%2fpostcss cache-miss
50 http cache https://registry.npmjs.org/@tailwindcss%2fpostcss 45ms (cache hit)
51 silly packumentCache full:https://registry.npmjs.org/@tailwindcss%2fpostcss set size:2498874 disposed:false
52 silly fetch manifest @types/node@^20
53 silly packumentCache full:https://registry.npmjs.org/@types%2fnode cache-miss
54 http cache https://registry.npmjs.org/@types%2fnode 197ms (cache hit)
55 silly packumentCache full:https://registry.npmjs.org/@types%2fnode set size:11092436 disposed:false
56 silly fetch manifest @types/react@^19
57 silly packumentCache full:https://registry.npmjs.org/@types%2freact cache-miss
58 http fetch GET 200 https://registry.npmjs.org/@types%2freact 13637ms (cache miss)
59 silly packumentCache full:https://registry.npmjs.org/@types%2freact set size:undefined disposed:false
60 silly fetch manifest @types/react-dom@^19
61 silly packumentCache full:https://registry.npmjs.org/@types%2freact-dom cache-miss
62 http cache https://registry.npmjs.org/@types%2freact-dom 313ms (cache hit)
63 silly packumentCache full:https://registry.npmjs.org/@types%2freact-dom set size:435860 disposed:false
64 silly fetch manifest eslint@^9
65 silly packumentCache full:https://registry.npmjs.org/eslint cache-miss
66 http cache https://registry.npmjs.org/eslint 195ms (cache hit)
67 silly packumentCache full:https://registry.npmjs.org/eslint set size:2070000 disposed:false
68 silly fetch manifest jiti@*
69 silly packumentCache full:https://registry.npmjs.org/jiti cache-miss
70 http cache https://registry.npmjs.org/jiti 81ms (cache hit)
71 silly packumentCache full:https://registry.npmjs.org/jiti set size:387989 disposed:false
72 silly fetch manifest eslint-config-next@16.3.3
73 silly packumentCache full:https://registry.npmjs.org/eslint-config-next cache-miss
74 http fetch GET 200 https://registry.npmjs.org/eslint-config-next 30762ms (cache miss)
75 silly packumentCache full:https://registry.npmjs.org/eslint-config-next set size:undefined disposed:false
76 silly fetch manifest typescript@^5
77 silly packumentCache full:https://registry.npmjs.org/typescript cache-miss
78 http fetch GET 200 https://registry.npmjs.org/typescript 43109ms (cache miss)
79 silly packumentCache full:https://registry.npmjs.org/typescript set size:undefined disposed:false
80 silly fetch manifest tailwindcss@^4
81 silly packumentCache full:https://registry.npmjs.org/tailwindcss cache-miss
82 http fetch GET 200 https://registry.npmjs.org/tailwindcss 44652ms (cache miss)
83 silly packumentCache full:https://registry.npmjs.org/tailwindcss set size:undefined disposed:false
84 silly placeDep ROOT @tailwindcss/postcss@4.3.3 OK for: frontend@0.1.0 want: ^4
85 silly placeDep ROOT @types/node@20.19.43 OK for: frontend@0.1.0 want: ^20
86 silly placeDep ROOT @types/react@19.2.18 OK for: frontend@0.1.0 want: ^19
87 silly placeDep ROOT @types/react-dom@19.2.5 OK for: frontend@0.1.0 want: ^19
88 silly placeDep ROOT eslint@9.39.5 OK for: frontend@0.1.0 want: ^9
89 silly placeDep ROOT eslint-config-next@16.3.3 OK for: frontend@0.1.0 want: 16.3.3
90 silly placeDep ROOT lucide-react@0.468.0 OK for: frontend@0.1.0 want: ^0.468.0
91 silly placeDep ROOT react@19.2.8 OK for: lucide-react@0.468.0 want: ^16.5.1 || ^17.0.0 || ^18.0.0 || ^19.0.0-rc
92 silly placeDep ROOT next@16.3.3 OK for: frontend@0.1.0 want: 16.3.3
93 silly placeDep ROOT react-dom@19.2.8 OK for: next@16.3.3 want: ^18.2.0 || 19.0.0-rc-de68d2f4-20241204 || ^19.0.0
94 silly placeDep ROOT tailwindcss@4.3.3 OK for: frontend@0.1.0 want: ^4
95 silly placeDep ROOT typescript@5.9.3 OK for: frontend@0.1.0 want: ^5
96 silly fetch manifest postcss@^8.5.16
97 silly packumentCache full:https://registry.npmjs.org/postcss cache-miss
98 silly fetch manifest tailwindcss@4.3.3
99 silly packumentCache full:https://registry.npmjs.org/tailwindcss cache-miss
100 silly fetch manifest @alloc/quick-lru@^5.2.0
101 silly packumentCache full:https://registry.npmjs.org/@alloc%2fquick-lru cache-miss
102 silly fetch manifest @tailwindcss/node@4.3.3
103 silly packumentCache full:https://registry.npmjs.org/@tailwindcss%2fnode cache-miss
104 silly fetch manifest @tailwindcss/oxide@4.3.3
105 silly packumentCache full:https://registry.npmjs.org/@tailwindcss%2foxide cache-miss
106 silly fetch manifest undici-types@~6.21.0
107 silly packumentCache full:https://registry.npmjs.org/undici-types cache-miss
108 silly fetch manifest csstype@^3.2.2
109 silly packumentCache full:https://registry.npmjs.org/csstype cache-miss
110 silly fetch manifest ajv@^6.14.0
111 silly packumentCache full:https://registry.npmjs.org/ajv cache-miss
112 silly fetch manifest chalk@^4.0.0
113 silly packumentCache full:https://registry.npmjs.org/chalk cache-miss
114 silly fetch manifest debug@^4.3.2
115 silly packumentCache full:https://registry.npmjs.org/debug cache-miss
116 silly fetch manifest espree@^10.4.0
117 silly packumentCache full:https://registry.npmjs.org/espree cache-miss
118 http cache https://registry.npmjs.org/postcss 114ms (cache hit)
119 silly packumentCache full:https://registry.npmjs.org/postcss set size:760024 disposed:false
120 silly fetch manifest ignore@^5.2.0
121 silly packumentCache full:https://registry.npmjs.org/ignore cache-miss
122 http cache https://registry.npmjs.org/undici-types 136ms (cache hit)
123 silly packumentCache full:https://registry.npmjs.org/undici-types set size:250438 disposed:false
124 silly fetch manifest esquery@^1.5.0
125 silly packumentCache full:https://registry.npmjs.org/esquery cache-miss
126 http cache https://registry.npmjs.org/tailwindcss 215ms (cache hit)
127 silly packumentCache full:https://registry.npmjs.org/tailwindcss set size:10868886 disposed:false
128 silly fetch manifest esutils@^2.0.2
129 silly packumentCache full:https://registry.npmjs.org/esutils cache-miss
130 http cache https://registry.npmjs.org/@alloc%2fquick-lru 631ms (cache hit)
131 silly packumentCache full:https://registry.npmjs.org/@alloc%2fquick-lru set size:7269 disposed:false
132 silly fetch manifest find-up@^5.0.0
133 silly packumentCache full:https://registry.npmjs.org/find-up cache-miss
134 http cache https://registry.npmjs.org/@tailwindcss%2fnode 673ms (cache hit)
135 silly packumentCache full:https://registry.npmjs.org/@tailwindcss%2fnode set size:2361309 disposed:false
136 silly fetch manifest is-glob@^4.0.0
137 silly packumentCache full:https://registry.npmjs.org/is-glob cache-miss
138 http cache https://registry.npmjs.org/csstype 771ms (cache hit)
139 silly packumentCache full:https://registry.npmjs.org/csstype set size:274189 disposed:false
140 silly fetch manifest minimatch@^3.1.5
141 silly packumentCache full:https://registry.npmjs.org/minimatch cache-miss
142 http cache https://registry.npmjs.org/chalk 818ms (cache hit)
143 silly packumentCache full:https://registry.npmjs.org/chalk set size:134775 disposed:false
144 silly fetch manifest @eslint/js@9.39.5
145 silly packumentCache full:https://registry.npmjs.org/@eslint%2fjs cache-miss
146 http cache https://registry.npmjs.org/debug 841ms (cache hit)
147 silly packumentCache full:https://registry.npmjs.org/debug set size:195840 disposed:false
148 silly fetch manifest optionator@^0.9.3
149 silly packumentCache full:https://registry.npmjs.org/optionator cache-miss
150 http cache https://registry.npmjs.org/espree 864ms (cache hit)
151 silly packumentCache full:https://registry.npmjs.org/espree set size:326080 disposed:false
152 silly fetch manifest cross-spawn@^7.0.6
153 silly packumentCache full:https://registry.npmjs.org/cross-spawn cache-miss
154 http cache https://registry.npmjs.org/esquery 885ms (cache hit)
155 silly packumentCache full:https://registry.npmjs.org/esquery set size:48888 disposed:false
156 silly fetch manifest glob-parent@^6.0.2
157 silly packumentCache full:https://registry.npmjs.org/glob-parent cache-miss
158 http cache https://registry.npmjs.org/is-glob 350ms (cache hit)
159 silly packumentCache full:https://registry.npmjs.org/is-glob set size:40530 disposed:false
160 silly fetch manifest imurmurhash@^0.1.4
161 silly packumentCache full:https://registry.npmjs.org/imurmurhash cache-miss
162 http cache https://registry.npmjs.org/cross-spawn 233ms (cache hit)
163 silly packumentCache full:https://registry.npmjs.org/cross-spawn set size:109066 disposed:false
164 silly fetch manifest @eslint/core@^0.17.0
165 silly packumentCache full:https://registry.npmjs.org/@eslint%2fcore cache-miss
166 http cache https://registry.npmjs.org/optionator 274ms (cache hit)
167 silly packumentCache full:https://registry.npmjs.org/optionator set size:49651 disposed:false
168 silly fetch manifest eslint-scope@^8.4.0
169 silly packumentCache full:https://registry.npmjs.org/eslint-scope cache-miss
170 http cache https://registry.npmjs.org/find-up 508ms (cache hit)
171 silly packumentCache full:https://registry.npmjs.org/find-up set size:42620 disposed:false
172 silly fetch manifest lodash.merge@^4.6.2
173 silly packumentCache full:https://registry.npmjs.org/lodash.merge cache-miss
174 http cache https://registry.npmjs.org/ignore 1031ms (cache hit)
175 silly packumentCache full:https://registry.npmjs.org/ignore set size:240910 disposed:false
176 silly fetch manifest @humanfs/node@^0.16.6
177 silly packumentCache full:https://registry.npmjs.org/@humanfs%2fnode cache-miss
178 http cache https://registry.npmjs.org/esutils 568ms (cache hit)
179 silly packumentCache full:https://registry.npmjs.org/esutils set size:29522 disposed:false
180 silly fetch manifest @types/estree@^1.0.6
181 silly packumentCache full:https://registry.npmjs.org/@types%2festree cache-miss
182 http cache https://registry.npmjs.org/@eslint%2fjs 348ms (cache hit)
183 silly packumentCache full:https://registry.npmjs.org/@eslint%2fjs set size:141633 disposed:false
184 silly fetch manifest fast-deep-equal@^3.1.3
185 silly packumentCache full:https://registry.npmjs.org/fast-deep-equal cache-miss
186 http cache https://registry.npmjs.org/minimatch 437ms (cache hit)
187 silly packumentCache full:https://registry.npmjs.org/minimatch set size:377924 disposed:false
188 silly fetch manifest natural-compare@^1.4.0
189 silly packumentCache full:https://registry.npmjs.org/natural-compare cache-miss
190 http cache https://registry.npmjs.org/imurmurhash 243ms (cache hit)
191 silly packumentCache full:https://registry.npmjs.org/imurmurhash set size:35819 disposed:false
192 silly fetch manifest @eslint/eslintrc@^3.3.6
193 silly packumentCache full:https://registry.npmjs.org/@eslint%2feslintrc cache-miss
194 http cache https://registry.npmjs.org/eslint-scope 227ms (cache hit)
195 silly packumentCache full:https://registry.npmjs.org/eslint-scope set size:98867 disposed:false
196 silly fetch manifest file-entry-cache@^8.0.0
197 silly packumentCache full:https://registry.npmjs.org/file-entry-cache cache-miss
198 http cache https://registry.npmjs.org/@eslint%2fcore 250ms (cache hit)
199 silly packumentCache full:https://registry.npmjs.org/@eslint%2fcore set size:58023 disposed:false
200 silly fetch manifest @eslint/plugin-kit@^0.4.1
201 silly packumentCache full:https://registry.npmjs.org/@eslint%2fplugin-kit cache-miss
202 http cache https://registry.npmjs.org/@types%2festree 247ms (cache hit)
203 silly packumentCache full:https://registry.npmjs.org/@types%2festree set size:76072 disposed:false
204 silly fetch manifest eslint-visitor-keys@^4.2.1
205 silly packumentCache full:https://registry.npmjs.org/eslint-visitor-keys cache-miss
206 http cache https://registry.npmjs.org/@humanfs%2fnode 269ms (cache hit)
207 silly packumentCache full:https://registry.npmjs.org/@humanfs%2fnode set size:39629 disposed:false
208 silly fetch manifest @eslint/config-array@^0.21.2
209 silly packumentCache full:https://registry.npmjs.org/@eslint%2fconfig-array cache-miss
210 http cache https://registry.npmjs.org/lodash.merge 298ms (cache hit)
211 silly packumentCache full:https://registry.npmjs.org/lodash.merge set size:78575 disposed:false
212 silly fetch manifest @humanwhocodes/retry@^0.4.2
213 silly packumentCache full:https://registry.npmjs.org/@humanwhocodes%2fretry cache-miss
214 http cache https://registry.npmjs.org/natural-compare 202ms (cache hit)
215 silly packumentCache full:https://registry.npmjs.org/natural-compare set size:7852 disposed:false
216 silly fetch manifest escape-string-regexp@^4.0.0
217 silly packumentCache full:https://registry.npmjs.org/escape-string-regexp cache-miss
218 http cache https://registry.npmjs.org/fast-deep-equal 276ms (cache hit)
219 silly packumentCache full:https://registry.npmjs.org/fast-deep-equal set size:48634 disposed:false
220 silly fetch manifest @eslint/config-helpers@^0.4.2
221 silly packumentCache full:https://registry.npmjs.org/@eslint%2fconfig-helpers cache-miss
222 http cache https://registry.npmjs.org/@eslint%2fplugin-kit 197ms (cache hit)
223 silly packumentCache full:https://registry.npmjs.org/@eslint%2fplugin-kit set size:76057 disposed:false
224 silly fetch manifest @eslint-community/regexpp@^4.12.1
225 silly packumentCache full:https://registry.npmjs.org/@eslint-community%2fregexpp cache-miss
226 http cache https://registry.npmjs.org/@eslint%2fconfig-array 166ms (cache hit)
227 silly packumentCache full:https://registry.npmjs.org/@eslint%2fconfig-array set size:74140 disposed:false
228 silly fetch manifest @eslint-community/eslint-utils@^4.8.0
229 silly packumentCache full:https://registry.npmjs.org/@eslint-community%2feslint-utils cache-miss
230 http cache https://registry.npmjs.org/eslint-visitor-keys 188ms (cache hit)
231 silly packumentCache full:https://registry.npmjs.org/eslint-visitor-keys set size:69949 disposed:false
232 silly fetch manifest @humanwhocodes/module-importer@^1.0.1
233 silly packumentCache full:https://registry.npmjs.org/@humanwhocodes%2fmodule-importer cache-miss
234 http cache https://registry.npmjs.org/file-entry-cache 256ms (cache hit)
235 silly packumentCache full:https://registry.npmjs.org/file-entry-cache set size:127681 disposed:false
236 silly fetch manifest json-stable-stringify-without-jsonify@^1.0.1
237 silly packumentCache full:https://registry.npmjs.org/json-stable-stringify-without-jsonify cache-miss
238 http cache https://registry.npmjs.org/escape-string-regexp 190ms (cache hit)
239 silly packumentCache full:https://registry.npmjs.org/escape-string-regexp set size:22244 disposed:false
240 silly fetch manifest globals@16.4.0
241 silly packumentCache full:https://registry.npmjs.org/globals cache-miss
242 http cache https://registry.npmjs.org/@eslint%2fconfig-helpers 187ms (cache hit)
243 silly packumentCache full:https://registry.npmjs.org/@eslint%2fconfig-helpers set size:55216 disposed:false
244 silly fetch manifest typescript-eslint@^8.46.0
245 silly packumentCache full:https://registry.npmjs.org/typescript-eslint cache-miss
246 http cache https://registry.npmjs.org/@humanwhocodes%2fretry 216ms (cache hit)
247 silly packumentCache full:https://registry.npmjs.org/@humanwhocodes%2fretry set size:42348 disposed:false
248 silly fetch manifest eslint-plugin-react@^7.37.0
249 silly packumentCache full:https://registry.npmjs.org/eslint-plugin-react cache-miss
250 http cache https://registry.npmjs.org/@eslint-community%2fregexpp 198ms (cache hit)
251 silly packumentCache full:https://registry.npmjs.org/@eslint-community%2fregexpp set size:106609 disposed:false
252 silly fetch manifest eslint-plugin-import@^2.32.0
253 silly packumentCache full:https://registry.npmjs.org/eslint-plugin-import cache-miss
254 http cache https://registry.npmjs.org/@humanwhocodes%2fmodule-importer 191ms (cache hit)
255 silly packumentCache full:https://registry.npmjs.org/@humanwhocodes%2fmodule-importer set size:9516 disposed:false
256 silly fetch manifest eslint-plugin-jsx-a11y@^6.10.0
257 silly packumentCache full:https://registry.npmjs.org/eslint-plugin-jsx-a11y cache-miss
258 http cache https://registry.npmjs.org/@eslint-community%2feslint-utils 240ms (cache hit)
259 silly packumentCache full:https://registry.npmjs.org/@eslint-community%2feslint-utils set size:108339 disposed:false
260 silly fetch manifest @next/eslint-plugin-next@16.3.3
261 silly packumentCache full:https://registry.npmjs.org/@next%2feslint-plugin-next cache-miss
262 http cache https://registry.npmjs.org/json-stable-stringify-without-jsonify 228ms (cache hit)
263 silly packumentCache full:https://registry.npmjs.org/json-stable-stringify-without-jsonify set size:5808 disposed:false
264 silly fetch manifest eslint-plugin-react-hooks@^7.0.0
265 silly packumentCache full:https://registry.npmjs.org/eslint-plugin-react-hooks cache-miss
266 http fetch GET 200 https://registry.npmjs.org/glob-parent 860ms (cache miss)
267 silly packumentCache full:https://registry.npmjs.org/glob-parent set size:undefined disposed:false
268 silly fetch manifest eslint-import-resolver-node@^0.3.6
269 silly packumentCache full:https://registry.npmjs.org/eslint-import-resolver-node cache-miss
270 http fetch GET 200 https://registry.npmjs.org/ajv 1991ms (cache miss)
271 silly packumentCache full:https://registry.npmjs.org/ajv set size:undefined disposed:false
272 silly fetch manifest eslint-import-resolver-typescript@^3.5.2
273 silly packumentCache full:https://registry.npmjs.org/eslint-import-resolver-typescript cache-miss
274 http cache https://registry.npmjs.org/eslint-import-resolver-typescript 31ms (cache hit)
275 silly packumentCache full:https://registry.npmjs.org/eslint-import-resolver-typescript set size:337167 disposed:false
276 silly fetch manifest postcss@8.5.23
277 silly packumentCache full:https://registry.npmjs.org/postcss cache-hit
278 silly fetch manifest @next/env@16.3.3
279 silly packumentCache full:https://registry.npmjs.org/@next%2fenv cache-miss
280 http fetch GET 200 https://registry.npmjs.org/@eslint%2feslintrc 877ms (cache miss)
281 silly packumentCache full:https://registry.npmjs.org/@eslint%2feslintrc set size:undefined disposed:false
282 silly fetch manifest styled-jsx@5.1.6
283 silly packumentCache full:https://registry.npmjs.org/styled-jsx cache-miss
284 http fetch GET 200 https://registry.npmjs.org/eslint-plugin-import 2087ms (cache miss)
285 silly packumentCache full:https://registry.npmjs.org/eslint-plugin-import set size:undefined disposed:false
286 silly fetch manifest @swc/helpers@0.5.23
287 silly packumentCache full:https://registry.npmjs.org/@swc%2fhelpers cache-miss
288 http fetch GET 200 https://registry.npmjs.org/globals 2523ms (cache miss)
289 silly packumentCache full:https://registry.npmjs.org/globals set size:undefined disposed:false
290 silly fetch manifest caniuse-lite@^1.0.30001579
291 silly packumentCache full:https://registry.npmjs.org/caniuse-lite cache-miss
292 http fetch GET 200 https://registry.npmjs.org/eslint-import-resolver-node 5515ms (cache miss)
293 silly packumentCache full:https://registry.npmjs.org/eslint-import-resolver-node set size:undefined disposed:false
294 silly fetch manifest baseline-browser-mapping@^2.9.19
295 silly packumentCache full:https://registry.npmjs.org/baseline-browser-mapping cache-miss
296 http fetch GET 200 https://registry.npmjs.org/styled-jsx 9473ms (cache miss)
297 silly packumentCache full:https://registry.npmjs.org/styled-jsx set size:undefined disposed:false
298 silly fetch manifest sharp@^0.35.3
299 silly packumentCache full:https://registry.npmjs.org/sharp cache-miss
300 http fetch GET 200 https://registry.npmjs.org/eslint-plugin-jsx-a11y 13549ms (cache miss)
301 silly packumentCache full:https://registry.npmjs.org/eslint-plugin-jsx-a11y set size:undefined disposed:false
302 silly fetch manifest @next/swc-darwin-x64@16.3.3
303 silly packumentCache full:https://registry.npmjs.org/@next%2fswc-darwin-x64 cache-miss
304 http fetch GET 200 https://registry.npmjs.org/@swc%2fhelpers 11531ms (cache miss)
305 silly packumentCache full:https://registry.npmjs.org/@swc%2fhelpers set size:undefined disposed:false
306 silly fetch manifest @next/swc-darwin-arm64@16.3.3
307 silly packumentCache full:https://registry.npmjs.org/@next%2fswc-darwin-arm64 cache-miss
308 http fetch GET 200 https://registry.npmjs.org/baseline-browser-mapping 8131ms (cache miss)
309 silly packumentCache full:https://registry.npmjs.org/baseline-browser-mapping set size:undefined disposed:false
310 silly fetch manifest @next/swc-linux-x64-gnu@16.3.3
311 silly packumentCache full:https://registry.npmjs.org/@next%2fswc-linux-x64-gnu cache-miss
312 http fetch GET 200 https://registry.npmjs.org/eslint-plugin-react 21398ms (cache miss)
313 silly packumentCache full:https://registry.npmjs.org/eslint-plugin-react set size:undefined disposed:false
314 silly fetch manifest @next/swc-linux-x64-musl@16.3.3
315 silly packumentCache full:https://registry.npmjs.org/@next%2fswc-linux-x64-musl cache-miss
316 http fetch GET 200 https://registry.npmjs.org/sharp 12636ms (cache miss)
317 silly packumentCache full:https://registry.npmjs.org/sharp set size:undefined disposed:false
318 silly fetch manifest @next/swc-win32-x64-msvc@16.3.3
319 silly packumentCache full:https://registry.npmjs.org/@next%2fswc-win32-x64-msvc cache-miss
320 http fetch GET 200 https://registry.npmjs.org/typescript-eslint 22823ms (cache miss)
321 silly packumentCache full:https://registry.npmjs.org/typescript-eslint set size:undefined disposed:false
322 silly fetch manifest @next/swc-linux-arm64-gnu@16.3.3
323 silly packumentCache full:https://registry.npmjs.org/@next%2fswc-linux-arm64-gnu cache-miss
324 http fetch GET 200 https://registry.npmjs.org/caniuse-lite 51679ms (cache miss)
325 silly packumentCache full:https://registry.npmjs.org/caniuse-lite set size:undefined disposed:false
326 silly fetch manifest @next/swc-linux-arm64-musl@16.3.3
327 silly packumentCache full:https://registry.npmjs.org/@next%2fswc-linux-arm64-musl cache-miss
328 http fetch GET 200 https://registry.npmjs.org/@next%2feslint-plugin-next 79028ms (cache miss)
329 silly packumentCache full:https://registry.npmjs.org/@next%2feslint-plugin-next set size:undefined disposed:false
330 silly fetch manifest @next/swc-win32-arm64-msvc@16.3.3
331 silly packumentCache full:https://registry.npmjs.org/@next%2fswc-win32-arm64-msvc cache-miss
332 http fetch GET 200 https://registry.npmjs.org/@next%2fenv 81138ms (cache miss)
333 silly packumentCache full:https://registry.npmjs.org/@next%2fenv set size:undefined disposed:false
334 silly fetch manifest scheduler@^0.27.0
335 silly packumentCache full:https://registry.npmjs.org/scheduler cache-miss
336 http fetch GET 200 https://registry.npmjs.org/@next%2fswc-linux-x64-gnu 68739ms (cache miss)
337 silly packumentCache full:https://registry.npmjs.org/@next%2fswc-linux-x64-gnu set size:undefined disposed:false
338 http fetch GET 200 https://registry.npmjs.org/@tailwindcss%2foxide 121181ms (cache miss)
339 silly packumentCache full:https://registry.npmjs.org/@tailwindcss%2foxide set size:undefined disposed:false
340 http fetch GET 200 https://registry.npmjs.org/@next%2fswc-linux-arm64-musl 68173ms (cache miss)
341 silly packumentCache full:https://registry.npmjs.org/@next%2fswc-linux-arm64-musl set size:undefined disposed:false
342 http fetch GET 200 https://registry.npmjs.org/@next%2fswc-darwin-x64 135987ms (cache miss)
343 silly packumentCache full:https://registry.npmjs.org/@next%2fswc-darwin-x64 set size:undefined disposed:false
344 http fetch GET 200 https://registry.npmjs.org/@next%2fswc-win32-arm64-msvc 88775ms (cache miss)
345 silly packumentCache full:https://registry.npmjs.org/@next%2fswc-win32-arm64-msvc set size:undefined disposed:false
346 http fetch GET 200 https://registry.npmjs.org/scheduler 171387ms (cache miss)
347 silly packumentCache full:https://registry.npmjs.org/scheduler set size:undefined disposed:false
348 http fetch GET 200 https://registry.npmjs.org/@next%2fswc-linux-arm64-gnu 245333ms (cache miss)
349 silly packumentCache full:https://registry.npmjs.org/@next%2fswc-linux-arm64-gnu set size:undefined disposed:false
350 http fetch GET 200 https://registry.npmjs.org/@next%2fswc-darwin-arm64 259739ms (cache miss)
351 silly packumentCache full:https://registry.npmjs.org/@next%2fswc-darwin-arm64 set size:undefined disposed:false
352 http fetch GET 200 https://registry.npmjs.org/@next%2fswc-linux-x64-musl 263154ms (cache miss)
353 silly packumentCache full:https://registry.npmjs.org/@next%2fswc-linux-x64-musl set size:undefined disposed:false
354 http fetch GET 200 https://registry.npmjs.org/@next%2fswc-win32-x64-msvc 311467ms (cache miss)
355 silly packumentCache full:https://registry.npmjs.org/@next%2fswc-win32-x64-msvc set size:undefined disposed:false
356 http fetch GET 200 https://registry.npmjs.org/eslint-plugin-react-hooks 348724ms (cache miss)
357 silly packumentCache full:https://registry.npmjs.org/eslint-plugin-react-hooks set size:undefined disposed:false
358 silly placeDep ROOT @alloc/quick-lru@5.2.0 OK for: @tailwindcss/postcss@4.3.3 want: ^5.2.0
359 silly placeDep ROOT @tailwindcss/node@4.3.3 OK for: @tailwindcss/postcss@4.3.3 want: 4.3.3
360 silly placeDep ROOT @tailwindcss/oxide@4.3.3 OK for: @tailwindcss/postcss@4.3.3 want: 4.3.3
361 silly placeDep ROOT postcss@8.5.26 OK for: @tailwindcss/postcss@4.3.3 want: ^8.5.16
362 silly fetch manifest jiti@^2.7.0
363 silly packumentCache full:https://registry.npmjs.org/jiti cache-hit
364 silly fetch manifest lightningcss@1.32.0
365 silly packumentCache full:https://registry.npmjs.org/lightningcss cache-miss
366 silly fetch manifest magic-string@^0.30.21
367 silly packumentCache full:https://registry.npmjs.org/magic-string cache-miss
368 silly fetch manifest source-map-js@^1.2.1
369 silly packumentCache full:https://registry.npmjs.org/source-map-js cache-miss
370 silly fetch manifest enhanced-resolve@^5.24.1
371 silly packumentCache full:https://registry.npmjs.org/enhanced-resolve cache-miss
372 silly fetch manifest @jridgewell/remapping@^2.3.5
373 silly packumentCache full:https://registry.npmjs.org/@jridgewell%2fremapping cache-miss
374 silly fetch manifest @tailwindcss/oxide-darwin-x64@4.3.3
375 silly packumentCache full:https://registry.npmjs.org/@tailwindcss%2foxide-darwin-x64 cache-miss
376 silly fetch manifest @tailwindcss/oxide-freebsd-x64@4.3.3
377 silly packumentCache full:https://registry.npmjs.org/@tailwindcss%2foxide-freebsd-x64 cache-miss
378 silly fetch manifest @tailwindcss/oxide-wasm32-wasi@4.3.3
379 silly packumentCache full:https://registry.npmjs.org/@tailwindcss%2foxide-wasm32-wasi cache-miss
380 silly fetch manifest @tailwindcss/oxide-darwin-arm64@4.3.3
381 silly packumentCache full:https://registry.npmjs.org/@tailwindcss%2foxide-darwin-arm64 cache-miss
382 silly fetch manifest @tailwindcss/oxide-android-arm64@4.3.3
383 silly packumentCache full:https://registry.npmjs.org/@tailwindcss%2foxide-android-arm64 cache-miss
384 silly fetch manifest @tailwindcss/oxide-linux-x64-gnu@4.3.3
385 silly packumentCache full:https://registry.npmjs.org/@tailwindcss%2foxide-linux-x64-gnu cache-miss
386 http fetch GET 200 https://registry.npmjs.org/@jridgewell%2fremapping 255ms (cache miss)
387 silly packumentCache full:https://registry.npmjs.org/@jridgewell%2fremapping set size:undefined disposed:false
388 silly fetch manifest @tailwindcss/oxide-linux-x64-musl@4.3.3
389 silly packumentCache full:https://registry.npmjs.org/@tailwindcss%2foxide-linux-x64-musl cache-miss
390 http fetch GET 200 https://registry.npmjs.org/lightningcss 315ms (cache miss)
391 silly packumentCache full:https://registry.npmjs.org/lightningcss set size:undefined disposed:false
392 silly fetch manifest @tailwindcss/oxide-win32-x64-msvc@4.3.3
393 silly packumentCache full:https://registry.npmjs.org/@tailwindcss%2foxide-win32-x64-msvc cache-miss
394 http fetch GET 200 https://registry.npmjs.org/source-map-js 2779ms (cache miss)
395 silly packumentCache full:https://registry.npmjs.org/source-map-js set size:undefined disposed:false
396 silly fetch manifest @tailwindcss/oxide-linux-arm64-gnu@4.3.3
397 silly packumentCache full:https://registry.npmjs.org/@tailwindcss%2foxide-linux-arm64-gnu cache-miss
398 http fetch GET 200 https://registry.npmjs.org/magic-string 20425ms (cache miss)
399 silly packumentCache full:https://registry.npmjs.org/magic-string set size:undefined disposed:false
400 silly fetch manifest @tailwindcss/oxide-linux-arm64-musl@4.3.3
401 silly packumentCache full:https://registry.npmjs.org/@tailwindcss%2foxide-linux-arm64-musl cache-miss
402 http fetch GET 200 https://registry.npmjs.org/@tailwindcss%2foxide-win32-x64-msvc 30841ms (cache miss)
403 silly packumentCache full:https://registry.npmjs.org/@tailwindcss%2foxide-win32-x64-msvc set size:undefined disposed:false
404 silly fetch manifest @tailwindcss/oxide-win32-arm64-msvc@4.3.3
405 silly packumentCache full:https://registry.npmjs.org/@tailwindcss%2foxide-win32-arm64-msvc cache-miss
406 http fetch GET 200 https://registry.npmjs.org/enhanced-resolve 32349ms (cache miss)
407 silly packumentCache full:https://registry.npmjs.org/enhanced-resolve set size:undefined disposed:false
408 silly fetch manifest @tailwindcss/oxide-linux-arm-gnueabihf@4.3.3
409 silly packumentCache full:https://registry.npmjs.org/@tailwindcss%2foxide-linux-arm-gnueabihf cache-miss
410 http fetch GET 200 https://registry.npmjs.org/@tailwindcss%2foxide-wasm32-wasi 40878ms (cache miss)
411 silly packumentCache full:https://registry.npmjs.org/@tailwindcss%2foxide-wasm32-wasi set size:undefined disposed:false
412 silly fetch manifest nanoid@^3.3.17
413 silly packumentCache full:https://registry.npmjs.org/nanoid cache-miss
414 http fetch GET 200 https://registry.npmjs.org/@tailwindcss%2foxide-win32-arm64-msvc 24007ms (cache miss)
415 silly packumentCache full:https://registry.npmjs.org/@tailwindcss%2foxide-win32-arm64-msvc set size:undefined disposed:false
416 silly fetch manifest picocolors@^1.1.1
417 silly packumentCache full:https://registry.npmjs.org/picocolors cache-miss
418 http fetch GET 200 https://registry.npmjs.org/nanoid 15098ms (cache miss)
419 silly packumentCache full:https://registry.npmjs.org/nanoid set size:undefined disposed:false
420 http fetch GET 200 https://registry.npmjs.org/picocolors 1931ms (cache miss)
421 silly packumentCache full:https://registry.npmjs.org/picocolors set size:undefined disposed:false
422 http fetch GET 200 https://registry.npmjs.org/@tailwindcss%2foxide-linux-x64-musl 64467ms (cache miss)
423 silly packumentCache full:https://registry.npmjs.org/@tailwindcss%2foxide-linux-x64-musl set size:undefined disposed:false
424 http fetch GET 200 https://registry.npmjs.org/@tailwindcss%2foxide-android-arm64 69910ms (cache miss)
425 silly packumentCache full:https://registry.npmjs.org/@tailwindcss%2foxide-android-arm64 set size:undefined disposed:false
426 http fetch GET 200 https://registry.npmjs.org/@tailwindcss%2foxide-linux-arm-gnueabihf 39427ms (cache miss)
427 silly packumentCache full:https://registry.npmjs.org/@tailwindcss%2foxide-linux-arm-gnueabihf set size:undefined disposed:false
428 http fetch GET 200 https://registry.npmjs.org/@tailwindcss%2foxide-linux-x64-gnu 81369ms (cache miss)
429 silly packumentCache full:https://registry.npmjs.org/@tailwindcss%2foxide-linux-x64-gnu set size:undefined disposed:false
430 http fetch GET 200 https://registry.npmjs.org/@tailwindcss%2foxide-freebsd-x64 82685ms (cache miss)
431 silly packumentCache full:https://registry.npmjs.org/@tailwindcss%2foxide-freebsd-x64 set size:undefined disposed:false
432 http fetch GET 200 https://registry.npmjs.org/@tailwindcss%2foxide-darwin-x64 84882ms (cache miss)
433 silly packumentCache full:https://registry.npmjs.org/@tailwindcss%2foxide-darwin-x64 set size:undefined disposed:false
434 http fetch GET 200 https://registry.npmjs.org/@tailwindcss%2foxide-darwin-arm64 86618ms (cache miss)
435 silly packumentCache full:https://registry.npmjs.org/@tailwindcss%2foxide-darwin-arm64 set size:undefined disposed:false
436 http fetch GET 200 https://registry.npmjs.org/@tailwindcss%2foxide-linux-arm64-musl 76653ms (cache miss)
437 silly packumentCache full:https://registry.npmjs.org/@tailwindcss%2foxide-linux-arm64-musl set size:undefined disposed:false
438 http fetch GET 200 https://registry.npmjs.org/@tailwindcss%2foxide-linux-arm64-gnu 131445ms (cache miss)
439 silly packumentCache full:https://registry.npmjs.org/@tailwindcss%2foxide-linux-arm64-gnu set size:undefined disposed:false
440 silly placeDep ROOT @jridgewell/remapping@2.3.5 OK for: @tailwindcss/node@4.3.3 want: ^2.3.5
441 silly placeDep ROOT enhanced-resolve@5.24.5 OK for: @tailwindcss/node@4.3.3 want: ^5.24.1
442 silly placeDep ROOT jiti@2.7.0 OK for: @tailwindcss/node@4.3.3 want: ^2.7.0
443 silly placeDep ROOT lightningcss@1.32.0 OK for: @tailwindcss/node@4.3.3 want: 1.32.0
444 silly placeDep ROOT magic-string@0.30.21 OK for: @tailwindcss/node@4.3.3 want: ^0.30.21
445 silly placeDep ROOT source-map-js@1.2.1 OK for: @tailwindcss/node@4.3.3 want: ^1.2.1
446 silly fetch manifest @jridgewell/gen-mapping@^0.3.5
447 silly packumentCache full:https://registry.npmjs.org/@jridgewell%2fgen-mapping cache-miss
448 silly fetch manifest @jridgewell/trace-mapping@^0.3.24
449 silly packumentCache full:https://registry.npmjs.org/@jridgewell%2ftrace-mapping cache-miss
450 silly fetch manifest tapable@^2.3.3
451 silly packumentCache full:https://registry.npmjs.org/tapable cache-miss
452 silly fetch manifest graceful-fs@^4.2.4
453 silly packumentCache full:https://registry.npmjs.org/graceful-fs cache-miss
454 silly fetch manifest detect-libc@^2.0.3
455 silly packumentCache full:https://registry.npmjs.org/detect-libc cache-miss
456 silly fetch manifest lightningcss-darwin-x64@1.32.0
457 silly packumentCache full:https://registry.npmjs.org/lightningcss-darwin-x64 cache-miss
458 silly fetch manifest lightningcss-freebsd-x64@1.32.0
459 silly packumentCache full:https://registry.npmjs.org/lightningcss-freebsd-x64 cache-miss
460 silly fetch manifest lightningcss-darwin-arm64@1.32.0
461 silly packumentCache full:https://registry.npmjs.org/lightningcss-darwin-arm64 cache-miss
462 silly fetch manifest lightningcss-android-arm64@1.32.0
463 silly packumentCache full:https://registry.npmjs.org/lightningcss-android-arm64 cache-miss
464 silly fetch manifest lightningcss-linux-x64-gnu@1.32.0
465 silly packumentCache full:https://registry.npmjs.org/lightningcss-linux-x64-gnu cache-miss
466 silly fetch manifest lightningcss-linux-x64-musl@1.32.0
467 silly packumentCache full:https://registry.npmjs.org/lightningcss-linux-x64-musl cache-miss
468 http cache https://registry.npmjs.org/@jridgewell%2fgen-mapping 104ms (cache hit)
469 silly packumentCache full:https://registry.npmjs.org/@jridgewell%2fgen-mapping set size:75941 disposed:false
470 silly fetch manifest lightningcss-win32-x64-msvc@1.32.0
471 silly packumentCache full:https://registry.npmjs.org/lightningcss-win32-x64-msvc cache-miss
472 http cache https://registry.npmjs.org/@jridgewell%2ftrace-mapping 112ms (cache hit)
473 silly packumentCache full:https://registry.npmjs.org/@jridgewell%2ftrace-mapping set size:170909 disposed:false
474 silly fetch manifest lightningcss-linux-arm64-gnu@1.32.0
475 silly packumentCache full:https://registry.npmjs.org/lightningcss-linux-arm64-gnu cache-miss
476 http cache https://registry.npmjs.org/lightningcss-freebsd-x64 113ms (cache hit)
477 silly packumentCache full:https://registry.npmjs.org/lightningcss-freebsd-x64 set size:44564 disposed:false
478 silly fetch manifest lightningcss-linux-arm64-musl@1.32.0
479 silly packumentCache full:https://registry.npmjs.org/lightningcss-linux-arm64-musl cache-miss
480 http cache https://registry.npmjs.org/graceful-fs 118ms (cache hit)
481 silly packumentCache full:https://registry.npmjs.org/graceful-fs set size:124285 disposed:false
482 silly fetch manifest lightningcss-win32-arm64-msvc@1.32.0
483 silly packumentCache full:https://registry.npmjs.org/lightningcss-win32-arm64-msvc cache-miss
484 http cache https://registry.npmjs.org/tapable 125ms (cache hit)
485 silly packumentCache full:https://registry.npmjs.org/tapable set size:141233 disposed:false
486 silly fetch manifest lightningcss-linux-arm-gnueabihf@1.32.0
487 silly packumentCache full:https://registry.npmjs.org/lightningcss-linux-arm-gnueabihf cache-miss
488 http cache https://registry.npmjs.org/lightningcss-darwin-x64 127ms (cache hit)
489 silly packumentCache full:https://registry.npmjs.org/lightningcss-darwin-x64 set size:80374 disposed:false
490 silly fetch manifest @jridgewell/sourcemap-codec@^1.5.5
491 silly packumentCache full:https://registry.npmjs.org/@jridgewell%2fsourcemap-codec cache-miss
492 http cache https://registry.npmjs.org/detect-libc 132ms (cache hit)
493 silly packumentCache full:https://registry.npmjs.org/detect-libc set size:47861 disposed:false
494 http cache https://registry.npmjs.org/lightningcss-android-arm64 132ms (cache hit)
495 silly packumentCache full:https://registry.npmjs.org/lightningcss-android-arm64 set size:9371 disposed:false
496 http cache https://registry.npmjs.org/lightningcss-darwin-arm64 134ms (cache hit)
497 silly packumentCache full:https://registry.npmjs.org/lightningcss-darwin-arm64 set size:80970 disposed:false
498 http cache https://registry.npmjs.org/lightningcss-linux-x64-gnu 135ms (cache hit)
499 silly packumentCache full:https://registry.npmjs.org/lightningcss-linux-x64-gnu set size:81819 disposed:false
500 http cache https://registry.npmjs.org/lightningcss-linux-x64-musl 133ms (cache hit)
501 silly packumentCache full:https://registry.npmjs.org/lightningcss-linux-x64-musl set size:82032 disposed:false
502 http cache https://registry.npmjs.org/lightningcss-win32-x64-msvc 70ms (cache hit)
503 silly packumentCache full:https://registry.npmjs.org/lightningcss-win32-x64-msvc set size:81347 disposed:false
504 http cache https://registry.npmjs.org/lightningcss-linux-arm64-gnu 67ms (cache hit)
505 silly packumentCache full:https://registry.npmjs.org/lightningcss-linux-arm64-gnu set size:82397 disposed:false
506 http cache https://registry.npmjs.org/lightningcss-linux-arm64-musl 70ms (cache hit)
507 silly packumentCache full:https://registry.npmjs.org/lightningcss-linux-arm64-musl set size:82617 disposed:false
508 http cache https://registry.npmjs.org/lightningcss-linux-arm-gnueabihf 62ms (cache hit)
509 silly packumentCache full:https://registry.npmjs.org/lightningcss-linux-arm-gnueabihf set size:82635 disposed:false
510 http cache https://registry.npmjs.org/lightningcss-win32-arm64-msvc 69ms (cache hit)
511 silly packumentCache full:https://registry.npmjs.org/lightningcss-win32-arm64-msvc set size:28346 disposed:false
512 http cache https://registry.npmjs.org/@jridgewell%2fsourcemap-codec 62ms (cache hit)
513 silly packumentCache full:https://registry.npmjs.org/@jridgewell%2fsourcemap-codec set size:51856 disposed:false
514 silly placeDep ROOT @jridgewell/gen-mapping@0.3.13 OK for: @jridgewell/remapping@2.3.5 want: ^0.3.5
515 silly placeDep ROOT @jridgewell/trace-mapping@0.3.31 OK for: @jridgewell/remapping@2.3.5 want: ^0.3.24
516 silly fetch manifest @jridgewell/sourcemap-codec@^1.5.0
517 silly packumentCache full:https://registry.npmjs.org/@jridgewell%2fsourcemap-codec cache-hit
518 silly fetch manifest @jridgewell/resolve-uri@^3.1.0
519 silly packumentCache full:https://registry.npmjs.org/@jridgewell%2fresolve-uri cache-miss
520 silly fetch manifest @jridgewell/sourcemap-codec@^1.4.14
521 silly packumentCache full:https://registry.npmjs.org/@jridgewell%2fsourcemap-codec cache-hit
522 http cache https://registry.npmjs.org/@jridgewell%2fresolve-uri 24ms (cache hit)
523 silly packumentCache full:https://registry.npmjs.org/@jridgewell%2fresolve-uri set size:57361 disposed:false
524 silly placeDep ROOT @jridgewell/sourcemap-codec@1.5.5 OK for: @jridgewell/gen-mapping@0.3.13 want: ^1.5.0
525 silly placeDep ROOT @jridgewell/resolve-uri@3.1.2 OK for: @jridgewell/trace-mapping@0.3.31 want: ^3.1.0
526 silly placeDep ROOT @tailwindcss/oxide-android-arm64@4.3.3 OK for: @tailwindcss/oxide@4.3.3 want: 4.3.3
527 silly placeDep ROOT @tailwindcss/oxide-darwin-arm64@4.3.3 OK for: @tailwindcss/oxide@4.3.3 want: 4.3.3
528 silly placeDep ROOT @tailwindcss/oxide-darwin-x64@4.3.3 OK for: @tailwindcss/oxide@4.3.3 want: 4.3.3
529 silly placeDep ROOT @tailwindcss/oxide-freebsd-x64@4.3.3 OK for: @tailwindcss/oxide@4.3.3 want: 4.3.3
530 silly placeDep ROOT @tailwindcss/oxide-linux-arm-gnueabihf@4.3.3 OK for: @tailwindcss/oxide@4.3.3 want: 4.3.3
531 silly placeDep ROOT @tailwindcss/oxide-linux-arm64-gnu@4.3.3 OK for: @tailwindcss/oxide@4.3.3 want: 4.3.3
532 silly placeDep ROOT @tailwindcss/oxide-linux-arm64-musl@4.3.3 OK for: @tailwindcss/oxide@4.3.3 want: 4.3.3
533 silly placeDep ROOT @tailwindcss/oxide-linux-x64-gnu@4.3.3 OK for: @tailwindcss/oxide@4.3.3 want: 4.3.3
534 silly placeDep ROOT @tailwindcss/oxide-linux-x64-musl@4.3.3 OK for: @tailwindcss/oxide@4.3.3 want: 4.3.3
535 silly placeDep ROOT @tailwindcss/oxide-wasm32-wasi@4.3.3 OK for: @tailwindcss/oxide@4.3.3 want: 4.3.3
536 silly placeDep ROOT @tailwindcss/oxide-win32-arm64-msvc@4.3.3 OK for: @tailwindcss/oxide@4.3.3 want: 4.3.3
537 silly placeDep ROOT @tailwindcss/oxide-win32-x64-msvc@4.3.3 OK for: @tailwindcss/oxide@4.3.3 want: 4.3.3
538 silly placeDep ROOT undici-types@6.21.0 OK for: @types/node@20.19.43 want: ~6.21.0
539 silly placeDep ROOT csstype@3.2.3 OK for: @types/react@19.2.18 want: ^3.2.2
540 silly placeDep ROOT graceful-fs@4.2.11 OK for: enhanced-resolve@5.24.5 want: ^4.2.4
541 silly placeDep ROOT tapable@2.3.3 OK for: enhanced-resolve@5.24.5 want: ^2.3.3
542 silly fetch manifest eslint@^6.0.0 || ^7.0.0 || >=8.0.0
543 silly packumentCache full:https://registry.npmjs.org/eslint cache-miss
544 http cache https://registry.npmjs.org/eslint 26ms (cache hit)
545 silly packumentCache full:https://registry.npmjs.org/eslint set size:2070000 disposed:false
546 silly placeDep ROOT @eslint-community/eslint-utils@4.10.1 OK for: eslint@9.39.5 want: ^4.8.0
547 silly placeDep ROOT @eslint-community/regexpp@4.12.2 OK for: eslint@9.39.5 want: ^4.12.1
548 silly placeDep ROOT @eslint/config-array@0.21.2 OK for: eslint@9.39.5 want: ^0.21.2
549 silly placeDep ROOT @eslint/config-helpers@0.4.2 OK for: eslint@9.39.5 want: ^0.4.2
550 silly placeDep ROOT @eslint/core@0.17.0 OK for: eslint@9.39.5 want: ^0.17.0
551 silly placeDep ROOT @eslint/eslintrc@3.3.6 OK for: eslint@9.39.5 want: ^3.3.6
552 silly placeDep ROOT @eslint/js@9.39.5 OK for: eslint@9.39.5 want: 9.39.5
553 silly placeDep ROOT @eslint/plugin-kit@0.4.1 OK for: eslint@9.39.5 want: ^0.4.1
554 silly placeDep ROOT @humanfs/node@0.16.8 OK for: eslint@9.39.5 want: ^0.16.6
555 silly placeDep ROOT @humanwhocodes/module-importer@1.0.1 OK for: eslint@9.39.5 want: ^1.0.1
556 silly placeDep ROOT @humanwhocodes/retry@0.4.3 OK for: eslint@9.39.5 want: ^0.4.2
557 silly placeDep ROOT @types/estree@1.0.9 OK for: eslint@9.39.5 want: ^1.0.6
558 silly placeDep ROOT ajv@6.15.0 OK for: eslint@9.39.5 want: ^6.14.0
559 silly placeDep ROOT chalk@4.1.2 OK for: eslint@9.39.5 want: ^4.0.0
560 silly placeDep ROOT cross-spawn@7.0.6 OK for: eslint@9.39.5 want: ^7.0.6
561 silly placeDep ROOT debug@4.4.3 OK for: eslint@9.39.5 want: ^4.3.2
562 silly placeDep ROOT escape-string-regexp@4.0.0 OK for: eslint@9.39.5 want: ^4.0.0
563 silly placeDep ROOT eslint-scope@8.4.0 OK for: eslint@9.39.5 want: ^8.4.0
564 silly placeDep ROOT eslint-visitor-keys@4.2.1 OK for: eslint@9.39.5 want: ^4.2.1
565 silly placeDep ROOT espree@10.4.0 OK for: eslint@9.39.5 want: ^10.4.0
566 silly placeDep ROOT esquery@1.7.0 OK for: eslint@9.39.5 want: ^1.5.0
567 silly placeDep ROOT esutils@2.0.3 OK for: eslint@9.39.5 want: ^2.0.2
568 silly placeDep ROOT fast-deep-equal@3.1.3 OK for: eslint@9.39.5 want: ^3.1.3
569 silly placeDep ROOT file-entry-cache@8.0.0 OK for: eslint@9.39.5 want: ^8.0.0
570 silly placeDep ROOT find-up@5.0.0 OK for: eslint@9.39.5 want: ^5.0.0
571 silly placeDep ROOT glob-parent@6.0.2 OK for: eslint@9.39.5 want: ^6.0.2
572 silly placeDep ROOT ignore@5.3.2 OK for: eslint@9.39.5 want: ^5.2.0
573 silly placeDep ROOT imurmurhash@0.1.4 OK for: eslint@9.39.5 want: ^0.1.4
574 silly placeDep ROOT is-glob@4.0.3 OK for: eslint@9.39.5 want: ^4.0.0
575 silly placeDep ROOT json-stable-stringify-without-jsonify@1.0.1 OK for: eslint@9.39.5 want: ^1.0.1
576 silly placeDep ROOT lodash.merge@4.6.2 OK for: eslint@9.39.5 want: ^4.6.2
577 silly placeDep ROOT minimatch@3.1.5 OK for: eslint@9.39.5 want: ^3.1.5
578 silly placeDep ROOT natural-compare@1.4.0 OK for: eslint@9.39.5 want: ^1.4.0
579 silly placeDep ROOT optionator@0.9.4 OK for: eslint@9.39.5 want: ^0.9.3
580 silly fetch manifest eslint-visitor-keys@^3.4.3
581 silly packumentCache full:https://registry.npmjs.org/eslint-visitor-keys cache-hit
582 silly fetch manifest debug@^4.3.1
583 silly packumentCache full:https://registry.npmjs.org/debug cache-hit
584 silly fetch manifest @eslint/object-schema@^2.1.7
585 silly packumentCache full:https://registry.npmjs.org/@eslint%2fobject-schema cache-miss
586 silly fetch manifest @types/json-schema@^7.0.15
587 silly packumentCache full:https://registry.npmjs.org/@types%2fjson-schema cache-miss
588 silly fetch manifest espree@^10.0.1
589 silly packumentCache full:https://registry.npmjs.org/espree cache-hit
590 silly fetch manifest globals@^14.0.0
591 silly packumentCache full:https://registry.npmjs.org/globals cache-miss
592 silly fetch manifest import-fresh@^3.2.1
593 silly packumentCache full:https://registry.npmjs.org/import-fresh cache-miss
594 silly fetch manifest js-yaml@^4.3.0
595 silly packumentCache full:https://registry.npmjs.org/js-yaml cache-miss
596 silly fetch manifest strip-json-comments@^3.1.1
597 silly packumentCache full:https://registry.npmjs.org/strip-json-comments cache-miss
598 silly fetch manifest levn@^0.4.1
599 silly packumentCache full:https://registry.npmjs.org/levn cache-miss
600 silly fetch manifest @humanwhocodes/retry@^0.4.0
601 silly packumentCache full:https://registry.npmjs.org/@humanwhocodes%2fretry cache-hit
602 silly fetch manifest @humanfs/core@^0.19.2
603 silly packumentCache full:https://registry.npmjs.org/@humanfs%2fcore cache-miss
604 silly fetch manifest @humanfs/types@^0.15.0
605 silly packumentCache full:https://registry.npmjs.org/@humanfs%2ftypes cache-miss
606 silly fetch manifest uri-js@^4.2.2
607 silly packumentCache full:https://registry.npmjs.org/uri-js cache-miss
608 silly fetch manifest fast-deep-equal@^3.1.1
609 silly packumentCache full:https://registry.npmjs.org/fast-deep-equal cache-hit
610 silly fetch manifest json-schema-traverse@^0.4.1
611 silly packumentCache full:https://registry.npmjs.org/json-schema-traverse cache-miss
612 http cache https://registry.npmjs.org/import-fresh 197ms (cache hit)
613 silly packumentCache full:https://registry.npmjs.org/import-fresh set size:24604 disposed:false
614 silly fetch manifest fast-json-stable-stringify@^2.0.0
615 silly packumentCache full:https://registry.npmjs.org/fast-json-stable-stringify cache-miss
616 http cache https://registry.npmjs.org/@types%2fjson-schema 223ms (cache hit)
617 silly packumentCache full:https://registry.npmjs.org/@types%2fjson-schema set size:44704 disposed:false
618 silly fetch manifest ansi-styles@^4.1.0
619 silly packumentCache full:https://registry.npmjs.org/ansi-styles cache-miss
620 http cache https://registry.npmjs.org/js-yaml 218ms (cache hit)
621 silly packumentCache full:https://registry.npmjs.org/js-yaml set size:185699 disposed:false
622 silly fetch manifest supports-color@^7.1.0
623 silly packumentCache full:https://registry.npmjs.org/supports-color cache-miss
624 http cache https://registry.npmjs.org/@eslint%2fobject-schema 257ms (cache hit)
625 silly packumentCache full:https://registry.npmjs.org/@eslint%2fobject-schema set size:38535 disposed:false
626 silly fetch manifest which@^2.0.1
627 silly packumentCache full:https://registry.npmjs.org/which cache-miss
628 http cache https://registry.npmjs.org/strip-json-comments 251ms (cache hit)
629 silly packumentCache full:https://registry.npmjs.org/strip-json-comments set size:43569 disposed:false
630 silly fetch manifest path-key@^3.1.0
631 silly packumentCache full:https://registry.npmjs.org/path-key cache-miss
632 http cache https://registry.npmjs.org/globals 276ms (cache hit)
633 silly packumentCache full:https://registry.npmjs.org/globals set size:335107 disposed:false
634 silly fetch manifest shebang-command@^2.0.0
635 silly packumentCache full:https://registry.npmjs.org/shebang-command cache-miss
636 http cache https://registry.npmjs.org/@humanfs%2ftypes 293ms (cache hit)
637 silly packumentCache full:https://registry.npmjs.org/@humanfs%2ftypes set size:19212 disposed:false
638 silly fetch manifest ms@^2.1.3
639 silly packumentCache full:https://registry.npmjs.org/ms cache-miss
640 http cache https://registry.npmjs.org/uri-js 303ms (cache hit)
641 silly packumentCache full:https://registry.npmjs.org/uri-js set size:42559 disposed:false
642 silly fetch manifest esrecurse@^4.3.0
643 silly packumentCache full:https://registry.npmjs.org/esrecurse cache-miss
644 http cache https://registry.npmjs.org/@humanfs%2fcore 324ms (cache hit)
645 silly packumentCache full:https://registry.npmjs.org/@humanfs%2fcore set size:37261 disposed:false
646 silly fetch manifest estraverse@^5.2.0
647 silly packumentCache full:https://registry.npmjs.org/estraverse cache-miss
648 http cache https://registry.npmjs.org/json-schema-traverse 324ms (cache hit)
649 silly packumentCache full:https://registry.npmjs.org/json-schema-traverse set size:23537 disposed:false
650 silly fetch manifest acorn@^8.15.0
651 silly packumentCache full:https://registry.npmjs.org/acorn cache-miss
652 http cache https://registry.npmjs.org/levn 348ms (cache hit)
653 silly packumentCache full:https://registry.npmjs.org/levn set size:28223 disposed:false
654 silly fetch manifest acorn-jsx@^5.3.2
655 silly packumentCache full:https://registry.npmjs.org/acorn-jsx cache-miss
656 http cache https://registry.npmjs.org/ansi-styles 289ms (cache hit)
657 silly packumentCache full:https://registry.npmjs.org/ansi-styles set size:71772 disposed:false
658 silly fetch manifest estraverse@^5.1.0
659 silly packumentCache full:https://registry.npmjs.org/estraverse cache-miss
660 http cache https://registry.npmjs.org/fast-json-stable-stringify 318ms (cache hit)
661 silly packumentCache full:https://registry.npmjs.org/fast-json-stable-stringify set size:11337 disposed:false
662 silly fetch manifest flat-cache@^4.0.0
663 silly packumentCache full:https://registry.npmjs.org/flat-cache cache-miss
664 http cache https://registry.npmjs.org/path-key 277ms (cache hit)
665 silly packumentCache full:https://registry.npmjs.org/path-key set size:16975 disposed:false
666 silly fetch manifest locate-path@^6.0.0
667 silly packumentCache full:https://registry.npmjs.org/locate-path cache-miss
668 http cache https://registry.npmjs.org/shebang-command 250ms (cache hit)
669 silly packumentCache full:https://registry.npmjs.org/shebang-command set size:8525 disposed:false
670 silly fetch manifest path-exists@^4.0.0
671 silly packumentCache full:https://registry.npmjs.org/path-exists cache-miss
672 http cache https://registry.npmjs.org/ms 241ms (cache hit)
673 silly packumentCache full:https://registry.npmjs.org/ms set size:92208 disposed:false
674 silly fetch manifest is-glob@^4.0.3
675 silly packumentCache full:https://registry.npmjs.org/is-glob cache-hit
676 silly fetch manifest is-extglob@^2.1.1
677 silly packumentCache full:https://registry.npmjs.org/is-extglob cache-miss
678 http cache https://registry.npmjs.org/esrecurse 241ms (cache hit)
679 silly packumentCache full:https://registry.npmjs.org/esrecurse set size:29005 disposed:false
680 silly fetch manifest brace-expansion@^1.1.7
681 silly packumentCache full:https://registry.npmjs.org/brace-expansion cache-miss
682 http cache https://registry.npmjs.org/which 326ms (cache hit)
683 silly packumentCache full:https://registry.npmjs.org/which set size:70087 disposed:false
684 silly fetch manifest prelude-ls@^1.2.1
685 silly packumentCache full:https://registry.npmjs.org/prelude-ls cache-miss
686 http cache https://registry.npmjs.org/supports-color 350ms (cache hit)
687 silly packumentCache full:https://registry.npmjs.org/supports-color set size:124169 disposed:false
688 silly fetch manifest deep-is@^0.1.3
689 silly packumentCache full:https://registry.npmjs.org/deep-is cache-miss
690 http cache https://registry.npmjs.org/acorn 252ms (cache hit)
691 silly packumentCache full:https://registry.npmjs.org/acorn set size:383439 disposed:false
692 silly fetch manifest word-wrap@^1.2.5
693 silly packumentCache full:https://registry.npmjs.org/word-wrap cache-miss
694 http cache https://registry.npmjs.org/estraverse 277ms (cache hit)
695 silly packumentCache full:https://registry.npmjs.org/estraverse set size:62412 disposed:false
696 silly fetch manifest type-check@^0.4.0
697 silly packumentCache full:https://registry.npmjs.org/type-check cache-miss
698 http cache https://registry.npmjs.org/acorn-jsx 272ms (cache hit)
699 silly packumentCache full:https://registry.npmjs.org/acorn-jsx set size:71068 disposed:false
700 silly fetch manifest fast-levenshtein@^2.0.6
701 silly packumentCache full:https://registry.npmjs.org/fast-levenshtein cache-miss
702 http cache https://registry.npmjs.org/flat-cache 198ms (cache hit)
703 silly packumentCache full:https://registry.npmjs.org/flat-cache set size:160097 disposed:false
704 http cache https://registry.npmjs.org/estraverse 238ms (cache hit)
705 silly packumentCache full:https://registry.npmjs.org/estraverse set size:62412 disposed:false
706 silly packumentCache full:https://registry.npmjs.org/estraverse dispose
707 http cache https://registry.npmjs.org/path-exists 229ms (cache hit)
708 silly packumentCache full:https://registry.npmjs.org/path-exists set size:13704 disposed:false
709 http cache https://registry.npmjs.org/brace-expansion 214ms (cache hit)
710 silly packumentCache full:https://registry.npmjs.org/brace-expansion set size:101024 disposed:false
711 http cache https://registry.npmjs.org/locate-path 263ms (cache hit)
712 silly packumentCache full:https://registry.npmjs.org/locate-path set size:31329 disposed:false
713 http cache https://registry.npmjs.org/is-extglob 251ms (cache hit)
714 silly packumentCache full:https://registry.npmjs.org/is-extglob set size:11766 disposed:false
715 http cache https://registry.npmjs.org/deep-is 227ms (cache hit)
716 silly packumentCache full:https://registry.npmjs.org/deep-is set size:10205 disposed:false
717 http cache https://registry.npmjs.org/prelude-ls 243ms (cache hit)
718 silly packumentCache full:https://registry.npmjs.org/prelude-ls set size:25777 disposed:false
719 http cache https://registry.npmjs.org/word-wrap 220ms (cache hit)
720 silly packumentCache full:https://registry.npmjs.org/word-wrap set size:37835 disposed:false
721 http cache https://registry.npmjs.org/type-check 223ms (cache hit)
722 silly packumentCache full:https://registry.npmjs.org/type-check set size:21221 disposed:false
723 http cache https://registry.npmjs.org/fast-levenshtein 217ms (cache hit)
724 silly packumentCache full:https://registry.npmjs.org/fast-levenshtein set size:39317 disposed:false
725 silly placeDep node_modules/@eslint-community/eslint-utils eslint-visitor-keys@3.4.3 OK for: @eslint-community/eslint-utils@4.10.1 want: ^3.4.3
726 silly placeDep ROOT @eslint/object-schema@2.1.7 OK for: @eslint/config-array@0.21.2 want: ^2.1.7
727 silly placeDep ROOT @types/json-schema@7.0.15 OK for: @eslint/core@0.17.0 want: ^7.0.15
728 silly placeDep ROOT globals@14.0.0 OK for: @eslint/eslintrc@3.3.6 want: ^14.0.0
729 silly placeDep ROOT import-fresh@3.3.1 OK for: @eslint/eslintrc@3.3.6 want: ^3.2.1
730 silly placeDep ROOT js-yaml@4.3.1 OK for: @eslint/eslintrc@3.3.6 want: ^4.3.0
731 silly placeDep ROOT strip-json-comments@3.1.1 OK for: @eslint/eslintrc@3.3.6 want: ^3.1.1
732 silly fetch manifest resolve-from@^4.0.0
733 silly packumentCache full:https://registry.npmjs.org/resolve-from cache-miss
734 silly fetch manifest parent-module@^1.0.0
735 silly packumentCache full:https://registry.npmjs.org/parent-module cache-miss
736 silly fetch manifest argparse@^2.0.1
737 silly packumentCache full:https://registry.npmjs.org/argparse cache-miss
738 http cache https://registry.npmjs.org/resolve-from 179ms (cache hit)
739 silly packumentCache full:https://registry.npmjs.org/resolve-from set size:12911 disposed:false
740 http cache https://registry.npmjs.org/parent-module 179ms (cache hit)
741 silly packumentCache full:https://registry.npmjs.org/parent-module set size:18255 disposed:false
742 http cache https://registry.npmjs.org/argparse 179ms (cache hit)
743 silly packumentCache full:https://registry.npmjs.org/argparse set size:53174 disposed:false
744 silly placeDep ROOT levn@0.4.1 OK for: @eslint/plugin-kit@0.4.1 want: ^0.4.1
745 silly fetch manifest type-check@~0.4.0
746 silly packumentCache full:https://registry.npmjs.org/type-check cache-hit
747 silly placeDep ROOT @humanfs/core@0.19.2 OK for: @humanfs/node@0.16.8 want: ^0.19.2
748 silly placeDep ROOT @humanfs/types@0.15.0 OK for: @humanfs/node@0.16.8 want: ^0.15.0
749 silly placeDep ROOT fast-json-stable-stringify@2.1.0 OK for: ajv@6.15.0 want: ^2.0.0
750 silly placeDep ROOT json-schema-traverse@0.4.1 OK for: ajv@6.15.0 want: ^0.4.1
751 silly placeDep ROOT uri-js@4.4.1 OK for: ajv@6.15.0 want: ^4.2.2
752 silly fetch manifest punycode@^2.1.0
753 silly packumentCache full:https://registry.npmjs.org/punycode cache-miss
754 http cache https://registry.npmjs.org/punycode 85ms (cache hit)
755 silly packumentCache full:https://registry.npmjs.org/punycode set size:61278 disposed:false
756 silly placeDep ROOT ansi-styles@4.3.0 OK for: chalk@4.1.2 want: ^4.1.0
757 silly placeDep ROOT supports-color@7.2.0 OK for: chalk@4.1.2 want: ^7.1.0
758 silly fetch manifest color-convert@^2.0.1
759 silly packumentCache full:https://registry.npmjs.org/color-convert cache-miss
760 silly fetch manifest has-flag@^4.0.0
761 silly packumentCache full:https://registry.npmjs.org/has-flag cache-miss
762 http cache https://registry.npmjs.org/color-convert 116ms (cache hit)
763 silly packumentCache full:https://registry.npmjs.org/color-convert set size:72663 disposed:false
764 http cache https://registry.npmjs.org/has-flag 103ms (cache hit)
765 silly packumentCache full:https://registry.npmjs.org/has-flag set size:15180 disposed:false
766 silly placeDep ROOT color-convert@2.0.1 OK for: ansi-styles@4.3.0 want: ^2.0.1
767 silly fetch manifest color-name@~1.1.4
768 silly packumentCache full:https://registry.npmjs.org/color-name cache-miss
769 http cache https://registry.npmjs.org/color-name 44ms (cache hit)
770 silly packumentCache full:https://registry.npmjs.org/color-name set size:20968 disposed:false
771 silly placeDep ROOT color-name@1.1.4 OK for: color-convert@2.0.1 want: ~1.1.4
772 silly placeDep ROOT path-key@3.1.1 OK for: cross-spawn@7.0.6 want: ^3.1.0
773 silly placeDep ROOT shebang-command@2.0.0 OK for: cross-spawn@7.0.6 want: ^2.0.0
774 silly placeDep ROOT which@2.0.2 OK for: cross-spawn@7.0.6 want: ^2.0.1
775 silly fetch manifest shebang-regex@^3.0.0
776 silly packumentCache full:https://registry.npmjs.org/shebang-regex cache-miss
777 silly fetch manifest isexe@^2.0.0
778 silly packumentCache full:https://registry.npmjs.org/isexe cache-miss
779 http cache https://registry.npmjs.org/shebang-regex 56ms (cache hit)
780 silly packumentCache full:https://registry.npmjs.org/shebang-regex set size:9763 disposed:false
781 http cache https://registry.npmjs.org/isexe 64ms (cache hit)
782 silly packumentCache full:https://registry.npmjs.org/isexe set size:31756 disposed:false
783 silly placeDep ROOT ms@2.1.3 OK for: debug@4.4.3 want: ^2.1.3
784 silly fetch manifest eslint@>=9.0.0
785 silly packumentCache full:https://registry.npmjs.org/eslint cache-miss
786 http cache https://registry.npmjs.org/eslint 60ms (cache hit)
787 silly packumentCache full:https://registry.npmjs.org/eslint set size:2070000 disposed:false
788 silly fetch manifest typescript@>=3.3.1
789 silly packumentCache full:https://registry.npmjs.org/typescript cache-miss
790 http cache https://registry.npmjs.org/typescript 134ms (cache hit)
791 silly packumentCache full:https://registry.npmjs.org/typescript set size:15597675 disposed:false
792 silly fetch manifest typescript@>=4.8.4 <6.1.0
793 silly packumentCache full:https://registry.npmjs.org/typescript cache-miss
794 http cache https://registry.npmjs.org/typescript 106ms (cache hit)
795 silly packumentCache full:https://registry.npmjs.org/typescript set size:15597675 disposed:false
796 silly fetch manifest eslint@^3 || ^4 || ^5 || ^6 || ^7 || ^8 || ^9.7
797 silly packumentCache full:https://registry.npmjs.org/eslint cache-miss
798 http cache https://registry.npmjs.org/eslint 53ms (cache hit)
799 silly packumentCache full:https://registry.npmjs.org/eslint set size:2070000 disposed:false
800 silly fetch manifest eslint@^2 || ^3 || ^4 || ^5 || ^6 || ^7.2.0 || ^8 || ^9
801 silly packumentCache full:https://registry.npmjs.org/eslint cache-miss
802 http cache https://registry.npmjs.org/eslint 109ms (cache hit)
803 silly packumentCache full:https://registry.npmjs.org/eslint set size:2070000 disposed:false
804 silly fetch manifest eslint@^3 || ^4 || ^5 || ^6 || ^7 || ^8 || ^9
805 silly packumentCache full:https://registry.npmjs.org/eslint cache-miss
806 http cache https://registry.npmjs.org/eslint 111ms (cache hit)
807 silly packumentCache full:https://registry.npmjs.org/eslint set size:2070000 disposed:false
808 silly fetch manifest eslint-plugin-import-x@*
809 silly packumentCache full:https://registry.npmjs.org/eslint-plugin-import-x cache-miss
810 http cache https://registry.npmjs.org/eslint-plugin-import-x 129ms (cache hit)
811 silly packumentCache full:https://registry.npmjs.org/eslint-plugin-import-x set size:276235 disposed:false
812 silly fetch manifest @typescript-eslint/utils@^8.56.0
813 silly packumentCache full:https://registry.npmjs.org/@typescript-eslint%2futils cache-miss
814 http fetch GET 200 https://registry.npmjs.org/@typescript-eslint%2futils 138990ms (cache miss)
815 silly packumentCache full:https://registry.npmjs.org/@typescript-eslint%2futils set size:undefined disposed:false
816 silly placeDep ROOT @next/eslint-plugin-next@16.3.3 OK for: eslint-config-next@16.3.3 want: 16.3.3
817 silly placeDep ROOT eslint-import-resolver-node@0.3.10 OK for: eslint-config-next@16.3.3 want: ^0.3.6
818 silly placeDep ROOT eslint-import-resolver-typescript@3.10.1 OK for: eslint-config-next@16.3.3 want: ^3.5.2
819 silly placeDep ROOT eslint-plugin-import@2.32.0 OK for: eslint-config-next@16.3.3 want: ^2.32.0
820 silly placeDep ROOT eslint-plugin-jsx-a11y@6.10.2 OK for: eslint-config-next@16.3.3 want: ^6.10.0
821 silly placeDep ROOT eslint-plugin-react@7.37.5 OK for: eslint-config-next@16.3.3 want: ^7.37.0
822 silly placeDep ROOT eslint-plugin-react-hooks@7.1.1 OK for: eslint-config-next@16.3.3 want: ^7.0.0
823 silly placeDep node_modules/eslint-config-next globals@16.4.0 OK for: eslint-config-next@16.3.3 want: 16.4.0
824 silly placeDep ROOT typescript-eslint@8.68.0 OK for: eslint-config-next@16.3.3 want: ^8.46.0
825 silly fetch manifest fast-glob@3.3.1
826 silly packumentCache full:https://registry.npmjs.org/fast-glob cache-miss
827 silly fetch manifest @eslint-community/eslint-utils@4.9.1
828 silly packumentCache full:https://registry.npmjs.org/@eslint-community%2feslint-utils cache-hit
829 silly fetch manifest debug@^3.2.7
830 silly packumentCache full:https://registry.npmjs.org/debug cache-hit
831 silly fetch manifest resolve@^2.0.0-next.6
832 silly packumentCache full:https://registry.npmjs.org/resolve cache-miss
833 silly fetch manifest is-core-module@^2.16.1
834 silly packumentCache full:https://registry.npmjs.org/is-core-module cache-miss
835 silly fetch manifest tinyglobby@^0.2.13
836 silly packumentCache full:https://registry.npmjs.org/tinyglobby cache-miss
837 silly fetch manifest stable-hash@^0.0.5
838 silly packumentCache full:https://registry.npmjs.org/stable-hash cache-miss
839 silly fetch manifest get-tsconfig@^4.10.0
840 silly packumentCache full:https://registry.npmjs.org/get-tsconfig cache-miss
841 silly fetch manifest is-bun-module@^2.0.0
842 silly packumentCache full:https://registry.npmjs.org/is-bun-module cache-miss
843 silly fetch manifest unrs-resolver@^1.6.2
844 silly packumentCache full:https://registry.npmjs.org/unrs-resolver cache-miss
845 silly fetch manifest @nolyfill/is-core-module@1.0.39
846 silly packumentCache full:https://registry.npmjs.org/@nolyfill%2fis-core-module cache-miss
847 silly fetch manifest @rtsao/scc@^1.1.0
848 silly packumentCache full:https://registry.npmjs.org/@rtsao%2fscc cache-miss
849 silly fetch manifest array-includes@^3.1.9
850 silly packumentCache full:https://registry.npmjs.org/array-includes cache-miss
851 http fetch GET 200 https://registry.npmjs.org/@nolyfill%2fis-core-module 369ms (cache miss)
852 silly packumentCache full:https://registry.npmjs.org/@nolyfill%2fis-core-module set size:undefined disposed:false
853 silly fetch manifest array.prototype.findlastindex@^1.2.6
854 silly packumentCache full:https://registry.npmjs.org/array.prototype.findlastindex cache-miss
855 http fetch GET 200 https://registry.npmjs.org/@rtsao%2fscc 453ms (cache miss)
856 silly packumentCache full:https://registry.npmjs.org/@rtsao%2fscc set size:undefined disposed:false
857 silly fetch manifest array.prototype.flat@^1.3.3
858 silly packumentCache full:https://registry.npmjs.org/array.prototype.flat cache-miss
859 http fetch GET 200 https://registry.npmjs.org/array-includes 472ms (cache miss)
860 silly packumentCache full:https://registry.npmjs.org/array-includes set size:undefined disposed:false
861 silly fetch manifest array.prototype.flatmap@^1.3.3
862 silly packumentCache full:https://registry.npmjs.org/array.prototype.flatmap cache-miss
863 http fetch GET 200 https://registry.npmjs.org/tinyglobby 658ms (cache miss)
864 silly packumentCache full:https://registry.npmjs.org/tinyglobby set size:undefined disposed:false
865 silly fetch manifest doctrine@^2.1.0
866 silly packumentCache full:https://registry.npmjs.org/doctrine cache-miss
867 http fetch GET 200 https://registry.npmjs.org/is-bun-module 805ms (cache miss)
868 silly packumentCache full:https://registry.npmjs.org/is-bun-module set size:undefined disposed:false
869 silly fetch manifest eslint-module-utils@^2.12.1
870 silly packumentCache full:https://registry.npmjs.org/eslint-module-utils cache-miss
871 http fetch GET 200 https://registry.npmjs.org/array.prototype.flat 403ms (cache miss)
872 silly packumentCache full:https://registry.npmjs.org/array.prototype.flat set size:undefined disposed:false
873 silly fetch manifest hasown@^2.0.2
874 silly packumentCache full:https://registry.npmjs.org/hasown cache-miss
875 http fetch GET 200 https://registry.npmjs.org/array.prototype.findlastindex 546ms (cache miss)
876 silly packumentCache full:https://registry.npmjs.org/array.prototype.findlastindex set size:undefined disposed:false
877 silly fetch manifest is-core-module@^2.16.1
878 silly packumentCache full:https://registry.npmjs.org/is-core-module cache-miss
879 http fetch GET 200 https://registry.npmjs.org/get-tsconfig 1072ms (cache miss)
880 silly packumentCache full:https://registry.npmjs.org/get-tsconfig set size:undefined disposed:false
881 silly fetch manifest object.fromentries@^2.0.8
882 silly packumentCache full:https://registry.npmjs.org/object.fromentries cache-miss
883 http fetch GET 200 https://registry.npmjs.org/hasown 335ms (cache miss)
884 silly packumentCache full:https://registry.npmjs.org/hasown set size:undefined disposed:false
885 silly fetch manifest object.groupby@^1.0.3
886 silly packumentCache full:https://registry.npmjs.org/object.groupby cache-miss
887 http fetch GET 200 https://registry.npmjs.org/array.prototype.flatmap 785ms (cache miss)
888 silly packumentCache full:https://registry.npmjs.org/array.prototype.flatmap set size:undefined disposed:false
889 silly fetch manifest object.values@^1.2.1
890 silly packumentCache full:https://registry.npmjs.org/object.values cache-miss
891 http fetch GET 200 https://registry.npmjs.org/stable-hash 1440ms (cache miss)
892 silly packumentCache full:https://registry.npmjs.org/stable-hash set size:undefined disposed:false
893 silly fetch manifest semver@^6.3.1
894 silly packumentCache full:https://registry.npmjs.org/semver cache-miss
895 http fetch GET 200 https://registry.npmjs.org/doctrine 1072ms (cache miss)
896 silly packumentCache full:https://registry.npmjs.org/doctrine set size:undefined disposed:false
897 silly fetch manifest string.prototype.trimend@^1.0.9
898 silly packumentCache full:https://registry.npmjs.org/string.prototype.trimend cache-miss
899 http fetch GET 200 https://registry.npmjs.org/object.groupby 531ms (cache miss)
900 silly packumentCache full:https://registry.npmjs.org/object.groupby set size:undefined disposed:false
901 silly fetch manifest tsconfig-paths@^3.15.0
902 silly packumentCache full:https://registry.npmjs.org/tsconfig-paths cache-miss
903 http fetch GET 200 https://registry.npmjs.org/object.fromentries 715ms (cache miss)
904 silly packumentCache full:https://registry.npmjs.org/object.fromentries set size:undefined disposed:false
905 silly fetch manifest aria-query@^5.3.2
906 silly packumentCache full:https://registry.npmjs.org/aria-query cache-miss
907 http fetch GET 200 https://registry.npmjs.org/is-core-module 922ms (cache miss)
908 silly packumentCache full:https://registry.npmjs.org/is-core-module set size:undefined disposed:false
909 silly fetch manifest array-includes@^3.1.8
910 silly packumentCache full:https://registry.npmjs.org/array-includes cache-miss
911 http fetch GET 200 https://registry.npmjs.org/is-core-module 1915ms (cache miss)
912 silly packumentCache full:https://registry.npmjs.org/is-core-module set size:undefined disposed:false
913 silly fetch manifest array.prototype.flatmap@^1.3.2
914 silly packumentCache full:https://registry.npmjs.org/array.prototype.flatmap cache-miss
915 http cache https://registry.npmjs.org/array-includes 136ms (cache hit)
916 silly packumentCache full:https://registry.npmjs.org/array-includes set size:77143 disposed:false
917 silly fetch manifest ast-types-flow@^0.0.8
918 silly packumentCache full:https://registry.npmjs.org/ast-types-flow cache-miss
919 http fetch GET 200 https://registry.npmjs.org/fast-glob 2071ms (cache miss)
920 silly packumentCache full:https://registry.npmjs.org/fast-glob set size:undefined disposed:false
921 silly fetch manifest axe-core@^4.10.0
922 silly packumentCache full:https://registry.npmjs.org/axe-core cache-miss
923 http fetch GET 200 https://registry.npmjs.org/object.values 815ms (cache miss)
924 silly packumentCache full:https://registry.npmjs.org/object.values set size:undefined disposed:false
925 silly fetch manifest axobject-query@^4.1.0
926 silly packumentCache full:https://registry.npmjs.org/axobject-query cache-miss
927 http cache https://registry.npmjs.org/array.prototype.flatmap 224ms (cache hit)
928 silly packumentCache full:https://registry.npmjs.org/array.prototype.flatmap set size:51458 disposed:false
929 silly fetch manifest damerau-levenshtein@^1.0.8
930 silly packumentCache full:https://registry.npmjs.org/damerau-levenshtein cache-miss
931 http fetch GET 200 https://registry.npmjs.org/eslint-module-utils 1558ms (cache miss)
932 silly packumentCache full:https://registry.npmjs.org/eslint-module-utils set size:undefined disposed:false
933 silly fetch manifest emoji-regex@^9.2.2
934 silly packumentCache full:https://registry.npmjs.org/emoji-regex cache-miss
935 http fetch GET 200 https://registry.npmjs.org/aria-query 638ms (cache miss)
936 silly packumentCache full:https://registry.npmjs.org/aria-query set size:undefined disposed:false
937 silly fetch manifest jsx-ast-utils@^3.3.5
938 silly packumentCache full:https://registry.npmjs.org/jsx-ast-utils cache-miss
939 http fetch GET 200 https://registry.npmjs.org/ast-types-flow 685ms (cache miss)
940 silly packumentCache full:https://registry.npmjs.org/ast-types-flow set size:undefined disposed:false
941 silly fetch manifest language-tags@^1.0.9
942 silly packumentCache full:https://registry.npmjs.org/language-tags cache-miss
943 http fetch GET 200 https://registry.npmjs.org/tsconfig-paths 1036ms (cache miss)
944 silly packumentCache full:https://registry.npmjs.org/tsconfig-paths set size:undefined disposed:false
945 silly fetch manifest safe-regex-test@^1.0.3
946 silly packumentCache full:https://registry.npmjs.org/safe-regex-test cache-miss
947 http fetch GET 200 https://registry.npmjs.org/string.prototype.trimend 1228ms (cache miss)
948 silly packumentCache full:https://registry.npmjs.org/string.prototype.trimend set size:undefined disposed:false
949 silly fetch manifest string.prototype.includes@^2.0.1
950 silly packumentCache full:https://registry.npmjs.org/string.prototype.includes cache-miss
951 http fetch GET 200 https://registry.npmjs.org/damerau-levenshtein 925ms (cache miss)
952 silly packumentCache full:https://registry.npmjs.org/damerau-levenshtein set size:undefined disposed:false
953 silly fetch manifest array.prototype.findlast@^1.2.5
954 silly packumentCache full:https://registry.npmjs.org/array.prototype.findlast cache-miss
955 http fetch GET 200 https://registry.npmjs.org/axobject-query 1057ms (cache miss)
956 silly packumentCache full:https://registry.npmjs.org/axobject-query set size:undefined disposed:false
957 silly fetch manifest array.prototype.tosorted@^1.1.4
958 silly packumentCache full:https://registry.npmjs.org/array.prototype.tosorted cache-miss
959 http fetch GET 200 https://registry.npmjs.org/unrs-resolver 4029ms (cache miss)
960 silly packumentCache full:https://registry.npmjs.org/unrs-resolver set size:undefined disposed:false
961 silly fetch manifest es-iterator-helpers@^1.2.1
962 silly packumentCache full:https://registry.npmjs.org/es-iterator-helpers cache-miss
963 http fetch GET 200 https://registry.npmjs.org/language-tags 1382ms (cache miss)
964 silly packumentCache full:https://registry.npmjs.org/language-tags set size:undefined disposed:false
965 silly fetch manifest estraverse@^5.3.0
966 silly packumentCache full:https://registry.npmjs.org/estraverse cache-hit
967 silly fetch manifest jsx-ast-utils@^2.4.1 || ^3.0.0
968 silly packumentCache full:https://registry.npmjs.org/jsx-ast-utils cache-miss
969 http fetch GET 200 https://registry.npmjs.org/semver 2712ms (cache miss)
970 silly packumentCache full:https://registry.npmjs.org/semver set size:undefined disposed:false
971 silly fetch manifest object.entries@^1.1.9
972 silly packumentCache full:https://registry.npmjs.org/object.entries cache-miss
973 http fetch GET 200 https://registry.npmjs.org/jsx-ast-utils 1953ms (cache miss)
974 silly packumentCache full:https://registry.npmjs.org/jsx-ast-utils set size:undefined disposed:false
975 silly fetch manifest prop-types@^15.8.1
976 silly packumentCache full:https://registry.npmjs.org/prop-types cache-miss
977 http fetch GET 200 https://registry.npmjs.org/safe-regex-test 1906ms (cache miss)
978 silly packumentCache full:https://registry.npmjs.org/safe-regex-test set size:undefined disposed:false
979 silly fetch manifest resolve@^2.0.0-next.5
980 silly packumentCache full:https://registry.npmjs.org/resolve cache-miss
981 http fetch GET 200 https://registry.npmjs.org/string.prototype.includes 1815ms (cache miss)
982 silly packumentCache full:https://registry.npmjs.org/string.prototype.includes set size:undefined disposed:false
983 silly fetch manifest string.prototype.matchall@^4.0.12
984 silly packumentCache full:https://registry.npmjs.org/string.prototype.matchall cache-miss
985 http fetch GET 200 https://registry.npmjs.org/emoji-regex 2558ms (cache miss)
986 silly packumentCache full:https://registry.npmjs.org/emoji-regex set size:undefined disposed:false
987 silly fetch manifest string.prototype.repeat@^1.0.0
988 silly packumentCache full:https://registry.npmjs.org/string.prototype.repeat cache-miss
989 http fetch GET 200 https://registry.npmjs.org/array.prototype.findlast 2015ms (cache miss)
990 silly packumentCache full:https://registry.npmjs.org/array.prototype.findlast set size:undefined disposed:false
991 silly fetch manifest zod@^3.25.0 || ^4.0.0
992 silly packumentCache full:https://registry.npmjs.org/zod cache-miss
993 http fetch GET 200 https://registry.npmjs.org/array.prototype.tosorted 1995ms (cache miss)
994 silly packumentCache full:https://registry.npmjs.org/array.prototype.tosorted set size:undefined disposed:false
995 silly fetch manifest @babel/core@^7.24.4
996 silly packumentCache full:https://registry.npmjs.org/@babel%2fcore cache-miss
997 http cache https://registry.npmjs.org/jsx-ast-utils 1113ms (cache hit)
998 silly packumentCache full:https://registry.npmjs.org/jsx-ast-utils set size:115998 disposed:false
999 silly fetch manifest @babel/parser@^7.24.4
1000 silly packumentCache full:https://registry.npmjs.org/@babel%2fparser cache-miss
1001 http fetch GET 200 https://registry.npmjs.org/object.entries 1077ms (cache miss)
1002 silly packumentCache full:https://registry.npmjs.org/object.entries set size:undefined disposed:false
1003 silly fetch manifest hermes-parser@^0.25.1
1004 silly packumentCache full:https://registry.npmjs.org/hermes-parser cache-miss
1005 http fetch GET 200 https://registry.npmjs.org/prop-types 854ms (cache miss)
1006 silly packumentCache full:https://registry.npmjs.org/prop-types set size:undefined disposed:false
1007 silly fetch manifest zod-validation-error@^3.5.0 || ^4.0.0
1008 silly packumentCache full:https://registry.npmjs.org/zod-validation-error cache-miss
1009 http fetch GET 200 https://registry.npmjs.org/string.prototype.repeat 611ms (cache miss)
1010 silly packumentCache full:https://registry.npmjs.org/string.prototype.repeat set size:undefined disposed:false
1011 silly fetch manifest @typescript-eslint/utils@8.68.0
1012 silly packumentCache full:https://registry.npmjs.org/@typescript-eslint%2futils cache-miss
1013 http fetch GET 200 https://registry.npmjs.org/es-iterator-helpers 1569ms (cache miss)
1014 silly packumentCache full:https://registry.npmjs.org/es-iterator-helpers set size:undefined disposed:false
1015 silly fetch manifest @typescript-eslint/parser@8.68.0
1016 silly packumentCache full:https://registry.npmjs.org/@typescript-eslint%2fparser cache-miss
1017 http fetch GET 200 https://registry.npmjs.org/string.prototype.matchall 1336ms (cache miss)
1018 silly packumentCache full:https://registry.npmjs.org/string.prototype.matchall set size:undefined disposed:false
1019 silly fetch manifest @typescript-eslint/eslint-plugin@8.68.0
1020 silly packumentCache full:https://registry.npmjs.org/@typescript-eslint%2feslint-plugin cache-miss
1021 http fetch GET 200 https://registry.npmjs.org/resolve 6282ms (cache miss)
1022 silly packumentCache full:https://registry.npmjs.org/resolve set size:undefined disposed:false
1023 silly fetch manifest @typescript-eslint/typescript-estree@8.68.0
1024 silly packumentCache full:https://registry.npmjs.org/@typescript-eslint%2ftypescript-estree cache-miss
1025 http cache https://registry.npmjs.org/@typescript-eslint%2futils 1098ms (cache hit)
1026 silly packumentCache full:https://registry.npmjs.org/@typescript-eslint%2futils set size:10801247 disposed:false
1027 http fetch GET 200 https://registry.npmjs.org/hermes-parser 2379ms (cache miss)
1028 silly packumentCache full:https://registry.npmjs.org/hermes-parser set size:undefined disposed:false
1029 http fetch GET 200 https://registry.npmjs.org/zod-validation-error 2315ms (cache miss)
1030 silly packumentCache full:https://registry.npmjs.org/zod-validation-error set size:undefined disposed:false
1031 http fetch GET 200 https://registry.npmjs.org/resolve 3497ms (cache miss)
1032 silly packumentCache full:https://registry.npmjs.org/resolve set size:undefined disposed:false
1033 http fetch GET 200 https://registry.npmjs.org/@babel%2fparser 3052ms (cache miss)
1034 silly packumentCache full:https://registry.npmjs.org/@babel%2fparser set size:undefined disposed:false
1035 http fetch GET 200 https://registry.npmjs.org/@babel%2fcore 3218ms (cache miss)
1036 silly packumentCache full:https://registry.npmjs.org/@babel%2fcore set size:undefined disposed:false
1037 http fetch GET 200 https://registry.npmjs.org/zod 4915ms (cache miss)
1038 silly packumentCache full:https://registry.npmjs.org/zod set size:undefined disposed:false
1039 http fetch GET 200 https://registry.npmjs.org/axe-core 33133ms (cache miss)
1040 silly packumentCache full:https://registry.npmjs.org/axe-core set size:undefined disposed:false
1041 http fetch GET 200 https://registry.npmjs.org/@typescript-eslint%2fparser 103268ms (cache miss)
1042 silly packumentCache full:https://registry.npmjs.org/@typescript-eslint%2fparser set size:undefined disposed:false
1043 http fetch GET 200 https://registry.npmjs.org/@typescript-eslint%2feslint-plugin 117650ms (cache miss)
1044 silly packumentCache full:https://registry.npmjs.org/@typescript-eslint%2feslint-plugin set size:undefined disposed:false
1045 http fetch GET 200 https://registry.npmjs.org/@typescript-eslint%2ftypescript-estree 142237ms (cache miss)
1046 silly packumentCache full:https://registry.npmjs.org/@typescript-eslint%2ftypescript-estree set size:undefined disposed:false
1047 silly placeDep node_modules/@next/eslint-plugin-next @eslint-community/eslint-utils@4.9.1 OK for: @next/eslint-plugin-next@16.3.3 want: 4.9.1
1048 silly placeDep ROOT fast-glob@3.3.1 OK for: @next/eslint-plugin-next@16.3.3 want: 3.3.1
1049 silly fetch manifest merge2@^1.3.0
1050 silly packumentCache full:https://registry.npmjs.org/merge2 cache-miss
1051 silly fetch manifest micromatch@^4.0.4
1052 silly packumentCache full:https://registry.npmjs.org/micromatch cache-miss
1053 silly fetch manifest glob-parent@^5.1.2
1054 silly packumentCache full:https://registry.npmjs.org/glob-parent cache-miss
1055 silly fetch manifest @nodelib/fs.stat@^2.0.2
1056 silly packumentCache full:https://registry.npmjs.org/@nodelib%2ffs.stat cache-miss
1057 silly fetch manifest @nodelib/fs.walk@^1.2.3
1058 silly packumentCache full:https://registry.npmjs.org/@nodelib%2ffs.walk cache-miss
1059 http fetch GET 200 https://registry.npmjs.org/glob-parent 1267ms (cache revalidated)
1060 silly packumentCache full:https://registry.npmjs.org/glob-parent set size:42445 disposed:false
1061 http fetch GET 200 https://registry.npmjs.org/merge2 1279ms (cache miss)
1062 silly packumentCache full:https://registry.npmjs.org/merge2 set size:undefined disposed:false
1063 http fetch GET 200 https://registry.npmjs.org/@nodelib%2ffs.walk 1277ms (cache miss)
1064 silly packumentCache full:https://registry.npmjs.org/@nodelib%2ffs.walk set size:undefined disposed:false
1065 http fetch GET 200 https://registry.npmjs.org/@nodelib%2ffs.stat 1336ms (cache miss)
1066 silly packumentCache full:https://registry.npmjs.org/@nodelib%2ffs.stat set size:undefined disposed:false
1067 http fetch GET 200 https://registry.npmjs.org/micromatch 4475ms (cache miss)
1068 silly packumentCache full:https://registry.npmjs.org/micromatch set size:undefined disposed:false
1069 silly placeDep node_modules/eslint-import-resolver-node debug@3.2.7 OK for: eslint-import-resolver-node@0.3.10 want: ^3.2.7
1070 silly placeDep ROOT is-core-module@2.16.2 OK for: eslint-import-resolver-node@0.3.10 want: ^2.16.1
1071 silly placeDep ROOT resolve@2.0.0-next.7 OK for: eslint-import-resolver-node@0.3.10 want: ^2.0.0-next.6
1072 silly fetch manifest hasown@^2.0.3
1073 silly packumentCache full:https://registry.npmjs.org/hasown cache-miss
1074 silly fetch manifest es-errors@^1.3.0
1075 silly packumentCache full:https://registry.npmjs.org/es-errors cache-miss
1076 silly fetch manifest node-exports-info@^1.6.0
1077 silly packumentCache full:https://registry.npmjs.org/node-exports-info cache-miss
1078 silly fetch manifest object-keys@^1.1.1
1079 silly packumentCache full:https://registry.npmjs.org/object-keys cache-miss
1080 silly fetch manifest path-parse@^1.0.7
1081 silly packumentCache full:https://registry.npmjs.org/path-parse cache-miss
1082 silly fetch manifest supports-preserve-symlinks-flag@^1.0.0
1083 silly packumentCache full:https://registry.npmjs.org/supports-preserve-symlinks-flag cache-miss
1084 http cache https://registry.npmjs.org/hasown 25ms (cache hit)
1085 silly packumentCache full:https://registry.npmjs.org/hasown set size:18361 disposed:false
1086 http fetch GET 200 https://registry.npmjs.org/path-parse 193ms (cache miss)
1087 silly packumentCache full:https://registry.npmjs.org/path-parse set size:undefined disposed:false
1088 http fetch GET 200 https://registry.npmjs.org/supports-preserve-symlinks-flag 237ms (cache miss)
1089 silly packumentCache full:https://registry.npmjs.org/supports-preserve-symlinks-flag set size:undefined disposed:false
1090 http fetch GET 200 https://registry.npmjs.org/node-exports-info 272ms (cache miss)
1091 silly packumentCache full:https://registry.npmjs.org/node-exports-info set size:undefined disposed:false
1092 http fetch GET 200 https://registry.npmjs.org/es-errors 378ms (cache miss)
1093 silly packumentCache full:https://registry.npmjs.org/es-errors set size:undefined disposed:false
1094 http fetch GET 200 https://registry.npmjs.org/object-keys 2007ms (cache miss)
1095 silly packumentCache full:https://registry.npmjs.org/object-keys set size:undefined disposed:false
1096 silly placeDep ROOT @nolyfill/is-core-module@1.0.39 OK for: eslint-import-resolver-typescript@3.10.1 want: 1.0.39
1097 silly placeDep ROOT get-tsconfig@4.14.3 OK for: eslint-import-resolver-typescript@3.10.1 want: ^4.10.0
1098 silly placeDep ROOT is-bun-module@2.0.0 OK for: eslint-import-resolver-typescript@3.10.1 want: ^2.0.0
1099 silly placeDep ROOT stable-hash@0.0.5 OK for: eslint-import-resolver-typescript@3.10.1 want: ^0.0.5
1100 silly placeDep ROOT tinyglobby@0.2.17 OK for: eslint-import-resolver-typescript@3.10.1 want: ^0.2.13
1101 silly placeDep ROOT unrs-resolver@1.12.2 OK for: eslint-import-resolver-typescript@3.10.1 want: ^1.6.2
1102 silly fetch manifest resolve-pkg-maps@^1.0.0
1103 silly packumentCache full:https://registry.npmjs.org/resolve-pkg-maps cache-miss
1104 silly fetch manifest semver@^7.7.1
1105 silly packumentCache full:https://registry.npmjs.org/semver cache-miss
1106 silly fetch manifest fdir@^6.5.0
1107 silly packumentCache full:https://registry.npmjs.org/fdir cache-miss
1108 silly fetch manifest picomatch@^4.0.4
1109 silly packumentCache full:https://registry.npmjs.org/picomatch cache-miss
1110 silly fetch manifest napi-postinstall@^0.3.4
1111 silly packumentCache full:https://registry.npmjs.org/napi-postinstall cache-miss
1112 silly fetch manifest @unrs/resolver-binding-darwin-arm64@1.12.2
1113 silly packumentCache full:https://registry.npmjs.org/@unrs%2fresolver-binding-darwin-arm64 cache-miss
1114 silly fetch manifest @unrs/resolver-binding-android-arm64@1.12.2
1115 silly packumentCache full:https://registry.npmjs.org/@unrs%2fresolver-binding-android-arm64 cache-miss
1116 silly fetch manifest @unrs/resolver-binding-win32-arm64-msvc@1.12.2
1117 silly packumentCache full:https://registry.npmjs.org/@unrs%2fresolver-binding-win32-arm64-msvc cache-miss
1118 silly fetch manifest @unrs/resolver-binding-linux-arm64-gnu@1.12.2
1119 silly packumentCache full:https://registry.npmjs.org/@unrs%2fresolver-binding-linux-arm64-gnu cache-miss
1120 silly fetch manifest @unrs/resolver-binding-linux-arm64-musl@1.12.2
1121 silly packumentCache full:https://registry.npmjs.org/@unrs%2fresolver-binding-linux-arm64-musl cache-miss
1122 silly fetch manifest @unrs/resolver-binding-openharmony-arm64@1.12.2
1123 silly packumentCache full:https://registry.npmjs.org/@unrs%2fresolver-binding-openharmony-arm64 cache-miss
1124 http cache https://registry.npmjs.org/semver 31ms (cache hit)
1125 silly packumentCache full:https://registry.npmjs.org/semver set size:246069 disposed:false
1126 silly fetch manifest @unrs/resolver-binding-android-arm-eabi@1.12.2
1127 silly packumentCache full:https://registry.npmjs.org/@unrs%2fresolver-binding-android-arm-eabi cache-miss
1128 http fetch GET 200 https://registry.npmjs.org/napi-postinstall 212ms (cache miss)
1129 silly packumentCache full:https://registry.npmjs.org/napi-postinstall set size:undefined disposed:false
1130 silly fetch manifest @unrs/resolver-binding-linux-arm-gnueabihf@1.12.2
1131 silly packumentCache full:https://registry.npmjs.org/@unrs%2fresolver-binding-linux-arm-gnueabihf cache-miss
1132 http fetch GET 200 https://registry.npmjs.org/@unrs%2fresolver-binding-win32-arm64-msvc 251ms (cache miss)
1133 silly packumentCache full:https://registry.npmjs.org/@unrs%2fresolver-binding-win32-arm64-msvc set size:undefined disposed:false
1134 silly fetch manifest @unrs/resolver-binding-linux-arm-musleabihf@1.12.2
1135 silly packumentCache full:https://registry.npmjs.org/@unrs%2fresolver-binding-linux-arm-musleabihf cache-miss
1136 http fetch GET 200 https://registry.npmjs.org/@unrs%2fresolver-binding-openharmony-arm64 258ms (cache miss)
1137 silly packumentCache full:https://registry.npmjs.org/@unrs%2fresolver-binding-openharmony-arm64 set size:undefined disposed:false
1138 silly fetch manifest @unrs/resolver-binding-win32-ia32-msvc@1.12.2
1139 silly packumentCache full:https://registry.npmjs.org/@unrs%2fresolver-binding-win32-ia32-msvc cache-miss
1140 http fetch GET 200 https://registry.npmjs.org/@unrs%2fresolver-binding-android-arm-eabi 279ms (cache miss)
1141 silly packumentCache full:https://registry.npmjs.org/@unrs%2fresolver-binding-android-arm-eabi set size:undefined disposed:false
1142 silly fetch manifest @unrs/resolver-binding-linux-loong64-gnu@1.12.2
1143 silly packumentCache full:https://registry.npmjs.org/@unrs%2fresolver-binding-linux-loong64-gnu cache-miss
1144 http fetch GET 200 https://registry.npmjs.org/@unrs%2fresolver-binding-darwin-arm64 388ms (cache miss)
1145 silly packumentCache full:https://registry.npmjs.org/@unrs%2fresolver-binding-darwin-arm64 set size:undefined disposed:false
1146 silly fetch manifest @unrs/resolver-binding-linux-loong64-musl@1.12.2
1147 silly packumentCache full:https://registry.npmjs.org/@unrs%2fresolver-binding-linux-loong64-musl cache-miss
1148 http fetch GET 200 https://registry.npmjs.org/resolve-pkg-maps 424ms (cache miss)
1149 silly packumentCache full:https://registry.npmjs.org/resolve-pkg-maps set size:undefined disposed:false
1150 silly fetch manifest @unrs/resolver-binding-linux-ppc64-gnu@1.12.2
1151 silly packumentCache full:https://registry.npmjs.org/@unrs%2fresolver-binding-linux-ppc64-gnu cache-miss
1152 http fetch GET 200 https://registry.npmjs.org/@unrs%2fresolver-binding-linux-arm-gnueabihf 251ms (cache miss)
1153 silly packumentCache full:https://registry.npmjs.org/@unrs%2fresolver-binding-linux-arm-gnueabihf set size:undefined disposed:false
1154 silly fetch manifest @unrs/resolver-binding-linux-riscv64-gnu@1.12.2
1155 silly packumentCache full:https://registry.npmjs.org/@unrs%2fresolver-binding-linux-riscv64-gnu cache-miss
1156 http fetch GET 200 https://registry.npmjs.org/@unrs%2fresolver-binding-linux-arm64-gnu 499ms (cache miss)
1157 silly packumentCache full:https://registry.npmjs.org/@unrs%2fresolver-binding-linux-arm64-gnu set size:undefined disposed:false
1158 silly fetch manifest @unrs/resolver-binding-linux-riscv64-musl@1.12.2
1159 silly packumentCache full:https://registry.npmjs.org/@unrs%2fresolver-binding-linux-riscv64-musl cache-miss
1160 http fetch GET 200 https://registry.npmjs.org/picomatch 525ms (cache miss)
1161 silly packumentCache full:https://registry.npmjs.org/picomatch set size:undefined disposed:false
1162 silly fetch manifest @unrs/resolver-binding-linux-s390x-gnu@1.12.2
1163 silly packumentCache full:https://registry.npmjs.org/@unrs%2fresolver-binding-linux-s390x-gnu cache-miss
1164 http fetch GET 200 https://registry.npmjs.org/@unrs%2fresolver-binding-linux-arm64-musl 532ms (cache miss)
1165 silly packumentCache full:https://registry.npmjs.org/@unrs%2fresolver-binding-linux-arm64-musl set size:undefined disposed:false
1166 silly fetch manifest @unrs/resolver-binding-wasm32-wasi@1.12.2
1167 silly packumentCache full:https://registry.npmjs.org/@unrs%2fresolver-binding-wasm32-wasi cache-miss
1168 http fetch GET 200 https://registry.npmjs.org/fdir 554ms (cache miss)
1169 silly packumentCache full:https://registry.npmjs.org/fdir set size:undefined disposed:false
1170 silly fetch manifest @unrs/resolver-binding-darwin-x64@1.12.2
1171 silly packumentCache full:https://registry.npmjs.org/@unrs%2fresolver-binding-darwin-x64 cache-miss
1172 http fetch GET 200 https://registry.npmjs.org/@unrs%2fresolver-binding-android-arm64 572ms (cache miss)
1173 silly packumentCache full:https://registry.npmjs.org/@unrs%2fresolver-binding-android-arm64 set size:undefined disposed:false
1174 silly fetch manifest @unrs/resolver-binding-win32-x64-msvc@1.12.2
1175 silly packumentCache full:https://registry.npmjs.org/@unrs%2fresolver-binding-win32-x64-msvc cache-miss
1176 http fetch GET 200 https://registry.npmjs.org/@unrs%2fresolver-binding-linux-riscv64-gnu 337ms (cache miss)
1177 silly packumentCache full:https://registry.npmjs.org/@unrs%2fresolver-binding-linux-riscv64-gnu set size:undefined disposed:false
1178 silly fetch manifest @unrs/resolver-binding-freebsd-x64@1.12.2
1179 silly packumentCache full:https://registry.npmjs.org/@unrs%2fresolver-binding-freebsd-x64 cache-miss
1180 http fetch GET 200 https://registry.npmjs.org/@unrs%2fresolver-binding-win32-ia32-msvc 684ms (cache miss)
1181 silly packumentCache full:https://registry.npmjs.org/@unrs%2fresolver-binding-win32-ia32-msvc set size:undefined disposed:false
1182 silly fetch manifest @unrs/resolver-binding-linux-x64-gnu@1.12.2
1183 silly packumentCache full:https://registry.npmjs.org/@unrs%2fresolver-binding-linux-x64-gnu cache-miss
1184 http fetch GET 200 https://registry.npmjs.org/@unrs%2fresolver-binding-linux-arm-musleabihf 769ms (cache miss)
1185 silly packumentCache full:https://registry.npmjs.org/@unrs%2fresolver-binding-linux-arm-musleabihf set size:undefined disposed:false
1186 silly fetch manifest @unrs/resolver-binding-linux-x64-musl@1.12.2
1187 silly packumentCache full:https://registry.npmjs.org/@unrs%2fresolver-binding-linux-x64-musl cache-miss
1188 http fetch GET 200 https://registry.npmjs.org/@unrs%2fresolver-binding-linux-loong64-musl 683ms (cache miss)
1189 silly packumentCache full:https://registry.npmjs.org/@unrs%2fresolver-binding-linux-loong64-musl set size:undefined disposed:false
1190 http fetch GET 200 https://registry.npmjs.org/@unrs%2fresolver-binding-freebsd-x64 322ms (cache miss)
1191 silly packumentCache full:https://registry.npmjs.org/@unrs%2fresolver-binding-freebsd-x64 set size:undefined disposed:false
1192 http fetch GET 200 https://registry.npmjs.org/@unrs%2fresolver-binding-linux-x64-gnu 653ms (cache miss)
1193 silly packumentCache full:https://registry.npmjs.org/@unrs%2fresolver-binding-linux-x64-gnu set size:undefined disposed:false
1194 http fetch GET 200 https://registry.npmjs.org/@unrs%2fresolver-binding-linux-ppc64-gnu 1497ms (cache miss)
1195 silly packumentCache full:https://registry.npmjs.org/@unrs%2fresolver-binding-linux-ppc64-gnu set size:undefined disposed:false
1196 http fetch GET 200 https://registry.npmjs.org/@unrs%2fresolver-binding-win32-x64-msvc 1676ms (cache miss)
1197 silly packumentCache full:https://registry.npmjs.org/@unrs%2fresolver-binding-win32-x64-msvc set size:undefined disposed:false
1198 http fetch GET 200 https://registry.npmjs.org/@unrs%2fresolver-binding-linux-riscv64-musl 1894ms (cache miss)
1199 silly packumentCache full:https://registry.npmjs.org/@unrs%2fresolver-binding-linux-riscv64-musl set size:undefined disposed:false
1200 http fetch GET 200 https://registry.npmjs.org/@unrs%2fresolver-binding-linux-loong64-gnu 2137ms (cache miss)
1201 silly packumentCache full:https://registry.npmjs.org/@unrs%2fresolver-binding-linux-loong64-gnu set size:undefined disposed:false
1202 http fetch GET 200 https://registry.npmjs.org/@unrs%2fresolver-binding-linux-s390x-gnu 1990ms (cache miss)
1203 silly packumentCache full:https://registry.npmjs.org/@unrs%2fresolver-binding-linux-s390x-gnu set size:undefined disposed:false
1204 http fetch GET 200 https://registry.npmjs.org/@unrs%2fresolver-binding-darwin-x64 1963ms (cache miss)
1205 silly packumentCache full:https://registry.npmjs.org/@unrs%2fresolver-binding-darwin-x64 set size:undefined disposed:false
1206 http fetch GET 200 https://registry.npmjs.org/@unrs%2fresolver-binding-wasm32-wasi 1987ms (cache miss)
1207 silly packumentCache full:https://registry.npmjs.org/@unrs%2fresolver-binding-wasm32-wasi set size:undefined disposed:false
1208 http fetch GET 200 https://registry.npmjs.org/@unrs%2fresolver-binding-linux-x64-musl 1521ms (cache miss)
1209 silly packumentCache full:https://registry.npmjs.org/@unrs%2fresolver-binding-linux-x64-musl set size:undefined disposed:false
1210 silly placeDep ROOT @rtsao/scc@1.1.0 OK for: eslint-plugin-import@2.32.0 want: ^1.1.0
1211 silly placeDep ROOT array-includes@3.1.9 OK for: eslint-plugin-import@2.32.0 want: ^3.1.9
1212 silly placeDep ROOT array.prototype.findlastindex@1.2.6 OK for: eslint-plugin-import@2.32.0 want: ^1.2.6
1213 silly placeDep ROOT array.prototype.flat@1.3.3 OK for: eslint-plugin-import@2.32.0 want: ^1.3.3
1214 silly placeDep ROOT array.prototype.flatmap@1.3.3 OK for: eslint-plugin-import@2.32.0 want: ^1.3.3
1215 silly placeDep node_modules/eslint-plugin-import debug@3.2.7 OK for: eslint-plugin-import@2.32.0 want: ^3.2.7
1216 silly placeDep ROOT doctrine@2.1.0 OK for: eslint-plugin-import@2.32.0 want: ^2.1.0
1217 silly placeDep ROOT eslint-module-utils@2.14.0 OK for: eslint-plugin-import@2.32.0 want: ^2.12.1
1218 silly placeDep ROOT hasown@2.0.4 OK for: eslint-plugin-import@2.32.0 want: ^2.0.2
1219 silly placeDep ROOT object.fromentries@2.0.8 OK for: eslint-plugin-import@2.32.0 want: ^2.0.8
1220 silly placeDep ROOT object.groupby@1.0.3 OK for: eslint-plugin-import@2.32.0 want: ^1.0.3
1221 silly placeDep ROOT object.values@1.2.1 OK for: eslint-plugin-import@2.32.0 want: ^1.2.1
1222 silly placeDep ROOT semver@6.3.1 OK for: eslint-plugin-import@2.32.0 want: ^6.3.1
1223 silly placeDep ROOT string.prototype.trimend@1.0.10 OK for: eslint-plugin-import@2.32.0 want: ^1.0.9
1224 silly placeDep ROOT tsconfig-paths@3.15.0 OK for: eslint-plugin-import@2.32.0 want: ^3.15.0
1225 silly fetch manifest call-bind@^1.0.8
1226 silly packumentCache full:https://registry.npmjs.org/call-bind cache-miss
1227 silly fetch manifest call-bound@^1.0.4
1228 silly packumentCache full:https://registry.npmjs.org/call-bound cache-miss
1229 silly fetch manifest define-properties@^1.2.1
1230 silly packumentCache full:https://registry.npmjs.org/define-properties cache-miss
1231 silly fetch manifest es-abstract@^1.24.0
1232 silly packumentCache full:https://registry.npmjs.org/es-abstract cache-miss
1233 silly fetch manifest es-object-atoms@^1.1.1
1234 silly packumentCache full:https://registry.npmjs.org/es-object-atoms cache-miss
1235 silly fetch manifest get-intrinsic@^1.3.0
1236 silly packumentCache full:https://registry.npmjs.org/get-intrinsic cache-miss
1237 silly fetch manifest is-string@^1.1.1
1238 silly packumentCache full:https://registry.npmjs.org/is-string cache-miss
1239 silly fetch manifest math-intrinsics@^1.1.0
1240 silly packumentCache full:https://registry.npmjs.org/math-intrinsics cache-miss
1241 silly fetch manifest call-bind@^1.0.8
1242 silly packumentCache full:https://registry.npmjs.org/call-bind cache-miss
1243 silly fetch manifest call-bound@^1.0.4
1244 silly packumentCache full:https://registry.npmjs.org/call-bound cache-miss
1245 silly fetch manifest define-properties@^1.2.1
1246 silly packumentCache full:https://registry.npmjs.org/define-properties cache-miss
1247 http fetch GET 200 https://registry.npmjs.org/math-intrinsics 231ms (cache miss)
1248 silly packumentCache full:https://registry.npmjs.org/math-intrinsics set size:undefined disposed:false
1249 silly fetch manifest es-abstract@^1.23.9
1250 silly packumentCache full:https://registry.npmjs.org/es-abstract cache-miss
1251 http fetch GET 200 https://registry.npmjs.org/call-bound 261ms (cache miss)
1252 silly packumentCache full:https://registry.npmjs.org/call-bound set size:undefined disposed:false
1253 silly fetch manifest es-object-atoms@^1.1.1
1254 silly packumentCache full:https://registry.npmjs.org/es-object-atoms cache-miss
1255 http fetch GET 200 https://registry.npmjs.org/call-bound 273ms (cache miss)
1256 silly packumentCache full:https://registry.npmjs.org/call-bound set size:undefined disposed:false
1257 silly fetch manifest es-shim-unscopables@^1.1.0
1258 silly packumentCache full:https://registry.npmjs.org/es-shim-unscopables cache-miss
1259 http fetch GET 200 https://registry.npmjs.org/define-properties 321ms (cache miss)
1260 silly packumentCache full:https://registry.npmjs.org/define-properties set size:undefined disposed:false
1261 silly fetch manifest call-bind@^1.0.8
1262 silly packumentCache full:https://registry.npmjs.org/call-bind cache-miss
1263 http fetch GET 200 https://registry.npmjs.org/get-intrinsic 369ms (cache miss)
1264 silly packumentCache full:https://registry.npmjs.org/get-intrinsic set size:undefined disposed:false
1265 silly fetch manifest es-abstract@^1.23.5
1266 silly packumentCache full:https://registry.npmjs.org/es-abstract cache-miss
1267 http fetch GET 200 https://registry.npmjs.org/call-bind 383ms (cache miss)
1268 silly packumentCache full:https://registry.npmjs.org/call-bind set size:undefined disposed:false
1269 silly fetch manifest es-shim-unscopables@^1.0.2
1270 silly packumentCache full:https://registry.npmjs.org/es-shim-unscopables cache-miss
1271 http fetch GET 200 https://registry.npmjs.org/call-bind 1262ms (cache miss)
1272 silly packumentCache full:https://registry.npmjs.org/call-bind set size:undefined disposed:false
1273 silly fetch manifest es-abstract@^1.23.5
1274 silly packumentCache full:https://registry.npmjs.org/es-abstract cache-miss
1275 http fetch GET 200 https://registry.npmjs.org/define-properties 2273ms (cache miss)
1276 silly packumentCache full:https://registry.npmjs.org/define-properties set size:undefined disposed:false
1277 silly fetch manifest es-shim-unscopables@^1.0.2
1278 silly packumentCache full:https://registry.npmjs.org/es-shim-unscopables cache-miss
1279 http fetch GET 200 https://registry.npmjs.org/es-shim-unscopables 2006ms (cache miss)
1280 silly packumentCache full:https://registry.npmjs.org/es-shim-unscopables set size:undefined disposed:false
1281 silly fetch manifest function-bind@^1.1.2
1282 silly packumentCache full:https://registry.npmjs.org/function-bind cache-miss
1283 http fetch GET 200 https://registry.npmjs.org/es-shim-unscopables 1909ms (cache miss)
1284 silly packumentCache full:https://registry.npmjs.org/es-shim-unscopables set size:undefined disposed:false
1285 silly fetch manifest call-bind@^1.0.7
1286 silly packumentCache full:https://registry.npmjs.org/call-bind cache-miss
1287 http fetch GET 200 https://registry.npmjs.org/es-object-atoms 2298ms (cache miss)
1288 silly packumentCache full:https://registry.npmjs.org/es-object-atoms set size:undefined disposed:false
1289 silly fetch manifest es-abstract@^1.23.2
1290 silly packumentCache full:https://registry.npmjs.org/es-abstract cache-miss
1291 http fetch GET 200 https://registry.npmjs.org/es-object-atoms 2040ms (cache miss)
1292 silly packumentCache full:https://registry.npmjs.org/es-object-atoms set size:undefined disposed:false
1293 silly fetch manifest es-object-atoms@^1.0.0
1294 silly packumentCache full:https://registry.npmjs.org/es-object-atoms cache-miss
1295 http fetch GET 200 https://registry.npmjs.org/es-abstract 2309ms (cache miss)
1296 silly packumentCache full:https://registry.npmjs.org/es-abstract set size:undefined disposed:false
1297 silly fetch manifest call-bind@^1.0.7
1298 silly packumentCache full:https://registry.npmjs.org/call-bind cache-miss
1299 http cache https://registry.npmjs.org/call-bind 44ms (cache hit)
1300 silly packumentCache full:https://registry.npmjs.org/call-bind set size:32985 disposed:false
1301 silly fetch manifest es-abstract@^1.23.2
1302 silly packumentCache full:https://registry.npmjs.org/es-abstract cache-miss
1303 http cache https://registry.npmjs.org/call-bind 33ms (cache hit)
1304 silly packumentCache full:https://registry.npmjs.org/call-bind set size:32985 disposed:false
1305 silly packumentCache full:https://registry.npmjs.org/call-bind dispose
1306 silly fetch manifest call-bound@^1.0.3
1307 silly packumentCache full:https://registry.npmjs.org/call-bound cache-miss
1308 http cache https://registry.npmjs.org/es-object-atoms 52ms (cache hit)
1309 silly packumentCache full:https://registry.npmjs.org/es-object-atoms set size:18278 disposed:false
1310 silly fetch manifest call-bind@^1.0.9
1311 silly packumentCache full:https://registry.npmjs.org/call-bind cache-hit
1312 silly fetch manifest es-object-atoms@^1.1.2
1313 silly packumentCache full:https://registry.npmjs.org/es-object-atoms cache-hit
1314 silly fetch manifest json5@^1.0.2
1315 silly packumentCache full:https://registry.npmjs.org/json5 cache-miss
1316 http cache https://registry.npmjs.org/es-abstract 43ms (cache hit)
1317 silly packumentCache full:https://registry.npmjs.org/es-abstract set size:384124 disposed:false
1318 silly fetch manifest minimist@^1.2.6
1319 silly packumentCache full:https://registry.npmjs.org/minimist cache-miss
1320 http cache https://registry.npmjs.org/call-bound 49ms (cache hit)
1321 silly packumentCache full:https://registry.npmjs.org/call-bound set size:15317 disposed:false
1322 silly fetch manifest strip-bom@^3.0.0
1323 silly packumentCache full:https://registry.npmjs.org/strip-bom cache-miss
1324 http fetch GET 200 https://registry.npmjs.org/call-bind 2094ms (cache miss)
1325 silly packumentCache full:https://registry.npmjs.org/call-bind set size:undefined disposed:true
1326 silly packumentCache full:https://registry.npmjs.org/call-bind dispose
1327 silly fetch manifest @types/json5@^0.0.29
1328 silly packumentCache full:https://registry.npmjs.org/@types%2fjson5 cache-miss
1329 http fetch GET 200 https://registry.npmjs.org/es-abstract 2144ms (cache miss)
1330 silly packumentCache full:https://registry.npmjs.org/es-abstract set size:undefined disposed:false
1331 silly packumentCache full:https://registry.npmjs.org/es-abstract dispose
1332 http fetch GET 200 https://registry.npmjs.org/es-abstract 2288ms (cache miss)
1333 silly packumentCache full:https://registry.npmjs.org/es-abstract set size:undefined disposed:true
1334 http fetch GET 200 https://registry.npmjs.org/es-shim-unscopables 266ms (cache miss)
1335 silly packumentCache full:https://registry.npmjs.org/es-shim-unscopables set size:undefined disposed:false
1336 http fetch GET 200 https://registry.npmjs.org/strip-bom 389ms (cache miss)
1337 silly packumentCache full:https://registry.npmjs.org/strip-bom set size:undefined disposed:false
1338 http fetch GET 200 https://registry.npmjs.org/json5 462ms (cache miss)
1339 silly packumentCache full:https://registry.npmjs.org/json5 set size:undefined disposed:false
1340 http fetch GET 200 https://registry.npmjs.org/minimist 444ms (cache miss)
1341 silly packumentCache full:https://registry.npmjs.org/minimist set size:undefined disposed:false
1342 http fetch GET 200 https://registry.npmjs.org/function-bind 2533ms (cache miss)
1343 silly packumentCache full:https://registry.npmjs.org/function-bind set size:undefined disposed:false
1344 http fetch GET 200 https://registry.npmjs.org/is-string 4840ms (cache miss)
1345 silly packumentCache full:https://registry.npmjs.org/is-string set size:undefined disposed:false
1346 http fetch GET 200 https://registry.npmjs.org/@types%2fjson5 2498ms (cache miss)
1347 silly packumentCache full:https://registry.npmjs.org/@types%2fjson5 set size:undefined disposed:false
1348 http fetch GET 200 https://registry.npmjs.org/es-abstract 3743ms (cache miss)
1349 silly packumentCache full:https://registry.npmjs.org/es-abstract set size:undefined disposed:false
1350 http fetch GET 200 https://registry.npmjs.org/es-abstract 5534ms (cache miss)
1351 silly packumentCache full:https://registry.npmjs.org/es-abstract set size:undefined disposed:false
1352 silly placeDep ROOT call-bind@1.0.9 OK for: array-includes@3.1.9 want: ^1.0.8
1353 silly placeDep ROOT call-bound@1.0.4 OK for: array-includes@3.1.9 want: ^1.0.4
1354 silly placeDep ROOT define-properties@1.2.1 OK for: array-includes@3.1.9 want: ^1.2.1
1355 silly placeDep ROOT es-abstract@1.24.2 OK for: array-includes@3.1.9 want: ^1.24.0
1356 silly placeDep ROOT es-object-atoms@1.1.2 OK for: array-includes@3.1.9 want: ^1.1.1
1357 silly placeDep ROOT get-intrinsic@1.3.0 OK for: array-includes@3.1.9 want: ^1.3.0
1358 silly placeDep ROOT is-string@1.1.1 OK for: array-includes@3.1.9 want: ^1.1.1
1359 silly placeDep ROOT math-intrinsics@1.1.0 OK for: array-includes@3.1.9 want: ^1.1.0
1360 silly fetch manifest call-bind-apply-helpers@^1.0.2
1361 silly packumentCache full:https://registry.npmjs.org/call-bind-apply-helpers cache-miss
1362 silly fetch manifest es-define-property@^1.0.1
1363 silly packumentCache full:https://registry.npmjs.org/es-define-property cache-miss
1364 silly fetch manifest set-function-length@^1.2.2
1365 silly packumentCache full:https://registry.npmjs.org/set-function-length cache-miss
1366 silly fetch manifest call-bind-apply-helpers@^1.0.2
1367 silly packumentCache full:https://registry.npmjs.org/call-bind-apply-helpers cache-miss
1368 silly fetch manifest define-data-property@^1.0.1
1369 silly packumentCache full:https://registry.npmjs.org/define-data-property cache-miss
1370 silly fetch manifest has-property-descriptors@^1.0.0
1371 silly packumentCache full:https://registry.npmjs.org/has-property-descriptors cache-miss
1372 silly fetch manifest array-buffer-byte-length@^1.0.2
1373 silly packumentCache full:https://registry.npmjs.org/array-buffer-byte-length cache-miss
1374 silly fetch manifest arraybuffer.prototype.slice@^1.0.4
1375 silly packumentCache full:https://registry.npmjs.org/arraybuffer.prototype.slice cache-miss
1376 silly fetch manifest available-typed-arrays@^1.0.7
1377 silly packumentCache full:https://registry.npmjs.org/available-typed-arrays cache-miss
1378 silly fetch manifest data-view-buffer@^1.0.2
1379 silly packumentCache full:https://registry.npmjs.org/data-view-buffer cache-miss
1380 silly fetch manifest data-view-byte-length@^1.0.2
1381 silly packumentCache full:https://registry.npmjs.org/data-view-byte-length cache-miss
1382 http fetch GET 200 https://registry.npmjs.org/data-view-byte-length 2119ms (cache miss)
1383 silly packumentCache full:https://registry.npmjs.org/data-view-byte-length set size:undefined disposed:false
1384 silly fetch manifest data-view-byte-offset@^1.0.1
1385 silly packumentCache full:https://registry.npmjs.org/data-view-byte-offset cache-miss
1386 http fetch GET 200 https://registry.npmjs.org/define-data-property 2150ms (cache miss)
1387 silly packumentCache full:https://registry.npmjs.org/define-data-property set size:undefined disposed:false
1388 silly fetch manifest es-define-property@^1.0.1
1389 silly packumentCache full:https://registry.npmjs.org/es-define-property cache-miss
1390 http fetch GET 200 https://registry.npmjs.org/es-define-property 2165ms (cache miss)
1391 silly packumentCache full:https://registry.npmjs.org/es-define-property set size:undefined disposed:false
1392 silly fetch manifest es-set-tostringtag@^2.1.0
1393 silly packumentCache full:https://registry.npmjs.org/es-set-tostringtag cache-miss
1394 http fetch GET 200 https://registry.npmjs.org/array-buffer-byte-length 2164ms (cache miss)
1395 silly packumentCache full:https://registry.npmjs.org/array-buffer-byte-length set size:undefined disposed:false
1396 silly fetch manifest es-to-primitive@^1.3.0
1397 silly packumentCache full:https://registry.npmjs.org/es-to-primitive cache-miss
1398 http fetch GET 200 https://registry.npmjs.org/has-property-descriptors 2229ms (cache miss)
1399 silly packumentCache full:https://registry.npmjs.org/has-property-descriptors set size:undefined disposed:false
1400 silly fetch manifest function.prototype.name@^1.1.8
1401 silly packumentCache full:https://registry.npmjs.org/function.prototype.name cache-miss
1402 http fetch GET 200 https://registry.npmjs.org/arraybuffer.prototype.slice 2258ms (cache miss)
1403 silly packumentCache full:https://registry.npmjs.org/arraybuffer.prototype.slice set size:undefined disposed:false
1404 silly fetch manifest get-proto@^1.0.1
1405 silly packumentCache full:https://registry.npmjs.org/get-proto cache-miss
1406 http fetch GET 200 https://registry.npmjs.org/call-bind-apply-helpers 2281ms (cache miss)
1407 silly packumentCache full:https://registry.npmjs.org/call-bind-apply-helpers set size:undefined disposed:false
1408 silly fetch manifest get-symbol-description@^1.1.0
1409 silly packumentCache full:https://registry.npmjs.org/get-symbol-description cache-miss
1410 http fetch GET 200 https://registry.npmjs.org/data-view-buffer 2273ms (cache miss)
1411 silly packumentCache full:https://registry.npmjs.org/data-view-buffer set size:undefined disposed:false
1412 silly fetch manifest globalthis@^1.0.4
1413 silly packumentCache full:https://registry.npmjs.org/globalthis cache-miss
1414 http fetch GET 200 https://registry.npmjs.org/call-bind-apply-helpers 2300ms (cache miss)
1415 silly packumentCache full:https://registry.npmjs.org/call-bind-apply-helpers set size:undefined disposed:false
1416 silly fetch manifest gopd@^1.2.0
1417 silly packumentCache full:https://registry.npmjs.org/gopd cache-miss
1418 http fetch GET 200 https://registry.npmjs.org/set-function-length 2332ms (cache miss)
1419 silly packumentCache full:https://registry.npmjs.org/set-function-length set size:undefined disposed:false
1420 silly fetch manifest has-property-descriptors@^1.0.2
1421 silly packumentCache full:https://registry.npmjs.org/has-property-descriptors cache-miss
1422 http fetch GET 200 https://registry.npmjs.org/available-typed-arrays 2337ms (cache miss)
1423 silly packumentCache full:https://registry.npmjs.org/available-typed-arrays set size:undefined disposed:false
1424 silly fetch manifest has-proto@^1.2.0
1425 silly packumentCache full:https://registry.npmjs.org/has-proto cache-miss
1426 http cache https://registry.npmjs.org/es-define-property 189ms (cache hit)
1427 silly packumentCache full:https://registry.npmjs.org/es-define-property set size:8542 disposed:false
1428 silly fetch manifest has-symbols@^1.1.0
1429 silly packumentCache full:https://registry.npmjs.org/has-symbols cache-miss
1430 http cache https://registry.npmjs.org/has-property-descriptors 42ms (cache hit)
1431 silly packumentCache full:https://registry.npmjs.org/has-property-descriptors set size:12452 disposed:false
1432 silly fetch manifest internal-slot@^1.1.0
1433 silly packumentCache full:https://registry.npmjs.org/internal-slot cache-miss
1434 http fetch GET 200 https://registry.npmjs.org/es-to-primitive 294ms (cache miss)
1435 silly packumentCache full:https://registry.npmjs.org/es-to-primitive set size:undefined disposed:false
1436 silly fetch manifest is-array-buffer@^3.0.5
1437 silly packumentCache full:https://registry.npmjs.org/is-array-buffer cache-miss
1438 http fetch GET 200 https://registry.npmjs.org/data-view-byte-offset 397ms (cache miss)
1439 silly packumentCache full:https://registry.npmjs.org/data-view-byte-offset set size:undefined disposed:false
1440 silly fetch manifest is-callable@^1.2.7
1441 silly packumentCache full:https://registry.npmjs.org/is-callable cache-miss
1442 http fetch GET 200 https://registry.npmjs.org/function.prototype.name 362ms (cache miss)
1443 silly packumentCache full:https://registry.npmjs.org/function.prototype.name set size:undefined disposed:false
1444 silly fetch manifest is-data-view@^1.0.2
1445 silly packumentCache full:https://registry.npmjs.org/is-data-view cache-miss
1446 http fetch GET 200 https://registry.npmjs.org/get-proto 421ms (cache miss)
1447 silly packumentCache full:https://registry.npmjs.org/get-proto set size:undefined disposed:false
1448 silly fetch manifest is-negative-zero@^2.0.3
1449 silly packumentCache full:https://registry.npmjs.org/is-negative-zero cache-miss
1450 http fetch GET 200 https://registry.npmjs.org/get-symbol-description 1327ms (cache miss)
1451 silly packumentCache full:https://registry.npmjs.org/get-symbol-description set size:undefined disposed:false
1452 silly fetch manifest is-regex@^1.2.1
1453 silly packumentCache full:https://registry.npmjs.org/is-regex cache-miss
1454 http fetch GET 200 https://registry.npmjs.org/globalthis 2374ms (cache miss)
1455 silly packumentCache full:https://registry.npmjs.org/globalthis set size:undefined disposed:false
1456 silly fetch manifest is-set@^2.0.3
1457 silly packumentCache full:https://registry.npmjs.org/is-set cache-miss
1458 http fetch GET 200 https://registry.npmjs.org/is-array-buffer 2194ms (cache miss)
1459 silly packumentCache full:https://registry.npmjs.org/is-array-buffer set size:undefined disposed:false
1460 silly fetch manifest is-shared-array-buffer@^1.0.4
1461 silly packumentCache full:https://registry.npmjs.org/is-shared-array-buffer cache-miss
1462 http fetch GET 200 https://registry.npmjs.org/is-regex 1067ms (cache miss)
1463 silly packumentCache full:https://registry.npmjs.org/is-regex set size:undefined disposed:false
1464 silly fetch manifest is-typed-array@^1.1.15
1465 silly packumentCache full:https://registry.npmjs.org/is-typed-array cache-miss
1466 http fetch GET 200 https://registry.npmjs.org/is-data-view 2086ms (cache miss)
1467 silly packumentCache full:https://registry.npmjs.org/is-data-view set size:undefined disposed:false
1468 silly fetch manifest is-weakref@^1.1.1
1469 silly packumentCache full:https://registry.npmjs.org/is-weakref cache-miss
1470 http fetch GET 200 https://registry.npmjs.org/has-proto 2345ms (cache miss)
1471 silly packumentCache full:https://registry.npmjs.org/has-proto set size:undefined disposed:false
1472 silly fetch manifest object-inspect@^1.13.4
1473 silly packumentCache full:https://registry.npmjs.org/object-inspect cache-miss
1474 http fetch GET 200 https://registry.npmjs.org/gopd 3600ms (cache miss)
1475 silly packumentCache full:https://registry.npmjs.org/gopd set size:undefined disposed:false
1476 silly fetch manifest object.assign@^4.1.7
1477 silly packumentCache full:https://registry.npmjs.org/object.assign cache-miss
1478 http fetch GET 200 https://registry.npmjs.org/es-set-tostringtag 3752ms (cache miss)
1479 silly packumentCache full:https://registry.npmjs.org/es-set-tostringtag set size:undefined disposed:false
1480 silly fetch manifest own-keys@^1.0.1
1481 silly packumentCache full:https://registry.npmjs.org/own-keys cache-miss
1482 http fetch GET 200 https://registry.npmjs.org/has-symbols 3573ms (cache miss)
1483 silly packumentCache full:https://registry.npmjs.org/has-symbols set size:undefined disposed:false
1484 silly fetch manifest regexp.prototype.flags@^1.5.4
1485 silly packumentCache full:https://registry.npmjs.org/regexp.prototype.flags cache-miss
1486 http fetch GET 200 https://registry.npmjs.org/is-callable 3402ms (cache miss)
1487 silly packumentCache full:https://registry.npmjs.org/is-callable set size:undefined disposed:false
1488 silly fetch manifest safe-array-concat@^1.1.3
1489 silly packumentCache full:https://registry.npmjs.org/safe-array-concat cache-miss
1490 http fetch GET 200 https://registry.npmjs.org/own-keys 286ms (cache miss)
1491 silly packumentCache full:https://registry.npmjs.org/own-keys set size:undefined disposed:false
1492 silly fetch manifest safe-push-apply@^1.0.0
1493 silly packumentCache full:https://registry.npmjs.org/safe-push-apply cache-miss
1494 http fetch GET 200 https://registry.npmjs.org/is-typed-array 1541ms (cache miss)
1495 silly packumentCache full:https://registry.npmjs.org/is-typed-array set size:undefined disposed:false
1496 silly fetch manifest safe-regex-test@^1.1.0
1497 silly packumentCache full:https://registry.npmjs.org/safe-regex-test cache-miss
1498 http cache https://registry.npmjs.org/safe-regex-test 26ms (cache hit)
1499 silly packumentCache full:https://registry.npmjs.org/safe-regex-test set size:17412 disposed:false
1500 silly fetch manifest set-proto@^1.0.0
1501 silly packumentCache full:https://registry.npmjs.org/set-proto cache-miss
1502 http fetch GET 200 https://registry.npmjs.org/internal-slot 3956ms (cache miss)
1503 silly packumentCache full:https://registry.npmjs.org/internal-slot set size:undefined disposed:false
1504 silly fetch manifest stop-iteration-iterator@^1.1.0
1505 silly packumentCache full:https://registry.npmjs.org/stop-iteration-iterator cache-miss
1506 http fetch GET 200 https://registry.npmjs.org/object-inspect 1823ms (cache miss)
1507 silly packumentCache full:https://registry.npmjs.org/object-inspect set size:undefined disposed:false
1508 silly fetch manifest string.prototype.trim@^1.2.10
1509 silly packumentCache full:https://registry.npmjs.org/string.prototype.trim cache-miss
1510 http fetch GET 200 https://registry.npmjs.org/safe-push-apply 378ms (cache miss)
1511 silly packumentCache full:https://registry.npmjs.org/safe-push-apply set size:undefined disposed:false
1512 silly fetch manifest string.prototype.trimstart@^1.0.8
1513 silly packumentCache full:https://registry.npmjs.org/string.prototype.trimstart cache-miss
1514 http fetch GET 200 https://registry.npmjs.org/is-weakref 1913ms (cache miss)
1515 silly packumentCache full:https://registry.npmjs.org/is-weakref set size:undefined disposed:false
1516 silly fetch manifest typed-array-buffer@^1.0.3
1517 silly packumentCache full:https://registry.npmjs.org/typed-array-buffer cache-miss
1518 http fetch GET 200 https://registry.npmjs.org/stop-iteration-iterator 2538ms (cache miss)
1519 silly packumentCache full:https://registry.npmjs.org/stop-iteration-iterator set size:undefined disposed:false
1520 silly fetch manifest typed-array-byte-length@^1.0.3
1521 silly packumentCache full:https://registry.npmjs.org/typed-array-byte-length cache-miss
1522 http fetch GET 200 https://registry.npmjs.org/typed-array-buffer 2305ms (cache miss)
1523 silly packumentCache full:https://registry.npmjs.org/typed-array-buffer set size:undefined disposed:false
1524 silly fetch manifest typed-array-byte-offset@^1.0.4
1525 silly packumentCache full:https://registry.npmjs.org/typed-array-byte-offset cache-miss
1526 http fetch GET 200 https://registry.npmjs.org/is-negative-zero 6227ms (cache miss)
1527 silly packumentCache full:https://registry.npmjs.org/is-negative-zero set size:undefined disposed:false
1528 silly fetch manifest typed-array-length@^1.0.7
1529 silly packumentCache full:https://registry.npmjs.org/typed-array-length cache-miss
1530 http fetch GET 200 https://registry.npmjs.org/set-proto 2702ms (cache miss)
1531 silly packumentCache full:https://registry.npmjs.org/set-proto set size:undefined disposed:false
1532 silly fetch manifest unbox-primitive@^1.1.0
1533 silly packumentCache full:https://registry.npmjs.org/unbox-primitive cache-miss
1534 http fetch GET 200 https://registry.npmjs.org/is-shared-array-buffer 4340ms (cache miss)
1535 silly packumentCache full:https://registry.npmjs.org/is-shared-array-buffer set size:undefined disposed:false
1536 silly fetch manifest which-typed-array@^1.1.19
1537 silly packumentCache full:https://registry.npmjs.org/which-typed-array cache-miss
1538 http fetch GET 200 https://registry.npmjs.org/string.prototype.trimstart 2598ms (cache miss)
1539 silly packumentCache full:https://registry.npmjs.org/string.prototype.trimstart set size:undefined disposed:false
1540 silly fetch manifest has-tostringtag@^1.0.2
1541 silly packumentCache full:https://registry.npmjs.org/has-tostringtag cache-miss
1542 http fetch GET 200 https://registry.npmjs.org/safe-array-concat 3449ms (cache miss)
1543 silly packumentCache full:https://registry.npmjs.org/safe-array-concat set size:undefined disposed:false
1544 http fetch GET 200 https://registry.npmjs.org/string.prototype.trim 2876ms (cache miss)
1545 silly packumentCache full:https://registry.npmjs.org/string.prototype.trim set size:undefined disposed:false
1546 http fetch GET 200 https://registry.npmjs.org/object.assign 3546ms (cache miss)
1547 silly packumentCache full:https://registry.npmjs.org/object.assign set size:undefined disposed:false
1548 http fetch GET 200 https://registry.npmjs.org/regexp.prototype.flags 3566ms (cache miss)
1549 silly packumentCache full:https://registry.npmjs.org/regexp.prototype.flags set size:undefined disposed:false
1550 http fetch GET 200 https://registry.npmjs.org/typed-array-byte-length 764ms (cache miss)
1551 silly packumentCache full:https://registry.npmjs.org/typed-array-byte-length set size:undefined disposed:false
1552 http fetch GET 200 https://registry.npmjs.org/unbox-primitive 2494ms (cache miss)
1553 silly packumentCache full:https://registry.npmjs.org/unbox-primitive set size:undefined disposed:false
1554 http fetch GET 200 https://registry.npmjs.org/typed-array-byte-offset 2590ms (cache miss)
1555 silly packumentCache full:https://registry.npmjs.org/typed-array-byte-offset set size:undefined disposed:false
1556 http fetch GET 200 https://registry.npmjs.org/which-typed-array 2499ms (cache miss)
1557 silly packumentCache full:https://registry.npmjs.org/which-typed-array set size:undefined disposed:false
1558 http fetch GET 200 https://registry.npmjs.org/has-tostringtag 2276ms (cache miss)
1559 silly packumentCache full:https://registry.npmjs.org/has-tostringtag set size:undefined disposed:false
1560 http fetch GET 200 https://registry.npmjs.org/typed-array-length 2963ms (cache miss)
1561 silly packumentCache full:https://registry.npmjs.org/typed-array-length set size:undefined disposed:false
1562 http fetch GET 200 https://registry.npmjs.org/is-set 11761ms (cache miss)
1563 silly packumentCache full:https://registry.npmjs.org/is-set set size:undefined disposed:false
1564 silly placeDep ROOT es-errors@1.3.0 OK for: array.prototype.findlastindex@1.2.6 want: ^1.3.0
1565 silly placeDep ROOT es-shim-unscopables@1.1.0 OK for: array.prototype.findlastindex@1.2.6 want: ^1.1.0
1566 silly placeDep ROOT call-bind-apply-helpers@1.0.2 OK for: call-bind@1.0.9 want: ^1.0.2
1567 silly placeDep ROOT es-define-property@1.0.1 OK for: call-bind@1.0.9 want: ^1.0.1
1568 silly placeDep ROOT set-function-length@1.2.2 OK for: call-bind@1.0.9 want: ^1.2.2
1569 silly fetch manifest define-data-property@^1.1.4
1570 silly packumentCache full:https://registry.npmjs.org/define-data-property cache-miss
1571 silly fetch manifest gopd@^1.0.1
1572 silly packumentCache full:https://registry.npmjs.org/gopd cache-miss
1573 http cache https://registry.npmjs.org/define-data-property 88ms (cache hit)
1574 silly packumentCache full:https://registry.npmjs.org/define-data-property set size:28048 disposed:false
1575 http cache https://registry.npmjs.org/gopd 103ms (cache hit)
1576 silly packumentCache full:https://registry.npmjs.org/gopd set size:11483 disposed:false
1577 silly placeDep ROOT function-bind@1.1.2 OK for: call-bind-apply-helpers@1.0.2 want: ^1.1.2
1578 silly placeDep ROOT define-data-property@1.1.4 OK for: define-properties@1.2.1 want: ^1.0.1
1579 silly placeDep ROOT has-property-descriptors@1.0.2 OK for: define-properties@1.2.1 want: ^1.0.0
1580 silly placeDep ROOT object-keys@1.1.1 OK for: define-properties@1.2.1 want: ^1.1.1
1581 silly placeDep ROOT gopd@1.2.0 OK for: define-data-property@1.1.4 want: ^1.0.1
1582 silly placeDep ROOT array-buffer-byte-length@1.0.2 OK for: es-abstract@1.24.2 want: ^1.0.2
1583 silly placeDep ROOT arraybuffer.prototype.slice@1.0.4 OK for: es-abstract@1.24.2 want: ^1.0.4
1584 silly placeDep ROOT available-typed-arrays@1.0.7 OK for: es-abstract@1.24.2 want: ^1.0.7
1585 silly placeDep ROOT data-view-buffer@1.0.2 OK for: es-abstract@1.24.2 want: ^1.0.2
1586 silly placeDep ROOT data-view-byte-length@1.0.2 OK for: es-abstract@1.24.2 want: ^1.0.2
1587 silly placeDep ROOT data-view-byte-offset@1.0.1 OK for: es-abstract@1.24.2 want: ^1.0.1
1588 silly placeDep ROOT es-set-tostringtag@2.1.0 OK for: es-abstract@1.24.2 want: ^2.1.0
1589 silly placeDep ROOT es-to-primitive@1.3.4 OK for: es-abstract@1.24.2 want: ^1.3.0
1590 silly placeDep ROOT function.prototype.name@1.2.0 OK for: es-abstract@1.24.2 want: ^1.1.8
1591 silly placeDep ROOT get-proto@1.0.1 OK for: es-abstract@1.24.2 want: ^1.0.1
1592 silly placeDep ROOT get-symbol-description@1.1.0 OK for: es-abstract@1.24.2 want: ^1.1.0
1593 silly placeDep ROOT globalthis@1.0.4 OK for: es-abstract@1.24.2 want: ^1.0.4
1594 silly placeDep ROOT has-proto@1.2.0 OK for: es-abstract@1.24.2 want: ^1.2.0
1595 silly placeDep ROOT has-symbols@1.1.0 OK for: es-abstract@1.24.2 want: ^1.1.0
1596 silly placeDep ROOT internal-slot@1.1.0 OK for: es-abstract@1.24.2 want: ^1.1.0
1597 silly placeDep ROOT is-array-buffer@3.0.5 OK for: es-abstract@1.24.2 want: ^3.0.5
1598 silly placeDep ROOT is-callable@1.2.7 OK for: es-abstract@1.24.2 want: ^1.2.7
1599 silly placeDep ROOT is-data-view@1.0.2 OK for: es-abstract@1.24.2 want: ^1.0.2
1600 silly placeDep ROOT is-negative-zero@2.0.3 OK for: es-abstract@1.24.2 want: ^2.0.3
1601 silly placeDep ROOT is-regex@1.2.1 OK for: es-abstract@1.24.2 want: ^1.2.1
1602 silly placeDep ROOT is-set@2.0.3 OK for: es-abstract@1.24.2 want: ^2.0.3
1603 silly placeDep ROOT is-shared-array-buffer@1.0.4 OK for: es-abstract@1.24.2 want: ^1.0.4
1604 silly placeDep ROOT is-typed-array@1.1.15 OK for: es-abstract@1.24.2 want: ^1.1.15
1605 silly placeDep ROOT is-weakref@1.1.1 OK for: es-abstract@1.24.2 want: ^1.1.1
1606 silly placeDep ROOT object-inspect@1.13.4 OK for: es-abstract@1.24.2 want: ^1.13.4
1607 silly placeDep ROOT object.assign@4.1.7 OK for: es-abstract@1.24.2 want: ^4.1.7
1608 silly placeDep ROOT own-keys@1.0.2 OK for: es-abstract@1.24.2 want: ^1.0.1
1609 silly placeDep ROOT regexp.prototype.flags@1.5.4 OK for: es-abstract@1.24.2 want: ^1.5.4
1610 silly placeDep ROOT safe-array-concat@1.1.4 OK for: es-abstract@1.24.2 want: ^1.1.3
1611 silly placeDep ROOT safe-push-apply@1.0.0 OK for: es-abstract@1.24.2 want: ^1.0.0
1612 silly placeDep ROOT safe-regex-test@1.1.0 OK for: es-abstract@1.24.2 want: ^1.1.0
1613 silly placeDep ROOT set-proto@1.0.0 OK for: es-abstract@1.24.2 want: ^1.0.0
1614 silly placeDep ROOT stop-iteration-iterator@1.1.0 OK for: es-abstract@1.24.2 want: ^1.1.0
1615 silly placeDep ROOT string.prototype.trim@1.2.11 OK for: es-abstract@1.24.2 want: ^1.2.10
1616 silly placeDep ROOT string.prototype.trimstart@1.0.8 OK for: es-abstract@1.24.2 want: ^1.0.8
1617 silly placeDep ROOT typed-array-buffer@1.0.3 OK for: es-abstract@1.24.2 want: ^1.0.3
1618 silly placeDep ROOT typed-array-byte-length@1.0.3 OK for: es-abstract@1.24.2 want: ^1.0.3
1619 silly placeDep ROOT typed-array-byte-offset@1.0.4 OK for: es-abstract@1.24.2 want: ^1.0.4
1620 silly placeDep ROOT typed-array-length@1.0.8 OK for: es-abstract@1.24.2 want: ^1.0.7
1621 silly placeDep ROOT unbox-primitive@1.1.0 OK for: es-abstract@1.24.2 want: ^1.1.0
1622 silly placeDep ROOT which-typed-array@1.1.22 OK for: es-abstract@1.24.2 want: ^1.1.19
1623 silly fetch manifest is-array-buffer@^3.0.4
1624 silly packumentCache full:https://registry.npmjs.org/is-array-buffer cache-miss
1625 silly fetch manifest possible-typed-array-names@^1.0.0
1626 silly packumentCache full:https://registry.npmjs.org/possible-typed-array-names cache-miss
1627 silly fetch manifest is-data-view@^1.0.1
1628 silly packumentCache full:https://registry.npmjs.org/is-data-view cache-miss
1629 silly fetch manifest is-symbol@^1.1.1
1630 silly packumentCache full:https://registry.npmjs.org/is-symbol cache-miss
1631 silly fetch manifest is-date-object@^1.1.0
1632 silly packumentCache full:https://registry.npmjs.org/is-date-object cache-miss
1633 silly fetch manifest es-abstract-get@^1.0.0
1634 silly packumentCache full:https://registry.npmjs.org/es-abstract-get cache-miss
1635 silly fetch manifest is-document.all@^1.0.0
1636 silly packumentCache full:https://registry.npmjs.org/is-document.all cache-miss
1637 silly fetch manifest functions-have-names@^1.2.3
1638 silly packumentCache full:https://registry.npmjs.org/functions-have-names cache-miss
1639 silly fetch manifest dunder-proto@^1.0.1
1640 silly packumentCache full:https://registry.npmjs.org/dunder-proto cache-miss
1641 silly fetch manifest dunder-proto@^1.0.0
1642 silly packumentCache full:https://registry.npmjs.org/dunder-proto cache-miss
1643 silly fetch manifest side-channel@^1.1.0
1644 silly packumentCache full:https://registry.npmjs.org/side-channel cache-miss
1645 http cache https://registry.npmjs.org/is-array-buffer 80ms (cache hit)
1646 silly packumentCache full:https://registry.npmjs.org/is-array-buffer set size:33562 disposed:false
1647 silly fetch manifest is-typed-array@^1.1.13
1648 silly packumentCache full:https://registry.npmjs.org/is-typed-array cache-miss
1649 http cache https://registry.npmjs.org/is-data-view 89ms (cache hit)
1650 silly packumentCache full:https://registry.npmjs.org/is-data-view set size:13756 disposed:false
1651 silly fetch manifest which-typed-array@^1.1.16
1652 silly packumentCache full:https://registry.npmjs.org/which-typed-array cache-miss
1653 http cache https://registry.npmjs.org/is-typed-array 33ms (cache hit)
1654 silly packumentCache full:https://registry.npmjs.org/is-typed-array set size:79965 disposed:false
1655 silly fetch manifest set-function-name@^2.0.2
1656 silly packumentCache full:https://registry.npmjs.org/set-function-name cache-miss
1657 http cache https://registry.npmjs.org/which-typed-array 33ms (cache hit)
1658 silly packumentCache full:https://registry.npmjs.org/which-typed-array set size:101551 disposed:false
1659 silly fetch manifest isarray@^2.0.5
1660 silly packumentCache full:https://registry.npmjs.org/isarray cache-miss
1661 http fetch GET 200 https://registry.npmjs.org/set-function-name 1843ms (cache miss)
1662 silly packumentCache full:https://registry.npmjs.org/set-function-name set size:undefined disposed:false
1663 silly fetch manifest isarray@^2.0.5
1664 silly packumentCache full:https://registry.npmjs.org/isarray cache-miss
1665 http fetch GET 200 https://registry.npmjs.org/functions-have-names 1977ms (cache miss)
1666 silly packumentCache full:https://registry.npmjs.org/functions-have-names set size:undefined disposed:false
1667 silly fetch manifest dunder-proto@^1.0.1
1668 silly packumentCache full:https://registry.npmjs.org/dunder-proto cache-miss
1669 http fetch GET 200 https://registry.npmjs.org/possible-typed-array-names 2025ms (cache miss)
1670 silly packumentCache full:https://registry.npmjs.org/possible-typed-array-names set size:undefined disposed:false
1671 silly fetch manifest for-each@^0.3.3
1672 silly packumentCache full:https://registry.npmjs.org/for-each cache-miss
1673 http fetch GET 200 https://registry.npmjs.org/dunder-proto 2044ms (cache miss)
1674 silly packumentCache full:https://registry.npmjs.org/dunder-proto set size:undefined disposed:false
1675 silly fetch manifest for-each@^0.3.3
1676 silly packumentCache full:https://registry.npmjs.org/for-each cache-miss
1677 http fetch GET 200 https://registry.npmjs.org/isarray 1975ms (cache miss)
1678 silly packumentCache full:https://registry.npmjs.org/isarray set size:undefined disposed:false
1679 silly fetch manifest reflect.getprototypeof@^1.0.9
1680 silly packumentCache full:https://registry.npmjs.org/reflect.getprototypeof cache-miss
1681 http fetch GET 200 https://registry.npmjs.org/is-date-object 2133ms (cache miss)
1682 silly packumentCache full:https://registry.npmjs.org/is-date-object set size:undefined disposed:false
1683 silly fetch manifest for-each@^0.3.5
1684 silly packumentCache full:https://registry.npmjs.org/for-each cache-miss
1685 http fetch GET 200 https://registry.npmjs.org/es-abstract-get 2152ms (cache miss)
1686 silly packumentCache full:https://registry.npmjs.org/es-abstract-get set size:undefined disposed:false
1687 silly fetch manifest possible-typed-array-names@^1.1.0
1688 silly packumentCache full:https://registry.npmjs.org/possible-typed-array-names cache-miss
1689 http fetch GET 200 https://registry.npmjs.org/is-document.all 2208ms (cache miss)
1690 silly packumentCache full:https://registry.npmjs.org/is-document.all set size:undefined disposed:false
1691 silly fetch manifest reflect.getprototypeof@^1.0.10
1692 silly packumentCache full:https://registry.npmjs.org/reflect.getprototypeof cache-miss
1693 http fetch GET 200 https://registry.npmjs.org/side-channel 2222ms (cache miss)
1694 silly packumentCache full:https://registry.npmjs.org/side-channel set size:undefined disposed:false
1695 silly fetch manifest has-bigints@^1.0.2
1696 silly packumentCache full:https://registry.npmjs.org/has-bigints cache-miss
1697 http fetch GET 200 https://registry.npmjs.org/dunder-proto 2239ms (cache miss)
1698 silly packumentCache full:https://registry.npmjs.org/dunder-proto set size:undefined disposed:false
1699 silly fetch manifest which-boxed-primitive@^1.1.1
1700 silly packumentCache full:https://registry.npmjs.org/which-boxed-primitive cache-miss
1701 http fetch GET 200 https://registry.npmjs.org/is-symbol 2263ms (cache miss)
1702 silly packumentCache full:https://registry.npmjs.org/is-symbol set size:undefined disposed:false
1703 silly fetch manifest for-each@^0.3.5
1704 silly packumentCache full:https://registry.npmjs.org/for-each cache-miss
1705 http cache https://registry.npmjs.org/isarray 342ms (cache hit)
1706 silly packumentCache full:https://registry.npmjs.org/isarray set size:17392 disposed:false
1707 http cache https://registry.npmjs.org/dunder-proto 328ms (cache hit)
1708 silly packumentCache full:https://registry.npmjs.org/dunder-proto set size:8256 disposed:false
1709 http cache https://registry.npmjs.org/possible-typed-array-names 171ms (cache hit)
1710 silly packumentCache full:https://registry.npmjs.org/possible-typed-array-names set size:9167 disposed:false
1711 http fetch GET 200 https://registry.npmjs.org/reflect.getprototypeof 1019ms (cache miss)
1712 silly packumentCache full:https://registry.npmjs.org/reflect.getprototypeof set size:undefined disposed:false
1713 http fetch GET 200 https://registry.npmjs.org/for-each 1189ms (cache miss)
1714 silly packumentCache full:https://registry.npmjs.org/for-each set size:undefined disposed:false
1715 http fetch GET 200 https://registry.npmjs.org/reflect.getprototypeof 1151ms (cache miss)
1716 silly packumentCache full:https://registry.npmjs.org/reflect.getprototypeof set size:undefined disposed:false
1717 http fetch GET 200 https://registry.npmjs.org/for-each 1011ms (cache miss)
1718 silly packumentCache full:https://registry.npmjs.org/for-each set size:undefined disposed:false
1719 http fetch GET 200 https://registry.npmjs.org/for-each 1247ms (cache miss)
1720 silly packumentCache full:https://registry.npmjs.org/for-each set size:undefined disposed:false
1721 http fetch GET 200 https://registry.npmjs.org/has-bigints 1082ms (cache miss)
1722 silly packumentCache full:https://registry.npmjs.org/has-bigints set size:undefined disposed:false
1723 http fetch GET 200 https://registry.npmjs.org/for-each 1303ms (cache miss)
1724 silly packumentCache full:https://registry.npmjs.org/for-each set size:undefined disposed:false
1725 http fetch GET 200 https://registry.npmjs.org/which-boxed-primitive 3384ms (cache miss)
1726 silly packumentCache full:https://registry.npmjs.org/which-boxed-primitive set size:undefined disposed:false
1727 silly placeDep ROOT possible-typed-array-names@1.1.0 OK for: available-typed-arrays@1.0.7 want: ^1.0.0
1728 silly placeDep ROOT has-tostringtag@1.0.2 OK for: es-set-tostringtag@2.1.0 want: ^1.0.2
1729 silly placeDep ROOT es-abstract-get@1.0.0 OK for: es-to-primitive@1.3.4 want: ^1.0.0
1730 silly placeDep ROOT is-date-object@1.1.0 OK for: es-to-primitive@1.3.4 want: ^1.1.0
1731 silly placeDep ROOT is-symbol@1.1.1 OK for: es-to-primitive@1.3.4 want: ^1.1.1
1732 silly placeDep node_modules/eslint-module-utils debug@3.2.7 OK for: eslint-module-utils@2.14.0 want: ^3.2.7
1733 silly placeDep ROOT aria-query@5.3.2 OK for: eslint-plugin-jsx-a11y@6.10.2 want: ^5.3.2
1734 silly placeDep ROOT ast-types-flow@0.0.8 OK for: eslint-plugin-jsx-a11y@6.10.2 want: ^0.0.8
1735 silly placeDep ROOT axe-core@4.13.0 OK for: eslint-plugin-jsx-a11y@6.10.2 want: ^4.10.0
1736 silly placeDep ROOT axobject-query@4.1.0 OK for: eslint-plugin-jsx-a11y@6.10.2 want: ^4.1.0
1737 silly placeDep ROOT damerau-levenshtein@1.0.8 OK for: eslint-plugin-jsx-a11y@6.10.2 want: ^1.0.8
1738 silly placeDep ROOT emoji-regex@9.2.2 OK for: eslint-plugin-jsx-a11y@6.10.2 want: ^9.2.2
1739 silly placeDep ROOT jsx-ast-utils@3.3.5 OK for: eslint-plugin-jsx-a11y@6.10.2 want: ^3.3.5
1740 silly placeDep ROOT language-tags@1.0.9 OK for: eslint-plugin-jsx-a11y@6.10.2 want: ^1.0.9
1741 silly placeDep ROOT string.prototype.includes@2.0.1 OK for: eslint-plugin-jsx-a11y@6.10.2 want: ^2.0.1
1742 silly fetch manifest language-subtag-registry@^0.3.20
1743 silly packumentCache full:https://registry.npmjs.org/language-subtag-registry cache-miss
1744 http fetch GET 200 https://registry.npmjs.org/language-subtag-registry 2772ms (cache miss)
1745 silly packumentCache full:https://registry.npmjs.org/language-subtag-registry set size:undefined disposed:false
1746 silly placeDep ROOT array.prototype.findlast@1.2.5 OK for: eslint-plugin-react@7.37.5 want: ^1.2.5
1747 silly placeDep ROOT array.prototype.tosorted@1.1.4 OK for: eslint-plugin-react@7.37.5 want: ^1.1.4
1748 silly placeDep ROOT es-iterator-helpers@1.4.0 OK for: eslint-plugin-react@7.37.5 want: ^1.2.1
1749 silly placeDep ROOT estraverse@5.3.0 OK for: eslint-plugin-react@7.37.5 want: ^5.3.0
1750 silly placeDep ROOT object.entries@1.1.9 OK for: eslint-plugin-react@7.37.5 want: ^1.1.9
1751 silly placeDep ROOT prop-types@15.8.1 OK for: eslint-plugin-react@7.37.5 want: ^15.8.1
1752 silly placeDep ROOT string.prototype.matchall@4.0.12 OK for: eslint-plugin-react@7.37.5 want: ^4.0.12
1753 silly placeDep ROOT string.prototype.repeat@1.0.0 OK for: eslint-plugin-react@7.37.5 want: ^1.0.0
1754 silly fetch manifest iterator.prototype@^1.1.5
1755 silly packumentCache full:https://registry.npmjs.org/iterator.prototype cache-miss
1756 silly fetch manifest loose-envify@^1.4.0
1757 silly packumentCache full:https://registry.npmjs.org/loose-envify cache-miss
1758 silly fetch manifest object-assign@^4.1.1
1759 silly packumentCache full:https://registry.npmjs.org/object-assign cache-miss
1760 silly fetch manifest react-is@^16.13.1
1761 silly packumentCache full:https://registry.npmjs.org/react-is cache-miss
1762 http fetch GET 200 https://registry.npmjs.org/loose-envify 2053ms (cache miss)
1763 silly packumentCache full:https://registry.npmjs.org/loose-envify set size:undefined disposed:false
1764 http fetch GET 200 https://registry.npmjs.org/object-assign 2066ms (cache miss)
1765 silly packumentCache full:https://registry.npmjs.org/object-assign set size:undefined disposed:false
1766 http fetch GET 200 https://registry.npmjs.org/iterator.prototype 2084ms (cache miss)
1767 silly packumentCache full:https://registry.npmjs.org/iterator.prototype set size:undefined disposed:false
1768 http fetch GET 200 https://registry.npmjs.org/react-is 91789ms (cache miss)
1769 silly packumentCache full:https://registry.npmjs.org/react-is set size:undefined disposed:false
1770 silly placeDep ROOT iterator.prototype@1.1.5 OK for: es-iterator-helpers@1.4.0 want: ^1.1.5
1771 silly placeDep ROOT @babel/core@7.29.7 OK for: eslint-plugin-react-hooks@7.1.1 want: ^7.24.4
1772 silly placeDep ROOT @babel/parser@7.29.8 OK for: eslint-plugin-react-hooks@7.1.1 want: ^7.24.4
1773 silly placeDep ROOT hermes-parser@0.25.1 OK for: eslint-plugin-react-hooks@7.1.1 want: ^0.25.1
1774 silly placeDep ROOT zod@4.4.3 OK for: eslint-plugin-react-hooks@7.1.1 want: ^3.25.0 || ^4.0.0
1775 silly placeDep ROOT zod-validation-error@4.0.2 OK for: eslint-plugin-react-hooks@7.1.1 want: ^3.5.0 || ^4.0.0
1776 silly fetch manifest json5@^2.2.3
1777 silly packumentCache full:https://registry.npmjs.org/json5 cache-miss
1778 silly fetch manifest gensync@^1.0.0-beta.2
1779 silly packumentCache full:https://registry.npmjs.org/gensync cache-miss
1780 silly fetch manifest @babel/types@^7.29.7
1781 silly packumentCache full:https://registry.npmjs.org/@babel%2ftypes cache-miss
1782 silly fetch manifest @babel/parser@^7.29.7
1783 silly packumentCache full:https://registry.npmjs.org/@babel%2fparser cache-miss
1784 silly fetch manifest @babel/helpers@^7.29.7
1785 silly packumentCache full:https://registry.npmjs.org/@babel%2fhelpers cache-miss
1786 silly fetch manifest @babel/template@^7.29.7
1787 silly packumentCache full:https://registry.npmjs.org/@babel%2ftemplate cache-miss
1788 silly fetch manifest @babel/traverse@^7.29.7
1789 silly packumentCache full:https://registry.npmjs.org/@babel%2ftraverse cache-miss
1790 silly fetch manifest @babel/generator@^7.29.7
1791 silly packumentCache full:https://registry.npmjs.org/@babel%2fgenerator cache-miss
1792 silly fetch manifest @babel/code-frame@^7.29.7
1793 silly packumentCache full:https://registry.npmjs.org/@babel%2fcode-frame cache-miss
1794 silly fetch manifest convert-source-map@^2.0.0
1795 silly packumentCache full:https://registry.npmjs.org/convert-source-map cache-miss
1796 silly fetch manifest @babel/helper-module-transforms@^7.29.7
1797 silly packumentCache full:https://registry.npmjs.org/@babel%2fhelper-module-transforms cache-miss
1798 http cache https://registry.npmjs.org/json5 94ms (cache hit)
1799 silly packumentCache full:https://registry.npmjs.org/json5 set size:86136 disposed:false
1800 silly fetch manifest @babel/helper-compilation-targets@^7.29.7
1801 silly packumentCache full:https://registry.npmjs.org/@babel%2fhelper-compilation-targets cache-miss
1802 http cache https://registry.npmjs.org/@babel%2fparser 106ms (cache hit)
1803 silly packumentCache full:https://registry.npmjs.org/@babel%2fparser set size:737961 disposed:false
1804 silly fetch manifest @babel/types@^7.29.8
1805 silly packumentCache full:https://registry.npmjs.org/@babel%2ftypes cache-miss
1806 http fetch GET 200 https://registry.npmjs.org/gensync 1882ms (cache miss)
1807 silly packumentCache full:https://registry.npmjs.org/gensync set size:undefined disposed:false
1808 silly fetch manifest hermes-estree@0.25.1
1809 silly packumentCache full:https://registry.npmjs.org/hermes-estree cache-miss
1810 http fetch GET 200 https://registry.npmjs.org/convert-source-map 2019ms (cache miss)
1811 silly packumentCache full:https://registry.npmjs.org/convert-source-map set size:undefined disposed:false
1812 http fetch GET 200 https://registry.npmjs.org/@babel%2ftypes 2152ms (cache miss)
1813 silly packumentCache full:https://registry.npmjs.org/@babel%2ftypes set size:undefined disposed:false
1814 http fetch GET 200 https://registry.npmjs.org/@babel%2fhelper-module-transforms 2337ms (cache miss)
1815 silly packumentCache full:https://registry.npmjs.org/@babel%2fhelper-module-transforms set size:undefined disposed:false
1816 http fetch GET 200 https://registry.npmjs.org/@babel%2fhelper-compilation-targets 2259ms (cache miss)
1817 silly packumentCache full:https://registry.npmjs.org/@babel%2fhelper-compilation-targets set size:undefined disposed:false
1818 http fetch GET 200 https://registry.npmjs.org/@babel%2fcode-frame 5269ms (cache miss)
1819 silly packumentCache full:https://registry.npmjs.org/@babel%2fcode-frame set size:undefined disposed:false
1820 http fetch GET 200 https://registry.npmjs.org/@babel%2ftemplate 6971ms (cache miss)
1821 silly packumentCache full:https://registry.npmjs.org/@babel%2ftemplate set size:undefined disposed:false
1822 http fetch GET 200 https://registry.npmjs.org/hermes-estree 5095ms (cache miss)
1823 silly packumentCache full:https://registry.npmjs.org/hermes-estree set size:undefined disposed:false
1824 http fetch GET 200 https://registry.npmjs.org/@babel%2ftypes 10164ms (cache miss)
1825 silly packumentCache full:https://registry.npmjs.org/@babel%2ftypes set size:undefined disposed:false
1826 http fetch GET 200 https://registry.npmjs.org/@babel%2ftraverse 16033ms (cache miss)
1827 silly packumentCache full:https://registry.npmjs.org/@babel%2ftraverse set size:undefined disposed:false
1828 http fetch GET 200 https://registry.npmjs.org/@babel%2fhelpers 18842ms (cache miss)
1829 silly packumentCache full:https://registry.npmjs.org/@babel%2fhelpers set size:undefined disposed:false
1830 http fetch GET 200 https://registry.npmjs.org/@babel%2fgenerator 18932ms (cache miss)
1831 silly packumentCache full:https://registry.npmjs.org/@babel%2fgenerator set size:undefined disposed:false
1832 silly fetch manifest @babel/core@^7.0.0
1833 silly packumentCache full:https://registry.npmjs.org/@babel%2fcore cache-miss
1834 http cache https://registry.npmjs.org/@babel%2fcore 89ms (cache hit)
1835 silly packumentCache full:https://registry.npmjs.org/@babel%2fcore set size:788273 disposed:false
1836 silly placeDep ROOT @babel/code-frame@7.29.7 OK for: @babel/core@7.29.7 want: ^7.29.7
1837 silly placeDep ROOT @babel/generator@7.29.8 OK for: @babel/core@7.29.7 want: ^7.29.7
1838 silly placeDep ROOT @babel/helper-compilation-targets@7.29.7 OK for: @babel/core@7.29.7 want: ^7.29.7
1839 silly placeDep ROOT @babel/helper-module-transforms@7.29.7 OK for: @babel/core@7.29.7 want: ^7.29.7
1840 silly placeDep ROOT @babel/helpers@7.29.7 OK for: @babel/core@7.29.7 want: ^7.29.7
1841 silly placeDep ROOT @babel/template@7.29.7 OK for: @babel/core@7.29.7 want: ^7.29.7
1842 silly placeDep ROOT @babel/traverse@7.29.8 OK for: @babel/core@7.29.7 want: ^7.29.7
1843 silly placeDep ROOT @babel/types@7.29.8 OK for: @babel/core@7.29.7 want: ^7.29.7
1844 silly placeDep ROOT convert-source-map@2.0.0 OK for: @babel/core@7.29.7 want: ^2.0.0
1845 silly placeDep ROOT gensync@1.0.0-beta.2 OK for: @babel/core@7.29.7 want: ^1.0.0-beta.2
1846 silly placeDep ROOT json5@2.2.3 OK for: @babel/core@7.29.7 want: ^2.2.3
1847 silly fetch manifest js-tokens@^4.0.0
1848 silly packumentCache full:https://registry.npmjs.org/js-tokens cache-miss
1849 silly fetch manifest @babel/helper-validator-identifier@^7.29.7
1850 silly packumentCache full:https://registry.npmjs.org/@babel%2fhelper-validator-identifier cache-miss
1851 silly fetch manifest jsesc@^3.0.2
1852 silly packumentCache full:https://registry.npmjs.org/jsesc cache-miss
1853 silly fetch manifest lru-cache@^5.1.1
1854 silly packumentCache full:https://registry.npmjs.org/lru-cache cache-miss
1855 silly fetch manifest browserslist@^4.24.0
1856 silly packumentCache full:https://registry.npmjs.org/browserslist cache-miss
1857 silly fetch manifest @babel/compat-data@^7.29.7
1858 silly packumentCache full:https://registry.npmjs.org/@babel%2fcompat-data cache-miss
1859 silly fetch manifest @babel/helper-validator-option@^7.29.7
1860 silly packumentCache full:https://registry.npmjs.org/@babel%2fhelper-validator-option cache-miss
1861 silly fetch manifest @babel/helper-module-imports@^7.29.7
1862 silly packumentCache full:https://registry.npmjs.org/@babel%2fhelper-module-imports cache-miss
1863 silly fetch manifest @babel/helper-validator-identifier@^7.29.7
1864 silly packumentCache full:https://registry.npmjs.org/@babel%2fhelper-validator-identifier cache-miss
1865 silly fetch manifest @babel/helper-globals@^7.29.7
1866 silly packumentCache full:https://registry.npmjs.org/@babel%2fhelper-globals cache-miss
1867 silly fetch manifest @babel/helper-string-parser@^7.29.7
1868 silly packumentCache full:https://registry.npmjs.org/@babel%2fhelper-string-parser cache-miss
1869 http fetch GET 200 https://registry.npmjs.org/@babel%2fhelper-globals 1930ms (cache miss)
1870 silly packumentCache full:https://registry.npmjs.org/@babel%2fhelper-globals set size:undefined disposed:false
1871 silly fetch manifest @babel/helper-validator-identifier@^7.29.7
1872 silly packumentCache full:https://registry.npmjs.org/@babel%2fhelper-validator-identifier cache-miss
1873 http fetch GET 200 https://registry.npmjs.org/@babel%2fhelper-validator-identifier 2281ms (cache miss)
1874 silly packumentCache full:https://registry.npmjs.org/@babel%2fhelper-validator-identifier set size:undefined disposed:false
1875 http fetch GET 200 https://registry.npmjs.org/js-tokens 2366ms (cache miss)
1876 silly packumentCache full:https://registry.npmjs.org/js-tokens set size:undefined disposed:false
1877 http fetch GET 200 https://registry.npmjs.org/jsesc 2429ms (cache miss)
1878 silly packumentCache full:https://registry.npmjs.org/jsesc set size:undefined disposed:false
1879 http fetch GET 200 https://registry.npmjs.org/@babel%2fhelper-validator-option 2438ms (cache miss)
1880 silly packumentCache full:https://registry.npmjs.org/@babel%2fhelper-validator-option set size:undefined disposed:false
1881 http fetch GET 200 https://registry.npmjs.org/@babel%2fhelper-string-parser 2503ms (cache miss)
1882 silly packumentCache full:https://registry.npmjs.org/@babel%2fhelper-string-parser set size:undefined disposed:false
1883 http fetch GET 200 https://registry.npmjs.org/@babel%2fhelper-module-imports 4448ms (cache miss)
1884 silly packumentCache full:https://registry.npmjs.org/@babel%2fhelper-module-imports set size:undefined disposed:false
1885 http fetch GET 200 https://registry.npmjs.org/@babel%2fhelper-validator-identifier 4625ms (cache miss)
1886 silly packumentCache full:https://registry.npmjs.org/@babel%2fhelper-validator-identifier set size:undefined disposed:false
1887 http fetch GET 200 https://registry.npmjs.org/lru-cache 5965ms (cache miss)
1888 silly packumentCache full:https://registry.npmjs.org/lru-cache set size:undefined disposed:false
1889 http fetch GET 200 https://registry.npmjs.org/@babel%2fhelper-validator-identifier 7727ms (cache miss)
1890 silly packumentCache full:https://registry.npmjs.org/@babel%2fhelper-validator-identifier set size:undefined disposed:false
1891 http fetch GET 200 https://registry.npmjs.org/@babel%2fcompat-data 13547ms (cache miss)
1892 silly packumentCache full:https://registry.npmjs.org/@babel%2fcompat-data set size:undefined disposed:false
1893 http fetch GET 200 https://registry.npmjs.org/browserslist 16386ms (cache miss)
1894 silly packumentCache full:https://registry.npmjs.org/browserslist set size:undefined disposed:false
1895 silly placeDep ROOT @babel/helper-validator-identifier@7.29.7 OK for: @babel/code-frame@7.29.7 want: ^7.29.7
1896 silly placeDep ROOT js-tokens@4.0.0 OK for: @babel/code-frame@7.29.7 want: ^4.0.0
1897 silly placeDep ROOT picocolors@1.1.1 OK for: @babel/code-frame@7.29.7 want: ^1.1.1
1898 silly placeDep ROOT jsesc@3.1.0 OK for: @babel/generator@7.29.8 want: ^3.0.2
1899 silly placeDep ROOT @babel/compat-data@7.29.7 OK for: @babel/helper-compilation-targets@7.29.7 want: ^7.29.7
1900 silly placeDep ROOT @babel/helper-validator-option@7.29.7 OK for: @babel/helper-compilation-targets@7.29.7 want: ^7.29.7
1901 silly placeDep ROOT browserslist@4.28.8 OK for: @babel/helper-compilation-targets@7.29.7 want: ^4.24.0
1902 silly placeDep ROOT lru-cache@5.1.1 OK for: @babel/helper-compilation-targets@7.29.7 want: ^5.1.1
1903 silly fetch manifest caniuse-lite@^1.0.30001809
1904 silly packumentCache full:https://registry.npmjs.org/caniuse-lite cache-miss
1905 silly fetch manifest node-releases@^2.0.53
1906 silly packumentCache full:https://registry.npmjs.org/node-releases cache-miss
1907 silly fetch manifest electron-to-chromium@^1.5.402
1908 silly packumentCache full:https://registry.npmjs.org/electron-to-chromium cache-miss
1909 silly fetch manifest update-browserslist-db@^1.3.0
1910 silly packumentCache full:https://registry.npmjs.org/update-browserslist-db cache-miss
1911 silly fetch manifest baseline-browser-mapping@^2.11.12
1912 silly packumentCache full:https://registry.npmjs.org/baseline-browser-mapping cache-miss
1913 silly fetch manifest yallist@^3.0.2
1914 silly packumentCache full:https://registry.npmjs.org/yallist cache-miss
1915 http fetch GET 200 https://registry.npmjs.org/caniuse-lite 273ms (cache revalidated)
1916 silly packumentCache full:https://registry.npmjs.org/caniuse-lite set size:2313344 disposed:false
1917 http fetch GET 200 https://registry.npmjs.org/baseline-browser-mapping 338ms (cache revalidated)
1918 silly packumentCache full:https://registry.npmjs.org/baseline-browser-mapping set size:617404 disposed:false
1919 http fetch GET 200 https://registry.npmjs.org/yallist 2329ms (cache miss)
1920 silly packumentCache full:https://registry.npmjs.org/yallist set size:undefined disposed:false
1921 http fetch GET 200 https://registry.npmjs.org/update-browserslist-db 2676ms (cache miss)
1922 silly packumentCache full:https://registry.npmjs.org/update-browserslist-db set size:undefined disposed:false
1923 http fetch GET 200 https://registry.npmjs.org/node-releases 9279ms (cache miss)
1924 silly packumentCache full:https://registry.npmjs.org/node-releases set size:undefined disposed:false
1925 http fetch GET 200 https://registry.npmjs.org/electron-to-chromium 13672ms (cache miss)
1926 silly packumentCache full:https://registry.npmjs.org/electron-to-chromium set size:undefined disposed:false
1927 silly placeDep ROOT @babel/helper-module-imports@7.29.7 OK for: @babel/helper-module-transforms@7.29.7 want: ^7.29.7
1928 silly placeDep ROOT @babel/helper-globals@7.29.7 OK for: @babel/traverse@7.29.8 want: ^7.29.7
1929 silly placeDep ROOT @babel/helper-string-parser@7.29.7 OK for: @babel/types@7.29.8 want: ^7.29.7
1930 silly fetch manifest browserslist@>= 4.21.0
1931 silly packumentCache full:https://registry.npmjs.org/browserslist cache-miss
1932 http cache https://registry.npmjs.org/browserslist 23ms (cache hit)
1933 silly packumentCache full:https://registry.npmjs.org/browserslist set size:518659 disposed:false
1934 silly placeDep ROOT baseline-browser-mapping@2.11.19 OK for: browserslist@4.28.8 want: ^2.11.12
1935 silly placeDep ROOT caniuse-lite@1.0.30001810 OK for: browserslist@4.28.8 want: ^1.0.30001809
1936 silly placeDep ROOT electron-to-chromium@1.5.415 OK for: browserslist@4.28.8 want: ^1.5.402
1937 silly placeDep ROOT node-releases@2.0.53 OK for: browserslist@4.28.8 want: ^2.0.53
1938 silly placeDep ROOT update-browserslist-db@1.3.1 OK for: browserslist@4.28.8 want: ^1.3.0
1939 silly fetch manifest escalade@^3.2.0
1940 silly packumentCache full:https://registry.npmjs.org/escalade cache-miss
1941 http fetch GET 200 https://registry.npmjs.org/escalade 768ms (cache miss)
1942 silly packumentCache full:https://registry.npmjs.org/escalade set size:undefined disposed:false
1943 silly placeDep ROOT esrecurse@4.3.0 OK for: eslint-scope@8.4.0 want: ^4.3.0
1944 silly placeDep ROOT acorn@8.18.0 OK for: espree@10.4.0 want: ^8.15.0
1945 silly placeDep ROOT acorn-jsx@5.3.2 OK for: espree@10.4.0 want: ^5.3.2
1946 silly placeDep ROOT @nodelib/fs.stat@2.0.5 OK for: fast-glob@3.3.1 want: ^2.0.2
1947 silly placeDep ROOT @nodelib/fs.walk@1.2.8 OK for: fast-glob@3.3.1 want: ^1.2.3
1948 silly placeDep node_modules/fast-glob glob-parent@5.1.2 OK for: fast-glob@3.3.1 want: ^5.1.2
1949 silly placeDep ROOT merge2@1.4.1 OK for: fast-glob@3.3.1 want: ^1.3.0
1950 silly placeDep ROOT micromatch@4.0.8 OK for: fast-glob@3.3.1 want: ^4.0.4
1951 silly fetch manifest fastq@^1.6.0
1952 silly packumentCache full:https://registry.npmjs.org/fastq cache-miss
1953 silly fetch manifest @nodelib/fs.scandir@2.1.5
1954 silly packumentCache full:https://registry.npmjs.org/@nodelib%2ffs.scandir cache-miss
1955 silly fetch manifest braces@^3.0.3
1956 silly packumentCache full:https://registry.npmjs.org/braces cache-miss
1957 silly fetch manifest picomatch@^2.3.1
1958 silly packumentCache full:https://registry.npmjs.org/picomatch cache-miss
1959 http cache https://registry.npmjs.org/picomatch 29ms (cache hit)
1960 silly packumentCache full:https://registry.npmjs.org/picomatch set size:134451 disposed:false
1961 http fetch GET 200 https://registry.npmjs.org/fastq 1655ms (cache miss)
1962 silly packumentCache full:https://registry.npmjs.org/fastq set size:undefined disposed:false
1963 http fetch GET 200 https://registry.npmjs.org/@nodelib%2ffs.scandir 2085ms (cache miss)
1964 silly packumentCache full:https://registry.npmjs.org/@nodelib%2ffs.scandir set size:undefined disposed:false
1965 http fetch GET 200 https://registry.npmjs.org/braces 2536ms (cache miss)
1966 silly packumentCache full:https://registry.npmjs.org/braces set size:undefined disposed:false
1967 silly placeDep ROOT @nodelib/fs.scandir@2.1.5 OK for: @nodelib/fs.walk@1.2.8 want: 2.1.5
1968 silly placeDep ROOT fastq@1.20.1 OK for: @nodelib/fs.walk@1.2.8 want: ^1.6.0
1969 silly fetch manifest run-parallel@^1.1.9
1970 silly packumentCache full:https://registry.npmjs.org/run-parallel cache-miss
1971 silly fetch manifest reusify@^1.0.4
1972 silly packumentCache full:https://registry.npmjs.org/reusify cache-miss
1973 http fetch GET 200 https://registry.npmjs.org/reusify 1425ms (cache miss)
1974 silly packumentCache full:https://registry.npmjs.org/reusify set size:undefined disposed:false
1975 http fetch GET 200 https://registry.npmjs.org/run-parallel 1833ms (cache miss)
1976 silly packumentCache full:https://registry.npmjs.org/run-parallel set size:undefined disposed:false
1977 silly placeDep ROOT run-parallel@1.2.0 OK for: @nodelib/fs.scandir@2.1.5 want: ^1.1.9
1978 silly fetch manifest queue-microtask@^1.2.2
1979 silly packumentCache full:https://registry.npmjs.org/queue-microtask cache-miss
1980 http fetch GET 200 https://registry.npmjs.org/queue-microtask 2213ms (cache miss)
1981 silly packumentCache full:https://registry.npmjs.org/queue-microtask set size:undefined disposed:false
1982 silly placeDep ROOT reusify@1.1.0 OK for: fastq@1.20.1 want: ^1.0.4
1983 silly placeDep ROOT flat-cache@4.0.1 OK for: file-entry-cache@8.0.0 want: ^4.0.0
1984 silly fetch manifest keyv@^4.5.4
1985 silly packumentCache full:https://registry.npmjs.org/keyv cache-miss
1986 silly fetch manifest flatted@^3.2.9
1987 silly packumentCache full:https://registry.npmjs.org/flatted cache-miss
1988 http fetch GET 200 https://registry.npmjs.org/flatted 909ms (cache miss)
1989 silly packumentCache full:https://registry.npmjs.org/flatted set size:undefined disposed:false
1990 http fetch GET 200 https://registry.npmjs.org/keyv 1431ms (cache miss)
1991 silly packumentCache full:https://registry.npmjs.org/keyv set size:undefined disposed:false
1992 silly placeDep ROOT locate-path@6.0.0 OK for: find-up@5.0.0 want: ^6.0.0
1993 silly placeDep ROOT path-exists@4.0.0 OK for: find-up@5.0.0 want: ^4.0.0
1994 silly fetch manifest p-locate@^5.0.0
1995 silly packumentCache full:https://registry.npmjs.org/p-locate cache-miss
1996 http fetch GET 200 https://registry.npmjs.org/p-locate 582ms (cache miss)
1997 silly packumentCache full:https://registry.npmjs.org/p-locate set size:undefined disposed:false
1998 silly placeDep ROOT flatted@3.4.4 OK for: flat-cache@4.0.1 want: ^3.2.9
1999 silly placeDep ROOT keyv@4.5.4 OK for: flat-cache@4.0.1 want: ^4.5.4
2000 silly fetch manifest json-buffer@3.0.1
2001 silly packumentCache full:https://registry.npmjs.org/json-buffer cache-miss
2002 http fetch GET 200 https://registry.npmjs.org/json-buffer 275ms (cache miss)
2003 silly packumentCache full:https://registry.npmjs.org/json-buffer set size:undefined disposed:false
2004 silly placeDep ROOT functions-have-names@1.2.3 OK for: function.prototype.name@1.2.0 want: ^1.2.3
2005 silly placeDep ROOT is-document.all@1.0.0 OK for: function.prototype.name@1.2.0 want: ^1.0.0
2006 silly placeDep ROOT dunder-proto@1.0.1 OK for: get-proto@1.0.1 want: ^1.0.1
2007 silly placeDep ROOT resolve-pkg-maps@1.0.0 OK for: get-tsconfig@4.14.3 want: ^1.0.0
2008 silly placeDep ROOT hermes-estree@0.25.1 OK for: hermes-parser@0.25.1 want: 0.25.1
2009 silly placeDep ROOT parent-module@1.0.1 OK for: import-fresh@3.3.1 want: ^1.0.0
2010 silly placeDep ROOT resolve-from@4.0.0 OK for: import-fresh@3.3.1 want: ^4.0.0
2011 silly fetch manifest callsites@^3.0.0
2012 silly packumentCache full:https://registry.npmjs.org/callsites cache-miss
2013 http fetch GET 200 https://registry.npmjs.org/callsites 1375ms (cache miss)
2014 silly packumentCache full:https://registry.npmjs.org/callsites set size:undefined disposed:false
2015 silly placeDep ROOT side-channel@1.1.1 OK for: internal-slot@1.1.0 want: ^1.1.0
2016 silly fetch manifest side-channel-list@^1.0.1
2017 silly packumentCache full:https://registry.npmjs.org/side-channel-list cache-miss
2018 silly fetch manifest side-channel-map@^1.0.1
2019 silly packumentCache full:https://registry.npmjs.org/side-channel-map cache-miss
2020 silly fetch manifest side-channel-weakmap@^1.0.2
2021 silly packumentCache full:https://registry.npmjs.org/side-channel-weakmap cache-miss
2022 http fetch GET 200 https://registry.npmjs.org/side-channel-list 238ms (cache miss)
2023 silly packumentCache full:https://registry.npmjs.org/side-channel-list set size:undefined disposed:false
2024 http fetch GET 200 https://registry.npmjs.org/side-channel-map 2556ms (cache miss)
2025 silly packumentCache full:https://registry.npmjs.org/side-channel-map set size:undefined disposed:false
2026 http fetch GET 200 https://registry.npmjs.org/side-channel-weakmap 2564ms (cache miss)
2027 silly packumentCache full:https://registry.npmjs.org/side-channel-weakmap set size:undefined disposed:false
2028 silly placeDep node_modules/is-bun-module semver@7.8.5 OK for: is-bun-module@2.0.0 want: ^7.7.1
2029 silly placeDep ROOT is-extglob@2.1.1 OK for: is-glob@4.0.3 want: ^2.1.1
2030 silly placeDep ROOT set-function-name@2.0.2 OK for: iterator.prototype@1.1.5 want: ^2.0.2
2031 silly placeDep ROOT argparse@2.0.1 OK for: js-yaml@4.3.1 want: ^2.0.1
2032 silly placeDep ROOT json-buffer@3.0.1 OK for: keyv@4.5.4 want: 3.0.1
2033 silly placeDep ROOT language-subtag-registry@0.3.23 OK for: language-tags@1.0.9 want: ^0.3.20
2034 silly placeDep ROOT prelude-ls@1.2.1 OK for: levn@0.4.1 want: ^1.2.1
2035 silly placeDep ROOT type-check@0.4.0 OK for: levn@0.4.1 want: ~0.4.0
2036 silly placeDep ROOT detect-libc@2.1.2 OK for: lightningcss@1.32.0 want: ^2.0.3
2037 silly placeDep ROOT lightningcss-android-arm64@1.32.0 OK for: lightningcss@1.32.0 want: 1.32.0
2038 silly placeDep ROOT lightningcss-darwin-arm64@1.32.0 OK for: lightningcss@1.32.0 want: 1.32.0
2039 silly placeDep ROOT lightningcss-darwin-x64@1.32.0 OK for: lightningcss@1.32.0 want: 1.32.0
2040 silly placeDep ROOT lightningcss-freebsd-x64@1.32.0 OK for: lightningcss@1.32.0 want: 1.32.0
2041 silly placeDep ROOT lightningcss-linux-arm-gnueabihf@1.32.0 OK for: lightningcss@1.32.0 want: 1.32.0
2042 silly placeDep ROOT lightningcss-linux-arm64-gnu@1.32.0 OK for: lightningcss@1.32.0 want: 1.32.0
2043 silly placeDep ROOT lightningcss-linux-arm64-musl@1.32.0 OK for: lightningcss@1.32.0 want: 1.32.0
2044 silly placeDep ROOT lightningcss-linux-x64-gnu@1.32.0 OK for: lightningcss@1.32.0 want: 1.32.0
2045 silly placeDep ROOT lightningcss-linux-x64-musl@1.32.0 OK for: lightningcss@1.32.0 want: 1.32.0
2046 silly placeDep ROOT lightningcss-win32-arm64-msvc@1.32.0 OK for: lightningcss@1.32.0 want: 1.32.0
2047 silly placeDep ROOT lightningcss-win32-x64-msvc@1.32.0 OK for: lightningcss@1.32.0 want: 1.32.0
2048 silly placeDep ROOT p-locate@5.0.0 OK for: locate-path@6.0.0 want: ^5.0.0
2049 silly fetch manifest p-limit@^3.0.2
2050 silly packumentCache full:https://registry.npmjs.org/p-limit cache-miss
2051 http fetch GET 200 https://registry.npmjs.org/p-limit 1748ms (cache miss)
2052 silly packumentCache full:https://registry.npmjs.org/p-limit set size:undefined disposed:false
2053 silly placeDep ROOT yallist@3.1.1 OK for: lru-cache@5.1.1 want: ^3.0.2
2054 silly placeDep ROOT braces@3.0.3 OK for: micromatch@4.0.8 want: ^3.0.3
2055 silly placeDep ROOT picomatch@2.3.2 OK for: micromatch@4.0.8 want: ^2.3.1
2056 silly fetch manifest fill-range@^7.1.1
2057 silly packumentCache full:https://registry.npmjs.org/fill-range cache-miss
2058 http fetch GET 200 https://registry.npmjs.org/fill-range 4548ms (cache miss)
2059 silly packumentCache full:https://registry.npmjs.org/fill-range set size:undefined disposed:false
2060 silly placeDep ROOT fill-range@7.1.1 OK for: braces@3.0.3 want: ^7.1.1
2061 silly fetch manifest to-regex-range@^5.0.1
2062 silly packumentCache full:https://registry.npmjs.org/to-regex-range cache-miss
2063 http fetch GET 200 https://registry.npmjs.org/to-regex-range 745ms (cache miss)
2064 silly packumentCache full:https://registry.npmjs.org/to-regex-range set size:undefined disposed:false
2065 silly placeDep ROOT to-regex-range@5.0.1 OK for: fill-range@7.1.1 want: ^5.0.1
2066 silly fetch manifest is-number@^7.0.0
2067 silly packumentCache full:https://registry.npmjs.org/is-number cache-miss
2068 http fetch GET 200 https://registry.npmjs.org/is-number 1846ms (cache miss)
2069 silly packumentCache full:https://registry.npmjs.org/is-number set size:undefined disposed:false
2070 silly placeDep ROOT brace-expansion@1.1.18 OK for: minimatch@3.1.5 want: ^1.1.7
2071 silly fetch manifest concat-map@0.0.1
2072 silly packumentCache full:https://registry.npmjs.org/concat-map cache-miss
2073 silly fetch manifest balanced-match@^1.0.0
2074 silly packumentCache full:https://registry.npmjs.org/balanced-match cache-miss
2075 http fetch GET 200 https://registry.npmjs.org/concat-map 352ms (cache miss)
2076 silly packumentCache full:https://registry.npmjs.org/concat-map set size:undefined disposed:false
2077 http fetch GET 200 https://registry.npmjs.org/balanced-match 2680ms (cache miss)
2078 silly packumentCache full:https://registry.npmjs.org/balanced-match set size:undefined disposed:false
2079 silly placeDep ROOT balanced-match@1.0.2 OK for: brace-expansion@1.1.18 want: ^1.0.0
2080 silly placeDep ROOT concat-map@0.0.1 OK for: brace-expansion@1.1.18 want: 0.0.1
2081 silly fetch manifest react@^18.2.0 || 19.0.0-rc-de68d2f4-20241204 || ^19.0.0
2082 silly packumentCache full:https://registry.npmjs.org/react cache-miss
2083 http fetch GET 200 https://registry.npmjs.org/react 337ms (cache revalidated)
2084 silly packumentCache full:https://registry.npmjs.org/react set size:6917274 disposed:false
2085 silly placeDep ROOT @next/env@16.3.3 OK for: next@16.3.3 want: 16.3.3
2086 silly placeDep ROOT @next/swc-darwin-arm64@16.3.3 OK for: next@16.3.3 want: 16.3.3
2087 silly placeDep ROOT @next/swc-darwin-x64@16.3.3 OK for: next@16.3.3 want: 16.3.3
2088 silly placeDep ROOT @next/swc-linux-arm64-gnu@16.3.3 OK for: next@16.3.3 want: 16.3.3
2089 silly placeDep ROOT @next/swc-linux-arm64-musl@16.3.3 OK for: next@16.3.3 want: 16.3.3
2090 silly placeDep ROOT @next/swc-linux-x64-gnu@16.3.3 OK for: next@16.3.3 want: 16.3.3
2091 silly placeDep ROOT @next/swc-linux-x64-musl@16.3.3 OK for: next@16.3.3 want: 16.3.3
2092 silly placeDep ROOT @next/swc-win32-arm64-msvc@16.3.3 OK for: next@16.3.3 want: 16.3.3
2093 silly placeDep ROOT @next/swc-win32-x64-msvc@16.3.3 OK for: next@16.3.3 want: 16.3.3
2094 silly placeDep ROOT @swc/helpers@0.5.23 OK for: next@16.3.3 want: 0.5.23
2095 silly placeDep node_modules/next postcss@8.5.23 OK for: next@16.3.3 want: 8.5.23
2096 silly placeDep ROOT sharp@0.35.4 OK for: next@16.3.3 want: ^0.35.3
2097 silly placeDep ROOT styled-jsx@5.1.6 OK for: next@16.3.3 want: 5.1.6
2098 silly fetch manifest tslib@^2.8.0
2099 silly packumentCache full:https://registry.npmjs.org/tslib cache-miss
2100 silly fetch manifest nanoid@^3.3.16
2101 silly packumentCache full:https://registry.npmjs.org/nanoid cache-miss
2102 silly fetch manifest semver@^7.8.5
2103 silly packumentCache full:https://registry.npmjs.org/semver cache-hit
2104 silly fetch manifest @img/colour@^1.1.0
2105 silly packumentCache full:https://registry.npmjs.org/@img%2fcolour cache-miss
2106 silly fetch manifest @img/sharp-linux-arm@0.35.4
2107 silly packumentCache full:https://registry.npmjs.org/@img%2fsharp-linux-arm cache-miss
2108 silly fetch manifest @img/sharp-linux-x64@0.35.4
2109 silly packumentCache full:https://registry.npmjs.org/@img%2fsharp-linux-x64 cache-miss
2110 silly fetch manifest @img/sharp-win32-x64@0.35.4
2111 silly packumentCache full:https://registry.npmjs.org/@img%2fsharp-win32-x64 cache-miss
2112 silly fetch manifest @img/sharp-darwin-x64@0.35.4
2113 silly packumentCache full:https://registry.npmjs.org/@img%2fsharp-darwin-x64 cache-miss
2114 silly fetch manifest @img/sharp-win32-ia32@0.35.4
2115 silly packumentCache full:https://registry.npmjs.org/@img%2fsharp-win32-ia32 cache-miss
2116 silly fetch manifest @img/sharp-linux-arm64@0.35.4
2117 silly packumentCache full:https://registry.npmjs.org/@img%2fsharp-linux-arm64 cache-miss
2118 silly fetch manifest @img/sharp-linux-ppc64@0.35.4
2119 silly packumentCache full:https://registry.npmjs.org/@img%2fsharp-linux-ppc64 cache-miss
2120 silly fetch manifest @img/sharp-linux-s390x@0.35.4
2121 silly packumentCache full:https://registry.npmjs.org/@img%2fsharp-linux-s390x cache-miss
2122 http fetch GET 200 https://registry.npmjs.org/nanoid 257ms (cache revalidated)
2123 silly packumentCache full:https://registry.npmjs.org/nanoid set size:342705 disposed:false
2124 silly fetch manifest @img/sharp-win32-arm64@0.35.4
2125 silly packumentCache full:https://registry.npmjs.org/@img%2fsharp-win32-arm64 cache-miss
2126 http fetch GET 200 https://registry.npmjs.org/@img%2fsharp-win32-arm64 374ms (cache miss)
2127 silly packumentCache full:https://registry.npmjs.org/@img%2fsharp-win32-arm64 set size:undefined disposed:false
2128 silly fetch manifest @img/sharp-darwin-arm64@0.35.4
2129 silly packumentCache full:https://registry.npmjs.org/@img%2fsharp-darwin-arm64 cache-miss
2130 http fetch GET 200 https://registry.npmjs.org/@img%2fsharp-linux-arm64 835ms (cache miss)
2131 silly packumentCache full:https://registry.npmjs.org/@img%2fsharp-linux-arm64 set size:undefined disposed:false
2132 silly fetch manifest @img/sharp-linux-riscv64@0.35.4
2133 silly packumentCache full:https://registry.npmjs.org/@img%2fsharp-linux-riscv64 cache-miss
2134 http fetch GET 200 https://registry.npmjs.org/@img%2fcolour 2124ms (cache miss)
2135 silly packumentCache full:https://registry.npmjs.org/@img%2fcolour set size:undefined disposed:false
2136 silly fetch manifest @img/sharp-linuxmusl-x64@0.35.4
2137 silly packumentCache full:https://registry.npmjs.org/@img%2fsharp-linuxmusl-x64 cache-miss
2138 http fetch GET 200 https://registry.npmjs.org/@img%2fsharp-linux-riscv64 1287ms (cache miss)
2139 silly packumentCache full:https://registry.npmjs.org/@img%2fsharp-linux-riscv64 set size:undefined disposed:false
2140 silly fetch manifest @img/sharp-freebsd-wasm32@0.35.4
2141 silly packumentCache full:https://registry.npmjs.org/@img%2fsharp-freebsd-wasm32 cache-miss
2142 http fetch GET 200 https://registry.npmjs.org/@img%2fsharp-linux-s390x 2125ms (cache miss)
2143 silly packumentCache full:https://registry.npmjs.org/@img%2fsharp-linux-s390x set size:undefined disposed:false
2144 silly fetch manifest @img/sharp-linuxmusl-arm64@0.35.4
2145 silly packumentCache full:https://registry.npmjs.org/@img%2fsharp-linuxmusl-arm64 cache-miss
2146 http fetch GET 200 https://registry.npmjs.org/@img%2fsharp-linux-ppc64 2134ms (cache miss)
2147 silly packumentCache full:https://registry.npmjs.org/@img%2fsharp-linux-ppc64 set size:undefined disposed:false
2148 silly fetch manifest @img/sharp-libvips-linux-arm@1.3.3
2149 silly packumentCache full:https://registry.npmjs.org/@img%2fsharp-libvips-linux-arm cache-miss
2150 http fetch GET 200 https://registry.npmjs.org/@img%2fsharp-win32-x64 2502ms (cache miss)
2151 silly packumentCache full:https://registry.npmjs.org/@img%2fsharp-win32-x64 set size:undefined disposed:false
2152 silly fetch manifest @img/sharp-libvips-linux-x64@1.3.3
2153 silly packumentCache full:https://registry.npmjs.org/@img%2fsharp-libvips-linux-x64 cache-miss
2154 http fetch GET 200 https://registry.npmjs.org/@img%2fsharp-win32-ia32 4405ms (cache miss)
2155 silly packumentCache full:https://registry.npmjs.org/@img%2fsharp-win32-ia32 set size:undefined disposed:false
2156 silly fetch manifest @img/sharp-libvips-darwin-x64@1.3.3
2157 silly packumentCache full:https://registry.npmjs.org/@img%2fsharp-libvips-darwin-x64 cache-miss
2158 http fetch GET 200 https://registry.npmjs.org/@img%2fsharp-linuxmusl-arm64 2278ms (cache miss)
2159 silly packumentCache full:https://registry.npmjs.org/@img%2fsharp-linuxmusl-arm64 set size:undefined disposed:false
2160 silly fetch manifest @img/sharp-libvips-linux-arm64@1.3.3
2161 silly packumentCache full:https://registry.npmjs.org/@img%2fsharp-libvips-linux-arm64 cache-miss
2162 http fetch GET 200 https://registry.npmjs.org/@img%2fsharp-darwin-x64 4429ms (cache miss)
2163 silly packumentCache full:https://registry.npmjs.org/@img%2fsharp-darwin-x64 set size:undefined disposed:false
2164 silly fetch manifest @img/sharp-libvips-linux-ppc64@1.3.3
2165 silly packumentCache full:https://registry.npmjs.org/@img%2fsharp-libvips-linux-ppc64 cache-miss
2166 http fetch GET 200 https://registry.npmjs.org/@img%2fsharp-libvips-linux-x64 1927ms (cache miss)
2167 silly packumentCache full:https://registry.npmjs.org/@img%2fsharp-libvips-linux-x64 set size:undefined disposed:false
2168 silly fetch manifest @img/sharp-libvips-linux-s390x@1.3.3
2169 silly packumentCache full:https://registry.npmjs.org/@img%2fsharp-libvips-linux-s390x cache-miss
2170 http fetch GET 200 https://registry.npmjs.org/@img%2fsharp-freebsd-wasm32 2394ms (cache miss)
2171 silly packumentCache full:https://registry.npmjs.org/@img%2fsharp-freebsd-wasm32 set size:undefined disposed:false
2172 silly fetch manifest @img/sharp-libvips-darwin-arm64@1.3.3
2173 silly packumentCache full:https://registry.npmjs.org/@img%2fsharp-libvips-darwin-arm64 cache-miss
2174 http fetch GET 200 https://registry.npmjs.org/@img%2fsharp-linux-x64 4562ms (cache miss)
2175 silly packumentCache full:https://registry.npmjs.org/@img%2fsharp-linux-x64 set size:undefined disposed:false
2176 silly fetch manifest @img/sharp-webcontainers-wasm32@0.35.4
2177 silly packumentCache full:https://registry.npmjs.org/@img%2fsharp-webcontainers-wasm32 cache-miss
2178 http fetch GET 200 https://registry.npmjs.org/@img%2fsharp-linuxmusl-x64 2452ms (cache miss)
2179 silly packumentCache full:https://registry.npmjs.org/@img%2fsharp-linuxmusl-x64 set size:undefined disposed:false
2180 silly fetch manifest @img/sharp-libvips-linux-riscv64@1.3.3
2181 silly packumentCache full:https://registry.npmjs.org/@img%2fsharp-libvips-linux-riscv64 cache-miss
2182 http fetch GET 200 https://registry.npmjs.org/tslib 4598ms (cache miss)
2183 silly packumentCache full:https://registry.npmjs.org/tslib set size:undefined disposed:false
2184 silly fetch manifest @img/sharp-libvips-linuxmusl-x64@1.3.3
2185 silly packumentCache full:https://registry.npmjs.org/@img%2fsharp-libvips-linuxmusl-x64 cache-miss
2186 http fetch GET 200 https://registry.npmjs.org/@img%2fsharp-libvips-linux-arm 2477ms (cache miss)
2187 silly packumentCache full:https://registry.npmjs.org/@img%2fsharp-libvips-linux-arm set size:undefined disposed:false
2188 silly fetch manifest @img/sharp-libvips-linuxmusl-arm64@1.3.3
2189 silly packumentCache full:https://registry.npmjs.org/@img%2fsharp-libvips-linuxmusl-arm64 cache-miss
2190 http fetch GET 200 https://registry.npmjs.org/@img%2fsharp-darwin-arm64 4066ms (cache miss)
2191 silly packumentCache full:https://registry.npmjs.org/@img%2fsharp-darwin-arm64 set size:undefined disposed:false
2192 silly fetch manifest client-only@0.0.1
2193 silly packumentCache full:https://registry.npmjs.org/client-only cache-miss
2194 http fetch GET 200 https://registry.npmjs.org/@img%2fsharp-linux-arm 4815ms (cache miss)
2195 silly packumentCache full:https://registry.npmjs.org/@img%2fsharp-linux-arm set size:undefined disposed:false
2196 http fetch GET 200 https://registry.npmjs.org/client-only 236ms (cache miss)
2197 silly packumentCache full:https://registry.npmjs.org/client-only set size:undefined disposed:false
2198 http fetch GET 200 https://registry.npmjs.org/@img%2fsharp-webcontainers-wasm32 605ms (cache miss)
2199 silly packumentCache full:https://registry.npmjs.org/@img%2fsharp-webcontainers-wasm32 set size:undefined disposed:false
2200 http fetch GET 200 https://registry.npmjs.org/@img%2fsharp-libvips-linux-arm64 812ms (cache miss)
2201 silly packumentCache full:https://registry.npmjs.org/@img%2fsharp-libvips-linux-arm64 set size:undefined disposed:false
2202 http fetch GET 200 https://registry.npmjs.org/@img%2fsharp-libvips-linuxmusl-arm64 760ms (cache miss)
2203 silly packumentCache full:https://registry.npmjs.org/@img%2fsharp-libvips-linuxmusl-arm64 set size:undefined disposed:false
2204 http fetch GET 200 https://registry.npmjs.org/@img%2fsharp-libvips-darwin-x64 1554ms (cache miss)
2205 silly packumentCache full:https://registry.npmjs.org/@img%2fsharp-libvips-darwin-x64 set size:undefined disposed:false
2206 http fetch GET 200 https://registry.npmjs.org/@img%2fsharp-libvips-darwin-arm64 2738ms (cache miss)
2207 silly packumentCache full:https://registry.npmjs.org/@img%2fsharp-libvips-darwin-arm64 set size:undefined disposed:false
2208 http fetch GET 200 https://registry.npmjs.org/@img%2fsharp-libvips-linux-s390x 2831ms (cache miss)
2209 silly packumentCache full:https://registry.npmjs.org/@img%2fsharp-libvips-linux-s390x set size:undefined disposed:false
2210 http fetch GET 200 https://registry.npmjs.org/@img%2fsharp-libvips-linux-riscv64 2693ms (cache miss)
2211 silly packumentCache full:https://registry.npmjs.org/@img%2fsharp-libvips-linux-riscv64 set size:undefined disposed:false
2212 http fetch GET 200 https://registry.npmjs.org/@img%2fsharp-libvips-linux-ppc64 2890ms (cache miss)
2213 silly packumentCache full:https://registry.npmjs.org/@img%2fsharp-libvips-linux-ppc64 set size:undefined disposed:false
2214 http fetch GET 200 https://registry.npmjs.org/@img%2fsharp-libvips-linuxmusl-x64 3048ms (cache miss)
2215 silly packumentCache full:https://registry.npmjs.org/@img%2fsharp-libvips-linuxmusl-x64 set size:undefined disposed:false
2216 silly placeDep ROOT tslib@2.8.1 OK for: @swc/helpers@0.5.23 want: ^2.8.0
2217 silly placeDep ROOT deep-is@0.1.4 OK for: optionator@0.9.4 want: ^0.1.3
2218 silly placeDep ROOT fast-levenshtein@2.0.6 OK for: optionator@0.9.4 want: ^2.0.6
2219 silly placeDep ROOT word-wrap@1.2.5 OK for: optionator@0.9.4 want: ^1.2.5
2220 silly placeDep ROOT p-limit@3.1.0 OK for: p-locate@5.0.0 want: ^3.0.2
2221 silly fetch manifest yocto-queue@^0.1.0
2222 silly packumentCache full:https://registry.npmjs.org/yocto-queue cache-miss
2223 http fetch GET 200 https://registry.npmjs.org/yocto-queue 939ms (cache miss)
2224 silly packumentCache full:https://registry.npmjs.org/yocto-queue set size:undefined disposed:false
2225 silly placeDep ROOT yocto-queue@0.1.0 OK for: p-limit@3.1.0 want: ^0.1.0
2226 silly placeDep ROOT callsites@3.1.0 OK for: parent-module@1.0.1 want: ^3.0.0
2227 silly placeDep ROOT nanoid@3.3.18 OK for: postcss@8.5.26 want: ^3.3.17
2228 silly placeDep ROOT loose-envify@1.4.0 OK for: prop-types@15.8.1 want: ^1.4.0
2229 silly placeDep ROOT object-assign@4.1.1 OK for: prop-types@15.8.1 want: ^4.1.1
2230 silly placeDep ROOT react-is@16.13.1 OK for: prop-types@15.8.1 want: ^16.13.1
2231 silly placeDep ROOT scheduler@0.27.0 OK for: react-dom@19.2.8 want: ^0.27.0
2232 silly placeDep ROOT node-exports-info@1.6.2 OK for: resolve@2.0.0-next.7 want: ^1.6.0
2233 silly placeDep ROOT path-parse@1.0.7 OK for: resolve@2.0.0-next.7 want: ^1.0.7
2234 silly placeDep ROOT supports-preserve-symlinks-flag@1.0.0 OK for: resolve@2.0.0-next.7 want: ^1.0.0
2235 silly placeDep ROOT queue-microtask@1.2.3 OK for: run-parallel@1.2.0 want: ^1.2.2
2236 silly placeDep ROOT isarray@2.0.5 OK for: safe-array-concat@1.1.4 want: ^2.0.5
2237 silly placeDep ROOT @img/colour@1.1.0 OK for: sharp@0.35.4 want: ^1.1.0
2238 silly placeDep ROOT @img/sharp-darwin-arm64@0.35.4 OK for: sharp@0.35.4 want: 0.35.4
2239 silly placeDep ROOT @img/sharp-darwin-x64@0.35.4 OK for: sharp@0.35.4 want: 0.35.4
2240 silly placeDep ROOT @img/sharp-freebsd-wasm32@0.35.4 OK for: sharp@0.35.4 want: 0.35.4
2241 silly placeDep ROOT @img/sharp-libvips-darwin-arm64@1.3.3 OK for: sharp@0.35.4 want: 1.3.3
2242 silly placeDep ROOT @img/sharp-libvips-darwin-x64@1.3.3 OK for: sharp@0.35.4 want: 1.3.3
2243 silly placeDep ROOT @img/sharp-libvips-linux-arm@1.3.3 OK for: sharp@0.35.4 want: 1.3.3
2244 silly placeDep ROOT @img/sharp-libvips-linux-arm64@1.3.3 OK for: sharp@0.35.4 want: 1.3.3
2245 silly placeDep ROOT @img/sharp-libvips-linux-ppc64@1.3.3 OK for: sharp@0.35.4 want: 1.3.3
2246 silly placeDep ROOT @img/sharp-libvips-linux-riscv64@1.3.3 OK for: sharp@0.35.4 want: 1.3.3
2247 silly placeDep ROOT @img/sharp-libvips-linux-s390x@1.3.3 OK for: sharp@0.35.4 want: 1.3.3
2248 silly placeDep ROOT @img/sharp-libvips-linux-x64@1.3.3 OK for: sharp@0.35.4 want: 1.3.3
2249 silly placeDep ROOT @img/sharp-libvips-linuxmusl-arm64@1.3.3 OK for: sharp@0.35.4 want: 1.3.3
2250 silly placeDep ROOT @img/sharp-libvips-linuxmusl-x64@1.3.3 OK for: sharp@0.35.4 want: 1.3.3
2251 silly placeDep ROOT @img/sharp-linux-arm@0.35.4 OK for: sharp@0.35.4 want: 0.35.4
2252 silly placeDep ROOT @img/sharp-linux-arm64@0.35.4 OK for: sharp@0.35.4 want: 0.35.4
2253 silly placeDep ROOT @img/sharp-linux-ppc64@0.35.4 OK for: sharp@0.35.4 want: 0.35.4
2254 silly placeDep ROOT @img/sharp-linux-riscv64@0.35.4 OK for: sharp@0.35.4 want: 0.35.4
2255 silly placeDep ROOT @img/sharp-linux-s390x@0.35.4 OK for: sharp@0.35.4 want: 0.35.4
2256 silly placeDep ROOT @img/sharp-linux-x64@0.35.4 OK for: sharp@0.35.4 want: 0.35.4
2257 silly placeDep ROOT @img/sharp-linuxmusl-arm64@0.35.4 OK for: sharp@0.35.4 want: 0.35.4
2258 silly placeDep ROOT @img/sharp-linuxmusl-x64@0.35.4 OK for: sharp@0.35.4 want: 0.35.4
2259 silly placeDep ROOT @img/sharp-webcontainers-wasm32@0.35.4 OK for: sharp@0.35.4 want: 0.35.4
2260 silly placeDep ROOT @img/sharp-win32-arm64@0.35.4 OK for: sharp@0.35.4 want: 0.35.4
2261 silly placeDep ROOT @img/sharp-win32-ia32@0.35.4 OK for: sharp@0.35.4 want: 0.35.4
2262 silly placeDep ROOT @img/sharp-win32-x64@0.35.4 OK for: sharp@0.35.4 want: 0.35.4
2263 silly placeDep node_modules/sharp semver@7.8.5 OK for: sharp@0.35.4 want: ^7.8.5
2264 silly fetch manifest @img/sharp-wasm32@0.35.4
2265 silly packumentCache full:https://registry.npmjs.org/@img%2fsharp-wasm32 cache-miss
2266 silly fetch manifest @img/sharp-wasm32@0.35.4
2267 silly packumentCache full:https://registry.npmjs.org/@img%2fsharp-wasm32 cache-miss
2268 http fetch GET 200 https://registry.npmjs.org/@img%2fsharp-wasm32 2179ms (cache miss)
2269 silly packumentCache full:https://registry.npmjs.org/@img%2fsharp-wasm32 set size:undefined disposed:false
2270 http fetch GET 200 https://registry.npmjs.org/@img%2fsharp-wasm32 3462ms (cache miss)
2271 silly packumentCache full:https://registry.npmjs.org/@img%2fsharp-wasm32 set size:undefined disposed:false
2272 silly placeDep ROOT @img/sharp-wasm32@0.35.4 OK for: @img/sharp-freebsd-wasm32@0.35.4 want: 0.35.4
2273 silly fetch manifest @emnapi/runtime@^1.11.3
2274 silly packumentCache full:https://registry.npmjs.org/@emnapi%2fruntime cache-miss
2275 http fetch GET 200 https://registry.npmjs.org/@emnapi%2fruntime 1410ms (cache miss)
2276 silly packumentCache full:https://registry.npmjs.org/@emnapi%2fruntime set size:undefined disposed:false
2277 silly placeDep ROOT @emnapi/runtime@1.11.3 OK for: @img/sharp-wasm32@0.35.4 want: ^1.11.3
2278 silly placeDep ROOT shebang-regex@3.0.0 OK for: shebang-command@2.0.0 want: ^3.0.0
2279 silly placeDep ROOT side-channel-list@1.0.1 OK for: side-channel@1.1.1 want: ^1.0.1
2280 silly placeDep ROOT side-channel-map@1.0.1 OK for: side-channel@1.1.1 want: ^1.0.1
2281 silly placeDep ROOT side-channel-weakmap@1.0.2 OK for: side-channel@1.1.1 want: ^1.0.2
2282 silly placeDep ROOT client-only@0.0.1 OK for: styled-jsx@5.1.6 want: 0.0.1
2283 silly placeDep ROOT has-flag@4.0.0 OK for: supports-color@7.2.0 want: ^4.0.0
2284 silly placeDep node_modules/tinyglobby fdir@6.5.0 OK for: tinyglobby@0.2.17 want: ^6.5.0
2285 silly placeDep node_modules/tinyglobby picomatch@4.0.7 OK for: fdir@6.5.0 want: ^3 || ^4
2286 silly placeDep ROOT is-number@7.0.0 OK for: to-regex-range@5.0.1 want: ^7.0.0
2287 silly placeDep ROOT @types/json5@0.0.29 OK for: tsconfig-paths@3.15.0 want: ^0.0.29
2288 silly placeDep node_modules/tsconfig-paths json5@1.0.2 OK for: tsconfig-paths@3.15.0 want: ^1.0.2
2289 silly placeDep ROOT minimist@1.2.8 OK for: tsconfig-paths@3.15.0 want: ^1.2.6
2290 silly placeDep ROOT strip-bom@3.0.0 OK for: tsconfig-paths@3.15.0 want: ^3.0.0
2291 silly fetch manifest minimist@^1.2.0
2292 silly packumentCache full:https://registry.npmjs.org/minimist cache-miss
2293 http cache https://registry.npmjs.org/minimist 13ms (cache hit)
2294 silly packumentCache full:https://registry.npmjs.org/minimist set size:77063 disposed:false
2295 silly placeDep ROOT for-each@0.3.5 OK for: typed-array-byte-length@1.0.3 want: ^0.3.3
2296 silly placeDep ROOT reflect.getprototypeof@1.0.10 OK for: typed-array-byte-offset@1.0.4 want: ^1.0.9
2297 silly fetch manifest which-builtin-type@^1.2.1
2298 silly packumentCache full:https://registry.npmjs.org/which-builtin-type cache-miss
2299 http fetch GET 200 https://registry.npmjs.org/which-builtin-type 1046ms (cache miss)
2300 silly packumentCache full:https://registry.npmjs.org/which-builtin-type set size:undefined disposed:false
2301 silly placeDep ROOT which-builtin-type@1.2.1 OK for: reflect.getprototypeof@1.0.10 want: ^1.2.1
2302 silly fetch manifest is-async-function@^2.0.0
2303 silly packumentCache full:https://registry.npmjs.org/is-async-function cache-miss
2304 silly fetch manifest is-finalizationregistry@^1.1.0
2305 silly packumentCache full:https://registry.npmjs.org/is-finalizationregistry cache-miss
2306 silly fetch manifest is-generator-function@^1.0.10
2307 silly packumentCache full:https://registry.npmjs.org/is-generator-function cache-miss
2308 silly fetch manifest which-boxed-primitive@^1.1.0
2309 silly packumentCache full:https://registry.npmjs.org/which-boxed-primitive cache-miss
2310 silly fetch manifest which-collection@^1.0.2
2311 silly packumentCache full:https://registry.npmjs.org/which-collection cache-miss
2312 http cache https://registry.npmjs.org/which-boxed-primitive 18ms (cache hit)
2313 silly packumentCache full:https://registry.npmjs.org/which-boxed-primitive set size:19407 disposed:false
2314 http fetch GET 200 https://registry.npmjs.org/which-collection 733ms (cache miss)
2315 silly packumentCache full:https://registry.npmjs.org/which-collection set size:undefined disposed:false
2316 http fetch GET 200 https://registry.npmjs.org/is-generator-function 775ms (cache miss)
2317 silly packumentCache full:https://registry.npmjs.org/is-generator-function set size:undefined disposed:false
2318 http fetch GET 200 https://registry.npmjs.org/is-async-function 820ms (cache miss)
2319 silly packumentCache full:https://registry.npmjs.org/is-async-function set size:undefined disposed:false
2320 http fetch GET 200 https://registry.npmjs.org/is-finalizationregistry 1056ms (cache miss)
2321 silly packumentCache full:https://registry.npmjs.org/is-finalizationregistry set size:undefined disposed:false
2322 silly fetch manifest eslint@^8.57.0 || ^9.0.0 || ^10.0.0
2323 silly packumentCache full:https://registry.npmjs.org/eslint cache-miss
2324 http fetch GET 200 https://registry.npmjs.org/eslint 562ms (cache revalidated)
2325 silly packumentCache full:https://registry.npmjs.org/eslint set size:2070000 disposed:false
2326 silly placeDep ROOT @typescript-eslint/eslint-plugin@8.68.0 OK for: typescript-eslint@8.68.0 want: 8.68.0
2327 silly placeDep ROOT @typescript-eslint/parser@8.68.0 OK for: @typescript-eslint/eslint-plugin@8.68.0 want: ^8.68.0
2328 silly placeDep ROOT @typescript-eslint/typescript-estree@8.68.0 OK for: typescript-eslint@8.68.0 want: 8.68.0
2329 silly placeDep ROOT @typescript-eslint/utils@8.68.0 OK for: typescript-eslint@8.68.0 want: 8.68.0
2330 silly fetch manifest ignore@^7.0.5
2331 silly packumentCache full:https://registry.npmjs.org/ignore cache-hit
2332 silly fetch manifest ts-api-utils@^2.5.0
2333 silly packumentCache full:https://registry.npmjs.org/ts-api-utils cache-miss
2334 silly fetch manifest @typescript-eslint/type-utils@8.68.0
2335 silly packumentCache full:https://registry.npmjs.org/@typescript-eslint%2ftype-utils cache-miss
2336 silly fetch manifest @typescript-eslint/visitor-keys@8.68.0
2337 silly packumentCache full:https://registry.npmjs.org/@typescript-eslint%2fvisitor-keys cache-miss
2338 silly fetch manifest @typescript-eslint/scope-manager@8.68.0
2339 silly packumentCache full:https://registry.npmjs.org/@typescript-eslint%2fscope-manager cache-miss
2340 silly fetch manifest @typescript-eslint/types@8.68.0
2341 silly packumentCache full:https://registry.npmjs.org/@typescript-eslint%2ftypes cache-miss
2342 silly fetch manifest @typescript-eslint/visitor-keys@8.68.0
2343 silly packumentCache full:https://registry.npmjs.org/@typescript-eslint%2fvisitor-keys cache-miss
2344 silly fetch manifest @typescript-eslint/scope-manager@8.68.0
2345 silly packumentCache full:https://registry.npmjs.org/@typescript-eslint%2fscope-manager cache-miss
2346 silly fetch manifest semver@^7.7.3
2347 silly packumentCache full:https://registry.npmjs.org/semver cache-hit
2348 silly fetch manifest minimatch@^10.2.2
2349 silly packumentCache full:https://registry.npmjs.org/minimatch cache-hit
2350 silly fetch manifest ts-api-utils@^2.5.0
2351 silly packumentCache full:https://registry.npmjs.org/ts-api-utils cache-miss
2352 silly fetch manifest @typescript-eslint/types@8.68.0
2353 silly packumentCache full:https://registry.npmjs.org/@typescript-eslint%2ftypes cache-miss
2354 silly fetch manifest @typescript-eslint/visitor-keys@8.68.0
2355 silly packumentCache full:https://registry.npmjs.org/@typescript-eslint%2fvisitor-keys cache-miss
2356 silly fetch manifest @typescript-eslint/tsconfig-utils@8.68.0
2357 silly packumentCache full:https://registry.npmjs.org/@typescript-eslint%2ftsconfig-utils cache-miss
2358 http fetch GET 200 https://registry.npmjs.org/ts-api-utils 6117ms (cache miss)
2359 silly packumentCache full:https://registry.npmjs.org/ts-api-utils set size:undefined disposed:false
2360 silly fetch manifest @typescript-eslint/project-service@8.68.0
2361 silly packumentCache full:https://registry.npmjs.org/@typescript-eslint%2fproject-service cache-miss
2362 http fetch GET 200 https://registry.npmjs.org/ts-api-utils 6320ms (cache miss)
2363 silly packumentCache full:https://registry.npmjs.org/ts-api-utils set size:undefined disposed:false
2364 silly fetch manifest @typescript-eslint/types@8.68.0
2365 silly packumentCache full:https://registry.npmjs.org/@typescript-eslint%2ftypes cache-miss
2366 http fetch GET 200 https://registry.npmjs.org/@typescript-eslint%2ftsconfig-utils 47468ms (cache miss)
2367 silly packumentCache full:https://registry.npmjs.org/@typescript-eslint%2ftsconfig-utils set size:undefined disposed:false
2368 silly fetch manifest @typescript-eslint/scope-manager@8.68.0
2369 silly packumentCache full:https://registry.npmjs.org/@typescript-eslint%2fscope-manager cache-miss
2370 http fetch GET 200 https://registry.npmjs.org/@typescript-eslint%2fproject-service 43516ms (cache miss)
2371 silly packumentCache full:https://registry.npmjs.org/@typescript-eslint%2fproject-service set size:undefined disposed:false
2372 http fetch GET 200 https://registry.npmjs.org/@typescript-eslint%2fvisitor-keys 75632ms (cache miss)
2373 silly packumentCache full:https://registry.npmjs.org/@typescript-eslint%2fvisitor-keys set size:undefined disposed:false
2374 http fetch GET 200 https://registry.npmjs.org/@typescript-eslint%2fscope-manager 104002ms (cache miss)
2375 silly packumentCache full:https://registry.npmjs.org/@typescript-eslint%2fscope-manager set size:undefined disposed:false
2376 http fetch GET 200 https://registry.npmjs.org/@typescript-eslint%2ftypes 118907ms (cache miss)
2377 silly packumentCache full:https://registry.npmjs.org/@typescript-eslint%2ftypes set size:undefined disposed:false
2378 http fetch GET 200 https://registry.npmjs.org/@typescript-eslint%2ftypes 132983ms (cache miss)
2379 silly packumentCache full:https://registry.npmjs.org/@typescript-eslint%2ftypes set size:undefined disposed:false
2380 http fetch GET 200 https://registry.npmjs.org/@typescript-eslint%2fvisitor-keys 133547ms (cache miss)
2381 silly packumentCache full:https://registry.npmjs.org/@typescript-eslint%2fvisitor-keys set size:undefined disposed:false
2382 http fetch GET 200 https://registry.npmjs.org/@typescript-eslint%2ftype-utils 137936ms (cache miss)
2383 silly packumentCache full:https://registry.npmjs.org/@typescript-eslint%2ftype-utils set size:undefined disposed:false
2384 http fetch GET 200 https://registry.npmjs.org/@typescript-eslint%2fscope-manager 171197ms (cache miss)
2385 silly packumentCache full:https://registry.npmjs.org/@typescript-eslint%2fscope-manager set size:undefined disposed:false
2386 http fetch GET 200 https://registry.npmjs.org/@typescript-eslint%2ftypes 167771ms (cache miss)
2387 silly packumentCache full:https://registry.npmjs.org/@typescript-eslint%2ftypes set size:undefined disposed:false
2388 http fetch GET 200 https://registry.npmjs.org/@typescript-eslint%2fvisitor-keys 180036ms (cache miss)
2389 silly packumentCache full:https://registry.npmjs.org/@typescript-eslint%2fvisitor-keys set size:undefined disposed:false
2390 http fetch GET 200 https://registry.npmjs.org/@typescript-eslint%2fscope-manager 145182ms (cache miss)
2391 silly packumentCache full:https://registry.npmjs.org/@typescript-eslint%2fscope-manager set size:undefined disposed:false
2392 silly placeDep ROOT @typescript-eslint/scope-manager@8.68.0 OK for: @typescript-eslint/eslint-plugin@8.68.0 want: 8.68.0
2393 silly placeDep ROOT @typescript-eslint/type-utils@8.68.0 OK for: @typescript-eslint/eslint-plugin@8.68.0 want: 8.68.0
2394 silly placeDep ROOT @typescript-eslint/visitor-keys@8.68.0 OK for: @typescript-eslint/eslint-plugin@8.68.0 want: 8.68.0
2395 silly placeDep node_modules/@typescript-eslint/eslint-plugin ignore@7.0.6 OK for: @typescript-eslint/eslint-plugin@8.68.0 want: ^7.0.5
2396 silly placeDep ROOT ts-api-utils@2.5.0 OK for: @typescript-eslint/eslint-plugin@8.68.0 want: ^2.5.0
2397 silly fetch manifest eslint-visitor-keys@^5.0.0
2398 silly packumentCache full:https://registry.npmjs.org/eslint-visitor-keys cache-hit
2399 silly placeDep ROOT @typescript-eslint/types@8.68.0 OK for: @typescript-eslint/parser@8.68.0 want: 8.68.0
2400 silly placeDep ROOT @typescript-eslint/project-service@8.68.0 OK for: @typescript-eslint/typescript-estree@8.68.0 want: 8.68.0
2401 silly placeDep ROOT @typescript-eslint/tsconfig-utils@8.68.0 OK for: @typescript-eslint/typescript-estree@8.68.0 want: 8.68.0
2402 silly placeDep node_modules/@typescript-eslint/typescript-estree minimatch@10.2.6 OK for: @typescript-eslint/typescript-estree@8.68.0 want: ^10.2.2
2403 silly placeDep node_modules/@typescript-eslint/typescript-estree semver@7.8.5 OK for: @typescript-eslint/typescript-estree@8.68.0 want: ^7.7.3
2404 silly fetch manifest @typescript-eslint/tsconfig-utils@^8.68.0
2405 silly packumentCache full:https://registry.npmjs.org/@typescript-eslint%2ftsconfig-utils cache-miss
2406 silly fetch manifest brace-expansion@^5.0.8
2407 silly packumentCache full:https://registry.npmjs.org/brace-expansion cache-hit
2408 http cache https://registry.npmjs.org/@typescript-eslint%2ftsconfig-utils 59ms (cache hit)
2409 silly packumentCache full:https://registry.npmjs.org/@typescript-eslint%2ftsconfig-utils set size:1791789 disposed:false
2410 silly placeDep node_modules/@typescript-eslint/visitor-keys eslint-visitor-keys@5.0.1 OK for: @typescript-eslint/visitor-keys@8.68.0 want: ^5.0.0
2411 silly placeDep ROOT has-bigints@1.1.0 OK for: unbox-primitive@1.1.0 want: ^1.0.2
2412 silly placeDep ROOT which-boxed-primitive@1.1.1 OK for: unbox-primitive@1.1.0 want: ^1.1.1
2413 silly fetch manifest is-bigint@^1.1.0
2414 silly packumentCache full:https://registry.npmjs.org/is-bigint cache-miss
2415 silly fetch manifest is-boolean-object@^1.2.1
2416 silly packumentCache full:https://registry.npmjs.org/is-boolean-object cache-miss
2417 silly fetch manifest is-number-object@^1.1.1
2418 silly packumentCache full:https://registry.npmjs.org/is-number-object cache-miss
2419 http fetch GET 200 https://registry.npmjs.org/is-boolean-object 871ms (cache miss)
2420 silly packumentCache full:https://registry.npmjs.org/is-boolean-object set size:undefined disposed:false
2421 http fetch GET 200 https://registry.npmjs.org/is-number-object 942ms (cache miss)
2422 silly packumentCache full:https://registry.npmjs.org/is-number-object set size:undefined disposed:false
2423 http fetch GET 200 https://registry.npmjs.org/is-bigint 3132ms (cache miss)
2424 silly packumentCache full:https://registry.npmjs.org/is-bigint set size:undefined disposed:false
2425 silly placeDep ROOT @unrs/resolver-binding-android-arm-eabi@1.12.2 OK for: unrs-resolver@1.12.2 want: 1.12.2
2426 silly placeDep ROOT @unrs/resolver-binding-android-arm64@1.12.2 OK for: unrs-resolver@1.12.2 want: 1.12.2
2427 silly placeDep ROOT @unrs/resolver-binding-darwin-arm64@1.12.2 OK for: unrs-resolver@1.12.2 want: 1.12.2
2428 silly placeDep ROOT @unrs/resolver-binding-darwin-x64@1.12.2 OK for: unrs-resolver@1.12.2 want: 1.12.2
2429 silly placeDep ROOT @unrs/resolver-binding-freebsd-x64@1.12.2 OK for: unrs-resolver@1.12.2 want: 1.12.2
2430 silly placeDep ROOT @unrs/resolver-binding-linux-arm-gnueabihf@1.12.2 OK for: unrs-resolver@1.12.2 want: 1.12.2
2431 silly placeDep ROOT @unrs/resolver-binding-linux-arm-musleabihf@1.12.2 OK for: unrs-resolver@1.12.2 want: 1.12.2
2432 silly placeDep ROOT @unrs/resolver-binding-linux-arm64-gnu@1.12.2 OK for: unrs-resolver@1.12.2 want: 1.12.2
2433 silly placeDep ROOT @unrs/resolver-binding-linux-arm64-musl@1.12.2 OK for: unrs-resolver@1.12.2 want: 1.12.2
2434 silly placeDep ROOT @unrs/resolver-binding-linux-loong64-gnu@1.12.2 OK for: unrs-resolver@1.12.2 want: 1.12.2
2435 silly placeDep ROOT @unrs/resolver-binding-linux-loong64-musl@1.12.2 OK for: unrs-resolver@1.12.2 want: 1.12.2
2436 silly placeDep ROOT @unrs/resolver-binding-linux-ppc64-gnu@1.12.2 OK for: unrs-resolver@1.12.2 want: 1.12.2
2437 silly placeDep ROOT @unrs/resolver-binding-linux-riscv64-gnu@1.12.2 OK for: unrs-resolver@1.12.2 want: 1.12.2
2438 silly placeDep ROOT @unrs/resolver-binding-linux-riscv64-musl@1.12.2 OK for: unrs-resolver@1.12.2 want: 1.12.2
2439 silly placeDep ROOT @unrs/resolver-binding-linux-s390x-gnu@1.12.2 OK for: unrs-resolver@1.12.2 want: 1.12.2
2440 silly placeDep ROOT @unrs/resolver-binding-linux-x64-gnu@1.12.2 OK for: unrs-resolver@1.12.2 want: 1.12.2
2441 silly placeDep ROOT @unrs/resolver-binding-linux-x64-musl@1.12.2 OK for: unrs-resolver@1.12.2 want: 1.12.2
2442 silly placeDep ROOT @unrs/resolver-binding-openharmony-arm64@1.12.2 OK for: unrs-resolver@1.12.2 want: 1.12.2
2443 silly placeDep ROOT @unrs/resolver-binding-wasm32-wasi@1.12.2 OK for: unrs-resolver@1.12.2 want: 1.12.2
2444 silly placeDep ROOT @unrs/resolver-binding-win32-arm64-msvc@1.12.2 OK for: unrs-resolver@1.12.2 want: 1.12.2
2445 silly placeDep ROOT @unrs/resolver-binding-win32-ia32-msvc@1.12.2 OK for: unrs-resolver@1.12.2 want: 1.12.2
2446 silly placeDep ROOT @unrs/resolver-binding-win32-x64-msvc@1.12.2 OK for: unrs-resolver@1.12.2 want: 1.12.2
2447 silly placeDep ROOT napi-postinstall@0.3.4 OK for: unrs-resolver@1.12.2 want: ^0.3.4
2448 silly fetch manifest @napi-rs/wasm-runtime@^1.1.4
2449 silly packumentCache full:https://registry.npmjs.org/@napi-rs%2fwasm-runtime cache-miss
2450 silly fetch manifest @emnapi/core@1.10.0
2451 silly packumentCache full:https://registry.npmjs.org/@emnapi%2fcore cache-miss
2452 silly fetch manifest @emnapi/runtime@1.10.0
2453 silly packumentCache full:https://registry.npmjs.org/@emnapi%2fruntime cache-miss
2454 http cache https://registry.npmjs.org/@emnapi%2fruntime 37ms (cache hit)
2455 silly packumentCache full:https://registry.npmjs.org/@emnapi%2fruntime set size:125040 disposed:false
2456 http fetch GET 200 https://registry.npmjs.org/@napi-rs%2fwasm-runtime 467ms (cache miss)
2457 silly packumentCache full:https://registry.npmjs.org/@napi-rs%2fwasm-runtime set size:undefined disposed:false
2458 http fetch GET 200 https://registry.npmjs.org/@emnapi%2fcore 2357ms (cache miss)
2459 silly packumentCache full:https://registry.npmjs.org/@emnapi%2fcore set size:undefined disposed:false
2460 silly placeDep ROOT @emnapi/core@1.10.0 OK for: @unrs/resolver-binding-wasm32-wasi@1.12.2 want: 1.10.0
2461 silly placeDep node_modules/@unrs/resolver-binding-wasm32-wasi @emnapi/runtime@1.10.0 OK for: @unrs/resolver-binding-wasm32-wasi@1.12.2 want: 1.10.0
2462 silly placeDep ROOT @napi-rs/wasm-runtime@1.2.3 OK for: @unrs/resolver-binding-wasm32-wasi@1.12.2 want: ^1.1.4
2463 silly fetch manifest @emnapi/wasi-threads@1.2.1
2464 silly packumentCache full:https://registry.npmjs.org/@emnapi%2fwasi-threads cache-miss
2465 silly fetch manifest @tybys/wasm-util@^0.10.3
2466 silly packumentCache full:https://registry.npmjs.org/@tybys%2fwasm-util cache-miss
2467 http fetch GET 200 https://registry.npmjs.org/@emnapi%2fwasi-threads 192ms (cache miss)
2468 silly packumentCache full:https://registry.npmjs.org/@emnapi%2fwasi-threads set size:undefined disposed:false
2469 http fetch GET 200 https://registry.npmjs.org/@tybys%2fwasm-util 322ms (cache miss)
2470 silly packumentCache full:https://registry.npmjs.org/@tybys%2fwasm-util set size:undefined disposed:false
2471 silly placeDep ROOT @emnapi/wasi-threads@1.2.1 OK for: @emnapi/core@1.10.0 want: 1.2.1
2472 silly placeDep ROOT @tybys/wasm-util@0.10.3 OK for: @napi-rs/wasm-runtime@1.2.3 want: ^0.10.3
2473 silly placeDep ROOT escalade@3.2.0 OK for: update-browserslist-db@1.3.1 want: ^3.2.0
2474 silly placeDep ROOT punycode@2.3.1 OK for: uri-js@4.4.1 want: ^2.1.0
2475 silly placeDep ROOT isexe@2.0.0 OK for: which@2.0.2 want: ^2.0.0
2476 silly placeDep ROOT is-bigint@1.1.0 OK for: which-boxed-primitive@1.1.1 want: ^1.1.0
2477 silly placeDep ROOT is-boolean-object@1.2.2 OK for: which-boxed-primitive@1.1.1 want: ^1.2.1
2478 silly placeDep ROOT is-number-object@1.1.1 OK for: which-boxed-primitive@1.1.1 want: ^1.1.1
2479 silly placeDep ROOT is-async-function@2.1.1 OK for: which-builtin-type@1.2.1 want: ^2.0.0
2480 silly placeDep ROOT is-finalizationregistry@1.1.1 OK for: which-builtin-type@1.2.1 want: ^1.1.0
2481 silly placeDep ROOT is-generator-function@1.1.2 OK for: which-builtin-type@1.2.1 want: ^1.0.10
2482 silly placeDep ROOT which-collection@1.0.2 OK for: which-builtin-type@1.2.1 want: ^1.0.2
2483 silly fetch manifest async-function@^1.0.0
2484 silly packumentCache full:https://registry.npmjs.org/async-function cache-miss
2485 silly fetch manifest generator-function@^2.0.0
2486 silly packumentCache full:https://registry.npmjs.org/generator-function cache-miss
2487 silly fetch manifest is-map@^2.0.3
2488 silly packumentCache full:https://registry.npmjs.org/is-map cache-miss
2489 silly fetch manifest is-weakmap@^2.0.2
2490 silly packumentCache full:https://registry.npmjs.org/is-weakmap cache-miss
2491 silly fetch manifest is-weakset@^2.0.3
2492 silly packumentCache full:https://registry.npmjs.org/is-weakset cache-miss
2493 http fetch GET 200 https://registry.npmjs.org/is-map 195ms (cache miss)
2494 silly packumentCache full:https://registry.npmjs.org/is-map set size:undefined disposed:false
2495 http fetch GET 200 https://registry.npmjs.org/generator-function 232ms (cache miss)
2496 silly packumentCache full:https://registry.npmjs.org/generator-function set size:undefined disposed:false
2497 http fetch GET 200 https://registry.npmjs.org/is-weakset 253ms (cache miss)
2498 silly packumentCache full:https://registry.npmjs.org/is-weakset set size:undefined disposed:false
2499 http fetch GET 200 https://registry.npmjs.org/async-function 278ms (cache miss)
2500 silly packumentCache full:https://registry.npmjs.org/async-function set size:undefined disposed:false
2501 http fetch GET 200 https://registry.npmjs.org/is-weakmap 437ms (cache miss)
2502 silly packumentCache full:https://registry.npmjs.org/is-weakmap set size:undefined disposed:false
2503 silly placeDep ROOT async-function@1.0.0 OK for: is-async-function@2.1.1 want: ^1.0.0
2504 silly placeDep ROOT generator-function@2.0.1 OK for: is-generator-function@1.1.2 want: ^2.0.0
2505 silly placeDep ROOT is-map@2.0.3 OK for: which-collection@1.0.2 want: ^2.0.3
2506 silly placeDep ROOT is-weakmap@2.0.2 OK for: which-collection@1.0.2 want: ^2.0.2
2507 silly placeDep ROOT is-weakset@2.0.4 OK for: which-collection@1.0.2 want: ^2.0.3
2508 silly placeDep node_modules/@next/eslint-plugin-next eslint-visitor-keys@3.4.3 OK for: @eslint-community/eslint-utils@4.9.1 want: ^3.4.3
2509 silly placeDep node_modules/@typescript-eslint/typescript-estree brace-expansion@5.0.9 OK for: minimatch@10.2.6 want: ^5.0.8
2510 silly fetch manifest balanced-match@^4.0.2
2511 silly packumentCache full:https://registry.npmjs.org/balanced-match cache-miss
2512 http cache https://registry.npmjs.org/balanced-match 25ms (cache hit)
2513 silly packumentCache full:https://registry.npmjs.org/balanced-match set size:39082 disposed:false
2514 silly placeDep node_modules/@typescript-eslint/typescript-estree balanced-match@4.0.4 OK for: brace-expansion@5.0.9 want: ^4.0.2
2515 silly reify moves {}
2516 verbose reify failed optional dependency C:\Users\jayp.JAY\OneDrive\Desktop\AI Assessment Extraction\frontend\node_modules\@tailwindcss\oxide-wasm32-wasi
2517 silly reify mark deleted [
2517 silly reify   'C:\\Users\\jayp.JAY\\OneDrive\\Desktop\\AI Assessment Extraction\\frontend\\node_modules\\@tailwindcss\\oxide-wasm32-wasi'
2517 silly reify ]
2518 verbose reify failed optional dependency C:\Users\jayp.JAY\OneDrive\Desktop\AI Assessment Extraction\frontend\node_modules\@unrs\resolver-binding-win32-ia32-msvc
2519 silly reify mark deleted [
2519 silly reify   'C:\\Users\\jayp.JAY\\OneDrive\\Desktop\\AI Assessment Extraction\\frontend\\node_modules\\@unrs\\resolver-binding-win32-ia32-msvc'
2519 silly reify ]
2520 verbose reify failed optional dependency C:\Users\jayp.JAY\OneDrive\Desktop\AI Assessment Extraction\frontend\node_modules\@unrs\resolver-binding-win32-arm64-msvc
2521 silly reify mark deleted [
2521 silly reify   'C:\\Users\\jayp.JAY\\OneDrive\\Desktop\\AI Assessment Extraction\\frontend\\node_modules\\@unrs\\resolver-binding-win32-arm64-msvc'
2521 silly reify ]
2522 verbose reify failed optional dependency C:\Users\jayp.JAY\OneDrive\Desktop\AI Assessment Extraction\frontend\node_modules\@unrs\resolver-binding-wasm32-wasi
2523 silly reify mark deleted [
2523 silly reify   'C:\\Users\\jayp.JAY\\OneDrive\\Desktop\\AI Assessment Extraction\\frontend\\node_modules\\@unrs\\resolver-binding-wasm32-wasi'
2523 silly reify ]
2524 verbose reify failed optional dependency C:\Users\jayp.JAY\OneDrive\Desktop\AI Assessment Extraction\frontend\node_modules\@unrs\resolver-binding-wasm32-wasi\node_modules\@emnapi\runtime
2525 silly reify mark deleted [
2525 silly reify   'C:\\Users\\jayp.JAY\\OneDrive\\Desktop\\AI Assessment Extraction\\frontend\\node_modules\\@unrs\\resolver-binding-wasm32-wasi\\node_modules\\@emnapi\\runtime'
2525 silly reify ]
2526 verbose reify failed optional dependency C:\Users\jayp.JAY\OneDrive\Desktop\AI Assessment Extraction\frontend\node_modules\@unrs\resolver-binding-openharmony-arm64
2527 silly reify mark deleted [
2527 silly reify   'C:\\Users\\jayp.JAY\\OneDrive\\Desktop\\AI Assessment Extraction\\frontend\\node_modules\\@unrs\\resolver-binding-openharmony-arm64'
2527 silly reify ]
2528 verbose reify failed optional dependency C:\Users\jayp.JAY\OneDrive\Desktop\AI Assessment Extraction\frontend\node_modules\@unrs\resolver-binding-linux-x64-musl
2529 silly reify mark deleted [
2529 silly reify   'C:\\Users\\jayp.JAY\\OneDrive\\Desktop\\AI Assessment Extraction\\frontend\\node_modules\\@unrs\\resolver-binding-linux-x64-musl'
2529 silly reify ]
2530 verbose reify failed optional dependency C:\Users\jayp.JAY\OneDrive\Desktop\AI Assessment Extraction\frontend\node_modules\@unrs\resolver-binding-linux-x64-gnu
2531 silly reify mark deleted [
2531 silly reify   'C:\\Users\\jayp.JAY\\OneDrive\\Desktop\\AI Assessment Extraction\\frontend\\node_modules\\@unrs\\resolver-binding-linux-x64-gnu'
2531 silly reify ]
2532 verbose reify failed optional dependency C:\Users\jayp.JAY\OneDrive\Desktop\AI Assessment Extraction\frontend\node_modules\@unrs\resolver-binding-linux-s390x-gnu
2533 silly reify mark deleted [
2533 silly reify   'C:\\Users\\jayp.JAY\\OneDrive\\Desktop\\AI Assessment Extraction\\frontend\\node_modules\\@unrs\\resolver-binding-linux-s390x-gnu'
2533 silly reify ]
2534 verbose reify failed optional dependency C:\Users\jayp.JAY\OneDrive\Desktop\AI Assessment Extraction\frontend\node_modules\@unrs\resolver-binding-linux-riscv64-musl
2535 silly reify mark deleted [
2535 silly reify   'C:\\Users\\jayp.JAY\\OneDrive\\Desktop\\AI Assessment Extraction\\frontend\\node_modules\\@unrs\\resolver-binding-linux-riscv64-musl'
2535 silly reify ]
2536 verbose reify failed optional dependency C:\Users\jayp.JAY\OneDrive\Desktop\AI Assessment Extraction\frontend\node_modules\@unrs\resolver-binding-linux-riscv64-gnu
2537 silly reify mark deleted [
2537 silly reify   'C:\\Users\\jayp.JAY\\OneDrive\\Desktop\\AI Assessment Extraction\\frontend\\node_modules\\@unrs\\resolver-binding-linux-riscv64-gnu'
2537 silly reify ]
2538 verbose reify failed optional dependency C:\Users\jayp.JAY\OneDrive\Desktop\AI Assessment Extraction\frontend\node_modules\@unrs\resolver-binding-linux-ppc64-gnu
2539 silly reify mark deleted [
2539 silly reify   'C:\\Users\\jayp.JAY\\OneDrive\\Desktop\\AI Assessment Extraction\\frontend\\node_modules\\@unrs\\resolver-binding-linux-ppc64-gnu'
2539 silly reify ]
2540 verbose reify failed optional dependency C:\Users\jayp.JAY\OneDrive\Desktop\AI Assessment Extraction\frontend\node_modules\@unrs\resolver-binding-linux-loong64-musl
2541 silly reify mark deleted [
2541 silly reify   'C:\\Users\\jayp.JAY\\OneDrive\\Desktop\\AI Assessment Extraction\\frontend\\node_modules\\@unrs\\resolver-binding-linux-loong64-musl'
2541 silly reify ]
2542 verbose reify failed optional dependency C:\Users\jayp.JAY\OneDrive\Desktop\AI Assessment Extraction\frontend\node_modules\@unrs\resolver-binding-linux-loong64-gnu
2543 silly reify mark deleted [
2543 silly reify   'C:\\Users\\jayp.JAY\\OneDrive\\Desktop\\AI Assessment Extraction\\frontend\\node_modules\\@unrs\\resolver-binding-linux-loong64-gnu'
2543 silly reify ]
2544 verbose reify failed optional dependency C:\Users\jayp.JAY\OneDrive\Desktop\AI Assessment Extraction\frontend\node_modules\@unrs\resolver-binding-linux-arm64-musl
2545 silly reify mark deleted [
2545 silly reify   'C:\\Users\\jayp.JAY\\OneDrive\\Desktop\\AI Assessment Extraction\\frontend\\node_modules\\@unrs\\resolver-binding-linux-arm64-musl'
2545 silly reify ]
2546 verbose reify failed optional dependency C:\Users\jayp.JAY\OneDrive\Desktop\AI Assessment Extraction\frontend\node_modules\@unrs\resolver-binding-linux-arm64-gnu
2547 silly reify mark deleted [
2547 silly reify   'C:\\Users\\jayp.JAY\\OneDrive\\Desktop\\AI Assessment Extraction\\frontend\\node_modules\\@unrs\\resolver-binding-linux-arm64-gnu'
2547 silly reify ]
2548 verbose reify failed optional dependency C:\Users\jayp.JAY\OneDrive\Desktop\AI Assessment Extraction\frontend\node_modules\@unrs\resolver-binding-linux-arm-musleabihf
2549 silly reify mark deleted [
2549 silly reify   'C:\\Users\\jayp.JAY\\OneDrive\\Desktop\\AI Assessment Extraction\\frontend\\node_modules\\@unrs\\resolver-binding-linux-arm-musleabihf'
2549 silly reify ]
2550 verbose reify failed optional dependency C:\Users\jayp.JAY\OneDrive\Desktop\AI Assessment Extraction\frontend\node_modules\@unrs\resolver-binding-linux-arm-gnueabihf
2551 silly reify mark deleted [
2551 silly reify   'C:\\Users\\jayp.JAY\\OneDrive\\Desktop\\AI Assessment Extraction\\frontend\\node_modules\\@unrs\\resolver-binding-linux-arm-gnueabihf'
2551 silly reify ]
2552 verbose reify failed optional dependency C:\Users\jayp.JAY\OneDrive\Desktop\AI Assessment Extraction\frontend\node_modules\@unrs\resolver-binding-freebsd-x64
2553 silly reify mark deleted [
2553 silly reify   'C:\\Users\\jayp.JAY\\OneDrive\\Desktop\\AI Assessment Extraction\\frontend\\node_modules\\@unrs\\resolver-binding-freebsd-x64'
2553 silly reify ]
2554 verbose reify failed optional dependency C:\Users\jayp.JAY\OneDrive\Desktop\AI Assessment Extraction\frontend\node_modules\@unrs\resolver-binding-darwin-x64
2555 silly reify mark deleted [
2555 silly reify   'C:\\Users\\jayp.JAY\\OneDrive\\Desktop\\AI Assessment Extraction\\frontend\\node_modules\\@unrs\\resolver-binding-darwin-x64'
2555 silly reify ]
2556 verbose reify failed optional dependency C:\Users\jayp.JAY\OneDrive\Desktop\AI Assessment Extraction\frontend\node_modules\@unrs\resolver-binding-darwin-arm64
2557 silly reify mark deleted [
2557 silly reify   'C:\\Users\\jayp.JAY\\OneDrive\\Desktop\\AI Assessment Extraction\\frontend\\node_modules\\@unrs\\resolver-binding-darwin-arm64'
2557 silly reify ]
2558 verbose reify failed optional dependency C:\Users\jayp.JAY\OneDrive\Desktop\AI Assessment Extraction\frontend\node_modules\@unrs\resolver-binding-android-arm64
2559 silly reify mark deleted [
2559 silly reify   'C:\\Users\\jayp.JAY\\OneDrive\\Desktop\\AI Assessment Extraction\\frontend\\node_modules\\@unrs\\resolver-binding-android-arm64'
2559 silly reify ]
2560 verbose reify failed optional dependency C:\Users\jayp.JAY\OneDrive\Desktop\AI Assessment Extraction\frontend\node_modules\@unrs\resolver-binding-android-arm-eabi
2561 silly reify mark deleted [
2561 silly reify   'C:\\Users\\jayp.JAY\\OneDrive\\Desktop\\AI Assessment Extraction\\frontend\\node_modules\\@unrs\\resolver-binding-android-arm-eabi'
2561 silly reify ]
2562 verbose reify failed optional dependency C:\Users\jayp.JAY\OneDrive\Desktop\AI Assessment Extraction\frontend\node_modules\@img\sharp-win32-ia32
2563 silly reify mark deleted [
2563 silly reify   'C:\\Users\\jayp.JAY\\OneDrive\\Desktop\\AI Assessment Extraction\\frontend\\node_modules\\@img\\sharp-win32-ia32'
2563 silly reify ]
2564 verbose reify failed optional dependency C:\Users\jayp.JAY\OneDrive\Desktop\AI Assessment Extraction\frontend\node_modules\@img\sharp-win32-arm64
2565 silly reify mark deleted [
2565 silly reify   'C:\\Users\\jayp.JAY\\OneDrive\\Desktop\\AI Assessment Extraction\\frontend\\node_modules\\@img\\sharp-win32-arm64'
2565 silly reify ]
2566 verbose reify failed optional dependency C:\Users\jayp.JAY\OneDrive\Desktop\AI Assessment Extraction\frontend\node_modules\@img\sharp-webcontainers-wasm32
2567 silly reify mark deleted [
2567 silly reify   'C:\\Users\\jayp.JAY\\OneDrive\\Desktop\\AI Assessment Extraction\\frontend\\node_modules\\@img\\sharp-webcontainers-wasm32'
2567 silly reify ]
2568 verbose reify failed optional dependency C:\Users\jayp.JAY\OneDrive\Desktop\AI Assessment Extraction\frontend\node_modules\@img\sharp-linuxmusl-x64
2569 silly reify mark deleted [
2569 silly reify   'C:\\Users\\jayp.JAY\\OneDrive\\Desktop\\AI Assessment Extraction\\frontend\\node_modules\\@img\\sharp-linuxmusl-x64'
2569 silly reify ]
2570 verbose reify failed optional dependency C:\Users\jayp.JAY\OneDrive\Desktop\AI Assessment Extraction\frontend\node_modules\@img\sharp-linuxmusl-arm64
2571 silly reify mark deleted [
2571 silly reify   'C:\\Users\\jayp.JAY\\OneDrive\\Desktop\\AI Assessment Extraction\\frontend\\node_modules\\@img\\sharp-linuxmusl-arm64'
2571 silly reify ]
2572 verbose reify failed optional dependency C:\Users\jayp.JAY\OneDrive\Desktop\AI Assessment Extraction\frontend\node_modules\@img\sharp-linux-x64
2573 silly reify mark deleted [
2573 silly reify   'C:\\Users\\jayp.JAY\\OneDrive\\Desktop\\AI Assessment Extraction\\frontend\\node_modules\\@img\\sharp-linux-x64'
2573 silly reify ]
2574 verbose reify failed optional dependency C:\Users\jayp.JAY\OneDrive\Desktop\AI Assessment Extraction\frontend\node_modules\@img\sharp-linux-s390x
2575 silly reify mark deleted [
2575 silly reify   'C:\\Users\\jayp.JAY\\OneDrive\\Desktop\\AI Assessment Extraction\\frontend\\node_modules\\@img\\sharp-linux-s390x'
2575 silly reify ]
2576 verbose reify failed optional dependency C:\Users\jayp.JAY\OneDrive\Desktop\AI Assessment Extraction\frontend\node_modules\@img\sharp-linux-riscv64
2577 silly reify mark deleted [
2577 silly reify   'C:\\Users\\jayp.JAY\\OneDrive\\Desktop\\AI Assessment Extraction\\frontend\\node_modules\\@img\\sharp-linux-riscv64'
2577 silly reify ]
2578 verbose reify failed optional dependency C:\Users\jayp.JAY\OneDrive\Desktop\AI Assessment Extraction\frontend\node_modules\@img\sharp-linux-ppc64
2579 silly reify mark deleted [
2579 silly reify   'C:\\Users\\jayp.JAY\\OneDrive\\Desktop\\AI Assessment Extraction\\frontend\\node_modules\\@img\\sharp-linux-ppc64'
2579 silly reify ]
2580 verbose reify failed optional dependency C:\Users\jayp.JAY\OneDrive\Desktop\AI Assessment Extraction\frontend\node_modules\@img\sharp-linux-arm64
2581 silly reify mark deleted [
2581 silly reify   'C:\\Users\\jayp.JAY\\OneDrive\\Desktop\\AI Assessment Extraction\\frontend\\node_modules\\@img\\sharp-linux-arm64'
2581 silly reify ]
2582 verbose reify failed optional dependency C:\Users\jayp.JAY\OneDrive\Desktop\AI Assessment Extraction\frontend\node_modules\@img\sharp-linux-arm
2583 silly reify mark deleted [
2583 silly reify   'C:\\Users\\jayp.JAY\\OneDrive\\Desktop\\AI Assessment Extraction\\frontend\\node_modules\\@img\\sharp-linux-arm'
2583 silly reify ]
2584 verbose reify failed optional dependency C:\Users\jayp.JAY\OneDrive\Desktop\AI Assessment Extraction\frontend\node_modules\@img\sharp-libvips-linuxmusl-x64
2585 silly reify mark deleted [
2585 silly reify   'C:\\Users\\jayp.JAY\\OneDrive\\Desktop\\AI Assessment Extraction\\frontend\\node_modules\\@img\\sharp-libvips-linuxmusl-x64'
2585 silly reify ]
2586 verbose reify failed optional dependency C:\Users\jayp.JAY\OneDrive\Desktop\AI Assessment Extraction\frontend\node_modules\@img\sharp-libvips-linuxmusl-arm64
2587 silly reify mark deleted [
2587 silly reify   'C:\\Users\\jayp.JAY\\OneDrive\\Desktop\\AI Assessment Extraction\\frontend\\node_modules\\@img\\sharp-libvips-linuxmusl-arm64'
2587 silly reify ]
2588 verbose reify failed optional dependency C:\Users\jayp.JAY\OneDrive\Desktop\AI Assessment Extraction\frontend\node_modules\@img\sharp-libvips-linux-x64
2589 silly reify mark deleted [
2589 silly reify   'C:\\Users\\jayp.JAY\\OneDrive\\Desktop\\AI Assessment Extraction\\frontend\\node_modules\\@img\\sharp-libvips-linux-x64'
2589 silly reify ]
2590 verbose reify failed optional dependency C:\Users\jayp.JAY\OneDrive\Desktop\AI Assessment Extraction\frontend\node_modules\@img\sharp-libvips-linux-s390x
2591 silly reify mark deleted [
2591 silly reify   'C:\\Users\\jayp.JAY\\OneDrive\\Desktop\\AI Assessment Extraction\\frontend\\node_modules\\@img\\sharp-libvips-linux-s390x'
2591 silly reify ]
2592 verbose reify failed optional dependency C:\Users\jayp.JAY\OneDrive\Desktop\AI Assessment Extraction\frontend\node_modules\@img\sharp-libvips-linux-riscv64
2593 silly reify mark deleted [
2593 silly reify   'C:\\Users\\jayp.JAY\\OneDrive\\Desktop\\AI Assessment Extraction\\frontend\\node_modules\\@img\\sharp-libvips-linux-riscv64'
2593 silly reify ]
2594 verbose reify failed optional dependency C:\Users\jayp.JAY\OneDrive\Desktop\AI Assessment Extraction\frontend\node_modules\@img\sharp-libvips-linux-ppc64
2595 silly reify mark deleted [
2595 silly reify   'C:\\Users\\jayp.JAY\\OneDrive\\Desktop\\AI Assessment Extraction\\frontend\\node_modules\\@img\\sharp-libvips-linux-ppc64'
2595 silly reify ]
2596 verbose reify failed optional dependency C:\Users\jayp.JAY\OneDrive\Desktop\AI Assessment Extraction\frontend\node_modules\@img\sharp-libvips-linux-arm64
2597 silly reify mark deleted [
2597 silly reify   'C:\\Users\\jayp.JAY\\OneDrive\\Desktop\\AI Assessment Extraction\\frontend\\node_modules\\@img\\sharp-libvips-linux-arm64'
2597 silly reify ]
2598 verbose reify failed optional dependency C:\Users\jayp.JAY\OneDrive\Desktop\AI Assessment Extraction\frontend\node_modules\@img\sharp-libvips-linux-arm
2599 silly reify mark deleted [
2599 silly reify   'C:\\Users\\jayp.JAY\\OneDrive\\Desktop\\AI Assessment Extraction\\frontend\\node_modules\\@img\\sharp-libvips-linux-arm'
2599 silly reify ]
2600 verbose reify failed optional dependency C:\Users\jayp.JAY\OneDrive\Desktop\AI Assessment Extraction\frontend\node_modules\@img\sharp-libvips-darwin-x64
2601 silly reify mark deleted [
2601 silly reify   'C:\\Users\\jayp.JAY\\OneDrive\\Desktop\\AI Assessment Extraction\\frontend\\node_modules\\@img\\sharp-libvips-darwin-x64'
2601 silly reify ]
2602 verbose reify failed optional dependency C:\Users\jayp.JAY\OneDrive\Desktop\AI Assessment Extraction\frontend\node_modules\@img\sharp-libvips-darwin-arm64
2603 silly reify mark deleted [
2603 silly reify   'C:\\Users\\jayp.JAY\\OneDrive\\Desktop\\AI Assessment Extraction\\frontend\\node_modules\\@img\\sharp-libvips-darwin-arm64'
2603 silly reify ]
2604 verbose reify failed optional dependency C:\Users\jayp.JAY\OneDrive\Desktop\AI Assessment Extraction\frontend\node_modules\@img\sharp-freebsd-wasm32
2605 silly reify mark deleted [
2605 silly reify   'C:\\Users\\jayp.JAY\\OneDrive\\Desktop\\AI Assessment Extraction\\frontend\\node_modules\\@img\\sharp-freebsd-wasm32'
2605 silly reify ]
2606 verbose reify failed optional dependency C:\Users\jayp.JAY\OneDrive\Desktop\AI Assessment Extraction\frontend\node_modules\@img\sharp-darwin-x64
2607 silly reify mark deleted [
2607 silly reify   'C:\\Users\\jayp.JAY\\OneDrive\\Desktop\\AI Assessment Extraction\\frontend\\node_modules\\@img\\sharp-darwin-x64'
2607 silly reify ]
2608 verbose reify failed optional dependency C:\Users\jayp.JAY\OneDrive\Desktop\AI Assessment Extraction\frontend\node_modules\@img\sharp-darwin-arm64
2609 silly reify mark deleted [
2609 silly reify   'C:\\Users\\jayp.JAY\\OneDrive\\Desktop\\AI Assessment Extraction\\frontend\\node_modules\\@img\\sharp-darwin-arm64'
2609 silly reify ]
2610 verbose reify failed optional dependency C:\Users\jayp.JAY\OneDrive\Desktop\AI Assessment Extraction\frontend\node_modules\@next\swc-win32-arm64-msvc
2611 silly reify mark deleted [
2611 silly reify   'C:\\Users\\jayp.JAY\\OneDrive\\Desktop\\AI Assessment Extraction\\frontend\\node_modules\\@next\\swc-win32-arm64-msvc'
2611 silly reify ]
2612 verbose reify failed optional dependency C:\Users\jayp.JAY\OneDrive\Desktop\AI Assessment Extraction\frontend\node_modules\@next\swc-linux-x64-musl
2613 silly reify mark deleted [
2613 silly reify   'C:\\Users\\jayp.JAY\\OneDrive\\Desktop\\AI Assessment Extraction\\frontend\\node_modules\\@next\\swc-linux-x64-musl'
2613 silly reify ]
2614 verbose reify failed optional dependency C:\Users\jayp.JAY\OneDrive\Desktop\AI Assessment Extraction\frontend\node_modules\@next\swc-linux-x64-gnu
2615 silly reify mark deleted [
2615 silly reify   'C:\\Users\\jayp.JAY\\OneDrive\\Desktop\\AI Assessment Extraction\\frontend\\node_modules\\@next\\swc-linux-x64-gnu'
2615 silly reify ]
2616 verbose reify failed optional dependency C:\Users\jayp.JAY\OneDrive\Desktop\AI Assessment Extraction\frontend\node_modules\@next\swc-linux-arm64-musl
2617 silly reify mark deleted [
2617 silly reify   'C:\\Users\\jayp.JAY\\OneDrive\\Desktop\\AI Assessment Extraction\\frontend\\node_modules\\@next\\swc-linux-arm64-musl'
2617 silly reify ]
2618 verbose reify failed optional dependency C:\Users\jayp.JAY\OneDrive\Desktop\AI Assessment Extraction\frontend\node_modules\@next\swc-linux-arm64-gnu
2619 silly reify mark deleted [
2619 silly reify   'C:\\Users\\jayp.JAY\\OneDrive\\Desktop\\AI Assessment Extraction\\frontend\\node_modules\\@next\\swc-linux-arm64-gnu'
2619 silly reify ]
2620 verbose reify failed optional dependency C:\Users\jayp.JAY\OneDrive\Desktop\AI Assessment Extraction\frontend\node_modules\@next\swc-darwin-x64
2621 silly reify mark deleted [
2621 silly reify   'C:\\Users\\jayp.JAY\\OneDrive\\Desktop\\AI Assessment Extraction\\frontend\\node_modules\\@next\\swc-darwin-x64'
2621 silly reify ]
2622 verbose reify failed optional dependency C:\Users\jayp.JAY\OneDrive\Desktop\AI Assessment Extraction\frontend\node_modules\@next\swc-darwin-arm64
2623 silly reify mark deleted [
2623 silly reify   'C:\\Users\\jayp.JAY\\OneDrive\\Desktop\\AI Assessment Extraction\\frontend\\node_modules\\@next\\swc-darwin-arm64'
2623 silly reify ]
2624 verbose reify failed optional dependency C:\Users\jayp.JAY\OneDrive\Desktop\AI Assessment Extraction\frontend\node_modules\lightningcss-win32-arm64-msvc
2625 silly reify mark deleted [
2625 silly reify   'C:\\Users\\jayp.JAY\\OneDrive\\Desktop\\AI Assessment Extraction\\frontend\\node_modules\\lightningcss-win32-arm64-msvc'
2625 silly reify ]
2626 verbose reify failed optional dependency C:\Users\jayp.JAY\OneDrive\Desktop\AI Assessment Extraction\frontend\node_modules\lightningcss-linux-x64-musl
2627 silly reify mark deleted [
2627 silly reify   'C:\\Users\\jayp.JAY\\OneDrive\\Desktop\\AI Assessment Extraction\\frontend\\node_modules\\lightningcss-linux-x64-musl'
2627 silly reify ]
2628 verbose reify failed optional dependency C:\Users\jayp.JAY\OneDrive\Desktop\AI Assessment Extraction\frontend\node_modules\lightningcss-linux-x64-gnu
2629 silly reify mark deleted [
2629 silly reify   'C:\\Users\\jayp.JAY\\OneDrive\\Desktop\\AI Assessment Extraction\\frontend\\node_modules\\lightningcss-linux-x64-gnu'
2629 silly reify ]
2630 verbose reify failed optional dependency C:\Users\jayp.JAY\OneDrive\Desktop\AI Assessment Extraction\frontend\node_modules\lightningcss-linux-arm64-musl
2631 silly reify mark deleted [
2631 silly reify   'C:\\Users\\jayp.JAY\\OneDrive\\Desktop\\AI Assessment Extraction\\frontend\\node_modules\\lightningcss-linux-arm64-musl'
2631 silly reify ]
2632 verbose reify failed optional dependency C:\Users\jayp.JAY\OneDrive\Desktop\AI Assessment Extraction\frontend\node_modules\lightningcss-linux-arm64-gnu
2633 silly reify mark deleted [
2633 silly reify   'C:\\Users\\jayp.JAY\\OneDrive\\Desktop\\AI Assessment Extraction\\frontend\\node_modules\\lightningcss-linux-arm64-gnu'
2633 silly reify ]
2634 verbose reify failed optional dependency C:\Users\jayp.JAY\OneDrive\Desktop\AI Assessment Extraction\frontend\node_modules\lightningcss-linux-arm-gnueabihf
2635 silly reify mark deleted [
2635 silly reify   'C:\\Users\\jayp.JAY\\OneDrive\\Desktop\\AI Assessment Extraction\\frontend\\node_modules\\lightningcss-linux-arm-gnueabihf'
2635 silly reify ]
2636 verbose reify failed optional dependency C:\Users\jayp.JAY\OneDrive\Desktop\AI Assessment Extraction\frontend\node_modules\lightningcss-freebsd-x64
2637 silly reify mark deleted [
2637 silly reify   'C:\\Users\\jayp.JAY\\OneDrive\\Desktop\\AI Assessment Extraction\\frontend\\node_modules\\lightningcss-freebsd-x64'
2637 silly reify ]
2638 verbose reify failed optional dependency C:\Users\jayp.JAY\OneDrive\Desktop\AI Assessment Extraction\frontend\node_modules\lightningcss-darwin-x64
2639 silly reify mark deleted [
2639 silly reify   'C:\\Users\\jayp.JAY\\OneDrive\\Desktop\\AI Assessment Extraction\\frontend\\node_modules\\lightningcss-darwin-x64'
2639 silly reify ]
2640 verbose reify failed optional dependency C:\Users\jayp.JAY\OneDrive\Desktop\AI Assessment Extraction\frontend\node_modules\lightningcss-darwin-arm64
2641 silly reify mark deleted [
2641 silly reify   'C:\\Users\\jayp.JAY\\OneDrive\\Desktop\\AI Assessment Extraction\\frontend\\node_modules\\lightningcss-darwin-arm64'
2641 silly reify ]
2642 verbose reify failed optional dependency C:\Users\jayp.JAY\OneDrive\Desktop\AI Assessment Extraction\frontend\node_modules\lightningcss-android-arm64
2643 silly reify mark deleted [
2643 silly reify   'C:\\Users\\jayp.JAY\\OneDrive\\Desktop\\AI Assessment Extraction\\frontend\\node_modules\\lightningcss-android-arm64'
2643 silly reify ]
2644 verbose reify failed optional dependency C:\Users\jayp.JAY\OneDrive\Desktop\AI Assessment Extraction\frontend\node_modules\@tailwindcss\oxide-win32-arm64-msvc
2645 silly reify mark deleted [
2645 silly reify   'C:\\Users\\jayp.JAY\\OneDrive\\Desktop\\AI Assessment Extraction\\frontend\\node_modules\\@tailwindcss\\oxide-win32-arm64-msvc'
2645 silly reify ]
2646 verbose reify failed optional dependency C:\Users\jayp.JAY\OneDrive\Desktop\AI Assessment Extraction\frontend\node_modules\@tailwindcss\oxide-linux-x64-musl
2647 silly reify mark deleted [
2647 silly reify   'C:\\Users\\jayp.JAY\\OneDrive\\Desktop\\AI Assessment Extraction\\frontend\\node_modules\\@tailwindcss\\oxide-linux-x64-musl'
2647 silly reify ]
2648 verbose reify failed optional dependency C:\Users\jayp.JAY\OneDrive\Desktop\AI Assessment Extraction\frontend\node_modules\@tailwindcss\oxide-linux-x64-gnu
2649 silly reify mark deleted [
2649 silly reify   'C:\\Users\\jayp.JAY\\OneDrive\\Desktop\\AI Assessment Extraction\\frontend\\node_modules\\@tailwindcss\\oxide-linux-x64-gnu'
2649 silly reify ]
2650 verbose reify failed optional dependency C:\Users\jayp.JAY\OneDrive\Desktop\AI Assessment Extraction\frontend\node_modules\@tailwindcss\oxide-linux-arm64-musl
2651 silly reify mark deleted [
2651 silly reify   'C:\\Users\\jayp.JAY\\OneDrive\\Desktop\\AI Assessment Extraction\\frontend\\node_modules\\@tailwindcss\\oxide-linux-arm64-musl'
2651 silly reify ]
2652 verbose reify failed optional dependency C:\Users\jayp.JAY\OneDrive\Desktop\AI Assessment Extraction\frontend\node_modules\@tailwindcss\oxide-linux-arm64-gnu
2653 silly reify mark deleted [
2653 silly reify   'C:\\Users\\jayp.JAY\\OneDrive\\Desktop\\AI Assessment Extraction\\frontend\\node_modules\\@tailwindcss\\oxide-linux-arm64-gnu'
2653 silly reify ]
2654 verbose reify failed optional dependency C:\Users\jayp.JAY\OneDrive\Desktop\AI Assessment Extraction\frontend\node_modules\@tailwindcss\oxide-linux-arm-gnueabihf
2655 silly reify mark deleted [
2655 silly reify   'C:\\Users\\jayp.JAY\\OneDrive\\Desktop\\AI Assessment Extraction\\frontend\\node_modules\\@tailwindcss\\oxide-linux-arm-gnueabihf'
2655 silly reify ]
2656 verbose reify failed optional dependency C:\Users\jayp.JAY\OneDrive\Desktop\AI Assessment Extraction\frontend\node_modules\@tailwindcss\oxide-freebsd-x64
2657 silly reify mark deleted [
2657 silly reify   'C:\\Users\\jayp.JAY\\OneDrive\\Desktop\\AI Assessment Extraction\\frontend\\node_modules\\@tailwindcss\\oxide-freebsd-x64'
2657 silly reify ]
2658 verbose reify failed optional dependency C:\Users\jayp.JAY\OneDrive\Desktop\AI Assessment Extraction\frontend\node_modules\@tailwindcss\oxide-darwin-x64
2659 silly reify mark deleted [
2659 silly reify   'C:\\Users\\jayp.JAY\\OneDrive\\Desktop\\AI Assessment Extraction\\frontend\\node_modules\\@tailwindcss\\oxide-darwin-x64'
2659 silly reify ]
2660 verbose reify failed optional dependency C:\Users\jayp.JAY\OneDrive\Desktop\AI Assessment Extraction\frontend\node_modules\@tailwindcss\oxide-darwin-arm64
2661 silly reify mark deleted [
2661 silly reify   'C:\\Users\\jayp.JAY\\OneDrive\\Desktop\\AI Assessment Extraction\\frontend\\node_modules\\@tailwindcss\\oxide-darwin-arm64'
2661 silly reify ]
2662 verbose reify failed optional dependency C:\Users\jayp.JAY\OneDrive\Desktop\AI Assessment Extraction\frontend\node_modules\@tailwindcss\oxide-android-arm64
2663 silly reify mark deleted [
2663 silly reify   'C:\\Users\\jayp.JAY\\OneDrive\\Desktop\\AI Assessment Extraction\\frontend\\node_modules\\@tailwindcss\\oxide-android-arm64'
2663 silly reify ]
2664 http cache @img/sharp-wasm32@https://registry.npmjs.org/@img/sharp-wasm32/-/sharp-wasm32-0.35.4.tgz 0ms (cache hit)
2665 http cache @emnapi/runtime@https://registry.npmjs.org/@emnapi/runtime/-/runtime-1.10.0.tgz 0ms (cache hit)
2666 silly tarball no local data for @img/sharp-wasm32@https://registry.npmjs.org/@img/sharp-wasm32/-/sharp-wasm32-0.35.4.tgz. Extracting by manifest.
2667 silly tarball no local data for @emnapi/runtime@https://registry.npmjs.org/@emnapi/runtime/-/runtime-1.10.0.tgz. Extracting by manifest.
2668 http cache punycode@https://registry.npmjs.org/punycode/-/punycode-2.3.1.tgz 0ms (cache hit)
2669 http cache @unrs/resolver-binding-win32-x64-msvc@https://registry.npmjs.org/@unrs/resolver-binding-win32-x64-msvc/-/resolver-binding-win32-x64-msvc-1.12.2.tgz 0ms (cache hit)
2670 http cache strip-bom@https://registry.npmjs.org/strip-bom/-/strip-bom-3.0.0.tgz 0ms (cache hit)
2671 http cache is-number@https://registry.npmjs.org/is-number/-/is-number-7.0.0.tgz 0ms (cache hit)
2672 http cache @types/json5@https://registry.npmjs.org/@types/json5/-/json5-0.0.29.tgz 0ms (cache hit)
2673 http cache client-only@https://registry.npmjs.org/client-only/-/client-only-0.0.1.tgz 0ms (cache hit)
2674 http cache shebang-regex@https://registry.npmjs.org/shebang-regex/-/shebang-regex-3.0.0.tgz 0ms (cache hit)
2675 http cache @img/colour@https://registry.npmjs.org/@img/colour/-/colour-1.1.0.tgz 0ms (cache hit)
2676 http cache has-flag@https://registry.npmjs.org/has-flag/-/has-flag-4.0.0.tgz 0ms (cache hit)
2677 http cache path-parse@https://registry.npmjs.org/path-parse/-/path-parse-1.0.7.tgz 0ms (cache hit)
2678 http cache queue-microtask@https://registry.npmjs.org/queue-microtask/-/queue-microtask-1.2.3.tgz 1ms (cache hit)
2679 http cache isarray@https://registry.npmjs.org/isarray/-/isarray-2.0.5.tgz 0ms (cache hit)
2680 http cache object-assign@https://registry.npmjs.org/object-assign/-/object-assign-4.1.1.tgz 0ms (cache hit)
2681 http cache yocto-queue@https://registry.npmjs.org/yocto-queue/-/yocto-queue-0.1.0.tgz 1ms (cache hit)
2682 http cache callsites@https://registry.npmjs.org/callsites/-/callsites-3.1.0.tgz 1ms (cache hit)
2683 http cache p-limit@https://registry.npmjs.org/p-limit/-/p-limit-3.1.0.tgz 0ms (cache hit)
2684 http cache fast-levenshtein@https://registry.npmjs.org/fast-levenshtein/-/fast-levenshtein-2.0.6.tgz 3ms (cache hit)
2685 http cache word-wrap@https://registry.npmjs.org/word-wrap/-/word-wrap-1.2.5.tgz 0ms (cache hit)
2686 http cache to-regex-range@https://registry.npmjs.org/to-regex-range/-/to-regex-range-5.0.1.tgz 0ms (cache hit)
2687 http cache yallist@https://registry.npmjs.org/yallist/-/yallist-3.1.1.tgz 0ms (cache hit)
2688 http cache lightningcss-win32-x64-msvc@https://registry.npmjs.org/lightningcss-win32-x64-msvc/-/lightningcss-win32-x64-msvc-1.32.0.tgz 0ms (cache hit)
2689 http cache p-locate@https://registry.npmjs.org/p-locate/-/p-locate-5.0.0.tgz 0ms (cache hit)
2690 http cache @next/swc-win32-x64-msvc@https://registry.npmjs.org/@next/swc-win32-x64-msvc/-/swc-win32-x64-msvc-16.3.3.tgz 0ms (cache hit)
2691 http cache is-extglob@https://registry.npmjs.org/is-extglob/-/is-extglob-2.1.1.tgz 0ms (cache hit)
2692 http cache brace-expansion@https://registry.npmjs.org/brace-expansion/-/brace-expansion-1.1.18.tgz 0ms (cache hit)
2693 http cache parent-module@https://registry.npmjs.org/parent-module/-/parent-module-1.0.1.tgz 0ms (cache hit)
2694 http cache path-exists@https://registry.npmjs.org/path-exists/-/path-exists-4.0.0.tgz 0ms (cache hit)
2695 http cache fill-range@https://registry.npmjs.org/fill-range/-/fill-range-7.1.1.tgz 0ms (cache hit)
2696 http cache locate-path@https://registry.npmjs.org/locate-path/-/locate-path-6.0.0.tgz 0ms (cache hit)
2697 http cache resolve-from@https://registry.npmjs.org/resolve-from/-/resolve-from-4.0.0.tgz 0ms (cache hit)
2698 http cache run-parallel@https://registry.npmjs.org/run-parallel/-/run-parallel-1.2.0.tgz 0ms (cache hit)
2699 http cache micromatch@https://registry.npmjs.org/micromatch/-/micromatch-4.0.8.tgz 0ms (cache hit)
2700 http cache merge2@https://registry.npmjs.org/merge2/-/merge2-1.4.1.tgz 0ms (cache hit)
2701 http cache acorn-jsx@https://registry.npmjs.org/acorn-jsx/-/acorn-jsx-5.3.2.tgz 0ms (cache hit)
2702 http cache esrecurse@https://registry.npmjs.org/esrecurse/-/esrecurse-4.3.0.tgz 0ms (cache hit)
2703 http cache electron-to-chromium@https://registry.npmjs.org/electron-to-chromium/-/electron-to-chromium-1.5.415.tgz 0ms (cache hit)
2704 http cache lru-cache@https://registry.npmjs.org/lru-cache/-/lru-cache-5.1.1.tgz 0ms (cache hit)
2705 http cache picocolors@https://registry.npmjs.org/picocolors/-/picocolors-1.1.1.tgz 0ms (cache hit)
2706 http cache js-tokens@https://registry.npmjs.org/js-tokens/-/js-tokens-4.0.0.tgz 0ms (cache hit)
2707 http cache convert-source-map@https://registry.npmjs.org/convert-source-map/-/convert-source-map-2.0.0.tgz 0ms (cache hit)
2708 http cache estraverse@https://registry.npmjs.org/estraverse/-/estraverse-5.3.0.tgz 0ms (cache hit)
2709 http cache eslint-module-utils@https://registry.npmjs.org/eslint-module-utils/-/eslint-module-utils-2.14.0.tgz 0ms (cache hit)
2710 http cache @nolyfill/is-core-module@https://registry.npmjs.org/@nolyfill/is-core-module/-/is-core-module-1.0.39.tgz 0ms (cache hit)
2711 http cache unrs-resolver@https://registry.npmjs.org/unrs-resolver/-/unrs-resolver-1.12.2.tgz 0ms (cache hit)
2712 http cache ms@https://registry.npmjs.org/ms/-/ms-2.1.3.tgz 0ms (cache hit)
2713 http cache eslint-import-resolver-node@https://registry.npmjs.org/eslint-import-resolver-node/-/eslint-import-resolver-node-0.3.10.tgz 0ms (cache hit)
2714 http cache shebang-command@https://registry.npmjs.org/shebang-command/-/shebang-command-2.0.0.tgz 0ms (cache hit)
2715 http cache color-name@https://registry.npmjs.org/color-name/-/color-name-1.1.4.tgz 0ms (cache hit)
2716 http cache supports-color@https://registry.npmjs.org/supports-color/-/supports-color-7.2.0.tgz 0ms (cache hit)
2717 http cache color-convert@https://registry.npmjs.org/color-convert/-/color-convert-2.0.1.tgz 0ms (cache hit)
2718 http cache path-key@https://registry.npmjs.org/path-key/-/path-key-3.1.1.tgz 0ms (cache hit)
2719 http cache @rtsao/scc@https://registry.npmjs.org/@rtsao/scc/-/scc-1.1.0.tgz 0ms (cache hit)
2720 http cache ansi-styles@https://registry.npmjs.org/ansi-styles/-/ansi-styles-4.3.0.tgz 1ms (cache hit)
2721 http cache strip-json-comments@https://registry.npmjs.org/strip-json-comments/-/strip-json-comments-3.1.1.tgz 0ms (cache hit)
2722 http cache import-fresh@https://registry.npmjs.org/import-fresh/-/import-fresh-3.3.1.tgz 0ms (cache hit)
2723 http cache natural-compare@https://registry.npmjs.org/natural-compare/-/natural-compare-1.4.0.tgz 0ms (cache hit)
2724 http cache globals@https://registry.npmjs.org/globals/-/globals-14.0.0.tgz 0ms (cache hit)
2725 http cache @types/json-schema@https://registry.npmjs.org/@types/json-schema/-/json-schema-7.0.15.tgz 0ms (cache hit)
2726 http cache is-glob@https://registry.npmjs.org/is-glob/-/is-glob-4.0.3.tgz 1ms (cache hit)
2727 http cache imurmurhash@https://registry.npmjs.org/imurmurhash/-/imurmurhash-0.1.4.tgz 0ms (cache hit)
2728 http cache glob-parent@https://registry.npmjs.org/glob-parent/-/glob-parent-6.0.2.tgz 1ms (cache hit)
2729 http cache lodash.merge@https://registry.npmjs.org/lodash.merge/-/lodash.merge-4.6.2.tgz 0ms (cache hit)
2730 http cache file-entry-cache@https://registry.npmjs.org/file-entry-cache/-/file-entry-cache-8.0.0.tgz 0ms (cache hit)
2731 http cache find-up@https://registry.npmjs.org/find-up/-/find-up-5.0.0.tgz 0ms (cache hit)
2732 http cache minimatch@https://registry.npmjs.org/minimatch/-/minimatch-3.1.5.tgz 0ms (cache hit)
2733 http cache ignore@https://registry.npmjs.org/ignore/-/ignore-5.3.2.tgz 1ms (cache hit)
2734 http cache @types/estree@https://registry.npmjs.org/@types/estree/-/estree-1.0.9.tgz 4ms (cache hit)
2735 http cache escape-string-regexp@https://registry.npmjs.org/escape-string-regexp/-/escape-string-regexp-4.0.0.tgz 0ms (cache hit)
2736 http cache @eslint-community/eslint-utils@https://registry.npmjs.org/@eslint-community/eslint-utils/-/eslint-utils-4.10.1.tgz 0ms (cache hit)
2737 http cache @eslint-community/regexpp@https://registry.npmjs.org/@eslint-community/regexpp/-/regexpp-4.12.2.tgz 0ms (cache hit)
2738 http cache csstype@https://registry.npmjs.org/csstype/-/csstype-3.2.3.tgz 1ms (cache hit)
2739 http cache graceful-fs@https://registry.npmjs.org/graceful-fs/-/graceful-fs-4.2.11.tgz 0ms (cache hit)
2740 http cache @tailwindcss/oxide-win32-x64-msvc@https://registry.npmjs.org/@tailwindcss/oxide-win32-x64-msvc/-/oxide-win32-x64-msvc-4.3.3.tgz 0ms (cache hit)
2741 http cache undici-types@https://registry.npmjs.org/undici-types/-/undici-types-6.21.0.tgz 1ms (cache hit)
2742 http cache @tailwindcss/oxide@https://registry.npmjs.org/@tailwindcss/oxide/-/oxide-4.3.3.tgz 0ms (cache hit)
2743 http cache @alloc/quick-lru@https://registry.npmjs.org/@alloc/quick-lru/-/quick-lru-5.2.0.tgz 3ms (cache hit)
2744 http cache ignore@https://registry.npmjs.org/ignore/-/ignore-7.0.6.tgz 0ms (cache hit)
2745 http cache glob-parent@https://registry.npmjs.org/glob-parent/-/glob-parent-5.1.2.tgz 0ms (cache hit)
2746 http cache @eslint-community/eslint-utils@https://registry.npmjs.org/@eslint-community/eslint-utils/-/eslint-utils-4.9.1.tgz 1ms (cache hit)
2747 silly tarball no local data for punycode@https://registry.npmjs.org/punycode/-/punycode-2.3.1.tgz. Extracting by manifest.
2748 silly tarball no local data for @unrs/resolver-binding-win32-x64-msvc@https://registry.npmjs.org/@unrs/resolver-binding-win32-x64-msvc/-/resolver-binding-win32-x64-msvc-1.12.2.tgz. Extracting by manifest.
2749 http cache globals@https://registry.npmjs.org/globals/-/globals-16.4.0.tgz 1ms (cache hit)
2750 silly tarball no local data for strip-bom@https://registry.npmjs.org/strip-bom/-/strip-bom-3.0.0.tgz. Extracting by manifest.
2751 silly tarball no local data for is-number@https://registry.npmjs.org/is-number/-/is-number-7.0.0.tgz. Extracting by manifest.
2752 silly tarball no local data for @types/json5@https://registry.npmjs.org/@types/json5/-/json5-0.0.29.tgz. Extracting by manifest.
2753 silly tarball no local data for client-only@https://registry.npmjs.org/client-only/-/client-only-0.0.1.tgz. Extracting by manifest.
2754 silly tarball no local data for shebang-regex@https://registry.npmjs.org/shebang-regex/-/shebang-regex-3.0.0.tgz. Extracting by manifest.
2755 silly tarball no local data for @img/colour@https://registry.npmjs.org/@img/colour/-/colour-1.1.0.tgz. Extracting by manifest.
2756 silly tarball no local data for has-flag@https://registry.npmjs.org/has-flag/-/has-flag-4.0.0.tgz. Extracting by manifest.
2757 silly tarball no local data for path-parse@https://registry.npmjs.org/path-parse/-/path-parse-1.0.7.tgz. Extracting by manifest.
2758 silly tarball no local data for queue-microtask@https://registry.npmjs.org/queue-microtask/-/queue-microtask-1.2.3.tgz. Extracting by manifest.
2759 silly tarball no local data for isarray@https://registry.npmjs.org/isarray/-/isarray-2.0.5.tgz. Extracting by manifest.
2760 silly tarball no local data for object-assign@https://registry.npmjs.org/object-assign/-/object-assign-4.1.1.tgz. Extracting by manifest.
2761 http cache loose-envify@https://registry.npmjs.org/loose-envify/-/loose-envify-1.4.0.tgz 0ms (cache hit)
2762 silly tarball no local data for yocto-queue@https://registry.npmjs.org/yocto-queue/-/yocto-queue-0.1.0.tgz. Extracting by manifest.
2763 silly tarball no local data for p-limit@https://registry.npmjs.org/p-limit/-/p-limit-3.1.0.tgz. Extracting by manifest.
2764 silly tarball no local data for callsites@https://registry.npmjs.org/callsites/-/callsites-3.1.0.tgz. Extracting by manifest.
2765 silly tarball no local data for fast-levenshtein@https://registry.npmjs.org/fast-levenshtein/-/fast-levenshtein-2.0.6.tgz. Extracting by manifest.
2766 silly tarball no local data for word-wrap@https://registry.npmjs.org/word-wrap/-/word-wrap-1.2.5.tgz. Extracting by manifest.
2767 silly tarball no local data for to-regex-range@https://registry.npmjs.org/to-regex-range/-/to-regex-range-5.0.1.tgz. Extracting by manifest.
2768 silly tarball no local data for yallist@https://registry.npmjs.org/yallist/-/yallist-3.1.1.tgz. Extracting by manifest.
2769 silly tarball no local data for lightningcss-win32-x64-msvc@https://registry.npmjs.org/lightningcss-win32-x64-msvc/-/lightningcss-win32-x64-msvc-1.32.0.tgz. Extracting by manifest.
2770 silly tarball no local data for @next/swc-win32-x64-msvc@https://registry.npmjs.org/@next/swc-win32-x64-msvc/-/swc-win32-x64-msvc-16.3.3.tgz. Extracting by manifest.
2771 silly tarball no local data for p-locate@https://registry.npmjs.org/p-locate/-/p-locate-5.0.0.tgz. Extracting by manifest.
2772 silly tarball no local data for is-extglob@https://registry.npmjs.org/is-extglob/-/is-extglob-2.1.1.tgz. Extracting by manifest.
2773 silly tarball no local data for brace-expansion@https://registry.npmjs.org/brace-expansion/-/brace-expansion-1.1.18.tgz. Extracting by manifest.
2774 silly tarball no local data for parent-module@https://registry.npmjs.org/parent-module/-/parent-module-1.0.1.tgz. Extracting by manifest.
2775 silly tarball no local data for path-exists@https://registry.npmjs.org/path-exists/-/path-exists-4.0.0.tgz. Extracting by manifest.
2776 silly tarball no local data for fill-range@https://registry.npmjs.org/fill-range/-/fill-range-7.1.1.tgz. Extracting by manifest.
2777 silly tarball no local data for locate-path@https://registry.npmjs.org/locate-path/-/locate-path-6.0.0.tgz. Extracting by manifest.
2778 silly tarball no local data for resolve-from@https://registry.npmjs.org/resolve-from/-/resolve-from-4.0.0.tgz. Extracting by manifest.
2779 silly tarball no local data for run-parallel@https://registry.npmjs.org/run-parallel/-/run-parallel-1.2.0.tgz. Extracting by manifest.
2780 silly tarball no local data for micromatch@https://registry.npmjs.org/micromatch/-/micromatch-4.0.8.tgz. Extracting by manifest.
2781 silly tarball no local data for merge2@https://registry.npmjs.org/merge2/-/merge2-1.4.1.tgz. Extracting by manifest.
2782 silly tarball no local data for acorn-jsx@https://registry.npmjs.org/acorn-jsx/-/acorn-jsx-5.3.2.tgz. Extracting by manifest.
2783 http cache update-browserslist-db@https://registry.npmjs.org/update-browserslist-db/-/update-browserslist-db-1.3.1.tgz 0ms (cache hit)
2784 silly tarball no local data for esrecurse@https://registry.npmjs.org/esrecurse/-/esrecurse-4.3.0.tgz. Extracting by manifest.
2785 silly tarball no local data for electron-to-chromium@https://registry.npmjs.org/electron-to-chromium/-/electron-to-chromium-1.5.415.tgz. Extracting by manifest.
2786 silly tarball no local data for lru-cache@https://registry.npmjs.org/lru-cache/-/lru-cache-5.1.1.tgz. Extracting by manifest.
2787 http cache browserslist@https://registry.npmjs.org/browserslist/-/browserslist-4.28.8.tgz 0ms (cache hit)
2788 silly tarball no local data for picocolors@https://registry.npmjs.org/picocolors/-/picocolors-1.1.1.tgz. Extracting by manifest.
2789 silly tarball no local data for js-tokens@https://registry.npmjs.org/js-tokens/-/js-tokens-4.0.0.tgz. Extracting by manifest.
2790 silly tarball no local data for convert-source-map@https://registry.npmjs.org/convert-source-map/-/convert-source-map-2.0.0.tgz. Extracting by manifest.
2791 silly tarball no local data for estraverse@https://registry.npmjs.org/estraverse/-/estraverse-5.3.0.tgz. Extracting by manifest.
2792 silly tarball no local data for eslint-module-utils@https://registry.npmjs.org/eslint-module-utils/-/eslint-module-utils-2.14.0.tgz. Extracting by manifest.
2793 silly tarball no local data for @nolyfill/is-core-module@https://registry.npmjs.org/@nolyfill/is-core-module/-/is-core-module-1.0.39.tgz. Extracting by manifest.
2794 silly tarball no local data for unrs-resolver@https://registry.npmjs.org/unrs-resolver/-/unrs-resolver-1.12.2.tgz. Extracting by manifest.
2795 silly tarball no local data for ms@https://registry.npmjs.org/ms/-/ms-2.1.3.tgz. Extracting by manifest.
2796 silly tarball no local data for eslint-import-resolver-node@https://registry.npmjs.org/eslint-import-resolver-node/-/eslint-import-resolver-node-0.3.10.tgz. Extracting by manifest.
2797 silly tarball no local data for shebang-command@https://registry.npmjs.org/shebang-command/-/shebang-command-2.0.0.tgz. Extracting by manifest.
2798 silly tarball no local data for color-name@https://registry.npmjs.org/color-name/-/color-name-1.1.4.tgz. Extracting by manifest.
2799 silly tarball no local data for supports-color@https://registry.npmjs.org/supports-color/-/supports-color-7.2.0.tgz. Extracting by manifest.
2800 silly tarball no local data for color-convert@https://registry.npmjs.org/color-convert/-/color-convert-2.0.1.tgz. Extracting by manifest.
2801 silly tarball no local data for path-key@https://registry.npmjs.org/path-key/-/path-key-3.1.1.tgz. Extracting by manifest.
2802 silly tarball no local data for @rtsao/scc@https://registry.npmjs.org/@rtsao/scc/-/scc-1.1.0.tgz. Extracting by manifest.
2803 silly tarball no local data for ansi-styles@https://registry.npmjs.org/ansi-styles/-/ansi-styles-4.3.0.tgz. Extracting by manifest.
2804 silly tarball no local data for strip-json-comments@https://registry.npmjs.org/strip-json-comments/-/strip-json-comments-3.1.1.tgz. Extracting by manifest.
2805 silly tarball no local data for import-fresh@https://registry.npmjs.org/import-fresh/-/import-fresh-3.3.1.tgz. Extracting by manifest.
2806 silly tarball no local data for natural-compare@https://registry.npmjs.org/natural-compare/-/natural-compare-1.4.0.tgz. Extracting by manifest.
2807 silly tarball no local data for globals@https://registry.npmjs.org/globals/-/globals-14.0.0.tgz. Extracting by manifest.
2808 silly tarball no local data for @types/json-schema@https://registry.npmjs.org/@types/json-schema/-/json-schema-7.0.15.tgz. Extracting by manifest.
2809 silly tarball no local data for is-glob@https://registry.npmjs.org/is-glob/-/is-glob-4.0.3.tgz. Extracting by manifest.
2810 silly tarball no local data for imurmurhash@https://registry.npmjs.org/imurmurhash/-/imurmurhash-0.1.4.tgz. Extracting by manifest.
2811 silly tarball no local data for glob-parent@https://registry.npmjs.org/glob-parent/-/glob-parent-6.0.2.tgz. Extracting by manifest.
2812 silly tarball no local data for lodash.merge@https://registry.npmjs.org/lodash.merge/-/lodash.merge-4.6.2.tgz. Extracting by manifest.
2813 silly tarball no local data for find-up@https://registry.npmjs.org/find-up/-/find-up-5.0.0.tgz. Extracting by manifest.
2814 silly tarball no local data for file-entry-cache@https://registry.npmjs.org/file-entry-cache/-/file-entry-cache-8.0.0.tgz. Extracting by manifest.
2815 silly tarball no local data for minimatch@https://registry.npmjs.org/minimatch/-/minimatch-3.1.5.tgz. Extracting by manifest.
2816 silly tarball no local data for ignore@https://registry.npmjs.org/ignore/-/ignore-5.3.2.tgz. Extracting by manifest.
2817 silly tarball no local data for @types/estree@https://registry.npmjs.org/@types/estree/-/estree-1.0.9.tgz. Extracting by manifest.
2818 silly tarball no local data for escape-string-regexp@https://registry.npmjs.org/escape-string-regexp/-/escape-string-regexp-4.0.0.tgz. Extracting by manifest.
2819 silly tarball no local data for @eslint-community/eslint-utils@https://registry.npmjs.org/@eslint-community/eslint-utils/-/eslint-utils-4.10.1.tgz. Extracting by manifest.
2820 silly tarball no local data for @eslint-community/regexpp@https://registry.npmjs.org/@eslint-community/regexpp/-/regexpp-4.12.2.tgz. Extracting by manifest.
2821 silly tarball no local data for graceful-fs@https://registry.npmjs.org/graceful-fs/-/graceful-fs-4.2.11.tgz. Extracting by manifest.
2822 silly tarball no local data for @tailwindcss/oxide-win32-x64-msvc@https://registry.npmjs.org/@tailwindcss/oxide-win32-x64-msvc/-/oxide-win32-x64-msvc-4.3.3.tgz. Extracting by manifest.
2823 silly tarball no local data for csstype@https://registry.npmjs.org/csstype/-/csstype-3.2.3.tgz. Extracting by manifest.
2824 silly tarball no local data for undici-types@https://registry.npmjs.org/undici-types/-/undici-types-6.21.0.tgz. Extracting by manifest.
2825 silly tarball no local data for @tailwindcss/oxide@https://registry.npmjs.org/@tailwindcss/oxide/-/oxide-4.3.3.tgz. Extracting by manifest.
2826 silly tarball no local data for @alloc/quick-lru@https://registry.npmjs.org/@alloc/quick-lru/-/quick-lru-5.2.0.tgz. Extracting by manifest.
2827 silly tarball no local data for ignore@https://registry.npmjs.org/ignore/-/ignore-7.0.6.tgz. Extracting by manifest.
2828 silly tarball no local data for glob-parent@https://registry.npmjs.org/glob-parent/-/glob-parent-5.1.2.tgz. Extracting by manifest.
2829 silly tarball no local data for @eslint-community/eslint-utils@https://registry.npmjs.org/@eslint-community/eslint-utils/-/eslint-utils-4.9.1.tgz. Extracting by manifest.
2830 silly tarball no local data for globals@https://registry.npmjs.org/globals/-/globals-16.4.0.tgz. Extracting by manifest.
2831 silly tarball no local data for loose-envify@https://registry.npmjs.org/loose-envify/-/loose-envify-1.4.0.tgz. Extracting by manifest.
2832 silly tarball no local data for update-browserslist-db@https://registry.npmjs.org/update-browserslist-db/-/update-browserslist-db-1.3.1.tgz. Extracting by manifest.
2833 silly tarball no local data for browserslist@https://registry.npmjs.org/browserslist/-/browserslist-4.28.8.tgz. Extracting by manifest.
2834 http cache is-weakset@https://registry.npmjs.org/is-weakset/-/is-weakset-2.0.4.tgz 0ms (cache hit)
2835 http cache is-map@https://registry.npmjs.org/is-map/-/is-map-2.0.3.tgz 0ms (cache hit)
2836 http cache is-weakmap@https://registry.npmjs.org/is-weakmap/-/is-weakmap-2.0.2.tgz 0ms (cache hit)
2837 http cache generator-function@https://registry.npmjs.org/generator-function/-/generator-function-2.0.1.tgz 0ms (cache hit)
2838 http cache async-function@https://registry.npmjs.org/async-function/-/async-function-1.0.0.tgz 0ms (cache hit)
2839 http cache which-collection@https://registry.npmjs.org/which-collection/-/which-collection-1.0.2.tgz 0ms (cache hit)
2840 http cache is-boolean-object@https://registry.npmjs.org/is-boolean-object/-/is-boolean-object-1.2.2.tgz 0ms (cache hit)
2841 http cache isexe@https://registry.npmjs.org/isexe/-/isexe-2.0.0.tgz 0ms (cache hit)
2842 http cache is-async-function@https://registry.npmjs.org/is-async-function/-/is-async-function-2.1.1.tgz 0ms (cache hit)
2843 http cache is-bigint@https://registry.npmjs.org/is-bigint/-/is-bigint-1.1.0.tgz 0ms (cache hit)
2844 http cache is-number-object@https://registry.npmjs.org/is-number-object/-/is-number-object-1.1.1.tgz 0ms (cache hit)
2845 http cache escalade@https://registry.npmjs.org/escalade/-/escalade-3.2.0.tgz 0ms (cache hit)
2846 http cache @emnapi/wasi-threads@https://registry.npmjs.org/@emnapi/wasi-threads/-/wasi-threads-1.2.1.tgz 0ms (cache hit)
2847 http cache has-bigints@https://registry.npmjs.org/has-bigints/-/has-bigints-1.1.0.tgz 0ms (cache hit)
2848 http cache is-generator-function@https://registry.npmjs.org/is-generator-function/-/is-generator-function-1.1.2.tgz 1ms (cache hit)
2849 http cache is-finalizationregistry@https://registry.npmjs.org/is-finalizationregistry/-/is-finalizationregistry-1.1.1.tgz 1ms (cache hit)
2850 http cache @emnapi/core@https://registry.npmjs.org/@emnapi/core/-/core-1.10.0.tgz 0ms (cache hit)
2851 http cache which-boxed-primitive@https://registry.npmjs.org/which-boxed-primitive/-/which-boxed-primitive-1.1.1.tgz 0ms (cache hit)
2852 http cache @napi-rs/wasm-runtime@https://registry.npmjs.org/@napi-rs/wasm-runtime/-/wasm-runtime-1.2.3.tgz 0ms (cache hit)
2853 http cache @typescript-eslint/visitor-keys@https://registry.npmjs.org/@typescript-eslint/visitor-keys/-/visitor-keys-8.68.0.tgz 0ms (cache hit)
2854 http cache @typescript-eslint/tsconfig-utils@https://registry.npmjs.org/@typescript-eslint/tsconfig-utils/-/tsconfig-utils-8.68.0.tgz 0ms (cache hit)
2855 http cache @typescript-eslint/parser@https://registry.npmjs.org/@typescript-eslint/parser/-/parser-8.68.0.tgz 0ms (cache hit)
2856 http cache ts-api-utils@https://registry.npmjs.org/ts-api-utils/-/ts-api-utils-2.5.0.tgz 0ms (cache hit)
2857 http cache side-channel-weakmap@https://registry.npmjs.org/side-channel-weakmap/-/side-channel-weakmap-1.0.2.tgz 0ms (cache hit)
2858 http cache reflect.getprototypeof@https://registry.npmjs.org/reflect.getprototypeof/-/reflect.getprototypeof-1.0.10.tgz 0ms (cache hit)
2859 http cache side-channel-list@https://registry.npmjs.org/side-channel-list/-/side-channel-list-1.0.1.tgz 0ms (cache hit)
2860 http cache for-each@https://registry.npmjs.org/for-each/-/for-each-0.3.5.tgz 1ms (cache hit)
2861 http cache side-channel-map@https://registry.npmjs.org/side-channel-map/-/side-channel-map-1.0.1.tgz 0ms (cache hit)
2862 http cache which-builtin-type@https://registry.npmjs.org/which-builtin-type/-/which-builtin-type-1.2.1.tgz 0ms (cache hit)
2863 http cache @img/sharp-win32-x64@https://registry.npmjs.org/@img/sharp-win32-x64/-/sharp-win32-x64-0.35.4.tgz 0ms (cache hit)
2864 http cache minimist@https://registry.npmjs.org/minimist/-/minimist-1.2.8.tgz 0ms (cache hit)
2865 http cache @typescript-eslint/project-service@https://registry.npmjs.org/@typescript-eslint/project-service/-/project-service-8.68.0.tgz 0ms (cache hit)
2866 http cache scheduler@https://registry.npmjs.org/scheduler/-/scheduler-0.27.0.tgz 0ms (cache hit)
2867 http cache supports-preserve-symlinks-flag@https://registry.npmjs.org/supports-preserve-symlinks-flag/-/supports-preserve-symlinks-flag-1.0.0.tgz 0ms (cache hit)
2868 http cache @emnapi/runtime@https://registry.npmjs.org/@emnapi/runtime/-/runtime-1.11.3.tgz 0ms (cache hit)
2869 http cache react-is@https://registry.npmjs.org/react-is/-/react-is-16.13.1.tgz 0ms (cache hit)
2870 http cache tslib@https://registry.npmjs.org/tslib/-/tslib-2.8.1.tgz 0ms (cache hit)
2871 http cache node-exports-info@https://registry.npmjs.org/node-exports-info/-/node-exports-info-1.6.2.tgz 0ms (cache hit)
2872 http cache deep-is@https://registry.npmjs.org/deep-is/-/deep-is-0.1.4.tgz 0ms (cache hit)
2873 http cache sharp@https://registry.npmjs.org/sharp/-/sharp-0.35.4.tgz 0ms (cache hit)
2874 http cache braces@https://registry.npmjs.org/braces/-/braces-3.0.3.tgz 0ms (cache hit)
2875 http cache @next/env@https://registry.npmjs.org/@next/env/-/env-16.3.3.tgz 0ms (cache hit)
2876 http cache concat-map@https://registry.npmjs.org/concat-map/-/concat-map-0.0.1.tgz 0ms (cache hit)
2877 http cache balanced-match@https://registry.npmjs.org/balanced-match/-/balanced-match-1.0.2.tgz 0ms (cache hit)
2878 http cache argparse@https://registry.npmjs.org/argparse/-/argparse-2.0.1.tgz 0ms (cache hit)
2879 http cache json-buffer@https://registry.npmjs.org/json-buffer/-/json-buffer-3.0.1.tgz 0ms (cache hit)
2880 http cache type-check@https://registry.npmjs.org/type-check/-/type-check-0.4.0.tgz 0ms (cache hit)
2881 http cache prelude-ls@https://registry.npmjs.org/prelude-ls/-/prelude-ls-1.2.1.tgz 1ms (cache hit)
2882 http cache side-channel@https://registry.npmjs.org/side-channel/-/side-channel-1.1.1.tgz 0ms (cache hit)
2883 http cache set-function-name@https://registry.npmjs.org/set-function-name/-/set-function-name-2.0.2.tgz 0ms (cache hit)
2884 http cache detect-libc@https://registry.npmjs.org/detect-libc/-/detect-libc-2.1.2.tgz 0ms (cache hit)
2885 http cache flat-cache@https://registry.npmjs.org/flat-cache/-/flat-cache-4.0.1.tgz 0ms (cache hit)
2886 http cache resolve-pkg-maps@https://registry.npmjs.org/resolve-pkg-maps/-/resolve-pkg-maps-1.0.0.tgz 1ms (cache hit)
2887 http cache fastq@https://registry.npmjs.org/fastq/-/fastq-1.20.1.tgz 0ms (cache hit)
2888 http cache keyv@https://registry.npmjs.org/keyv/-/keyv-4.5.4.tgz 0ms (cache hit)
2889 http cache functions-have-names@https://registry.npmjs.org/functions-have-names/-/functions-have-names-1.2.3.tgz 0ms (cache hit)
2890 http cache dunder-proto@https://registry.npmjs.org/dunder-proto/-/dunder-proto-1.0.1.tgz 0ms (cache hit)
2891 http cache picomatch@https://registry.npmjs.org/picomatch/-/picomatch-2.3.2.tgz 0ms (cache hit)
2892 http cache @babel/helper-string-parser@https://registry.npmjs.org/@babel/helper-string-parser/-/helper-string-parser-7.29.7.tgz 0ms (cache hit)
2893 http cache is-document.all@https://registry.npmjs.org/is-document.all/-/is-document.all-1.0.0.tgz 0ms (cache hit)
2894 http cache @babel/helper-validator-identifier@https://registry.npmjs.org/@babel/helper-validator-identifier/-/helper-validator-identifier-7.29.7.tgz 0ms (cache hit)
2895 http cache @babel/helper-validator-option@https://registry.npmjs.org/@babel/helper-validator-option/-/helper-validator-option-7.29.7.tgz 0ms (cache hit)
2896 http cache @babel/helper-module-imports@https://registry.npmjs.org/@babel/helper-module-imports/-/helper-module-imports-7.29.7.tgz 0ms (cache hit)
2897 http cache @babel/helper-globals@https://registry.npmjs.org/@babel/helper-globals/-/helper-globals-7.29.7.tgz 0ms (cache hit)
2898 http cache @babel/helper-module-transforms@https://registry.npmjs.org/@babel/helper-module-transforms/-/helper-module-transforms-7.29.7.tgz 0ms (cache hit)
2899 http cache gensync@https://registry.npmjs.org/gensync/-/gensync-1.0.0-beta.2.tgz 0ms (cache hit)
2900 http cache @babel/compat-data@https://registry.npmjs.org/@babel/compat-data/-/compat-data-7.29.7.tgz 0ms (cache hit)
2901 http cache @babel/template@https://registry.npmjs.org/@babel/template/-/template-7.29.7.tgz 0ms (cache hit)
2902 http cache @babel/code-frame@https://registry.npmjs.org/@babel/code-frame/-/code-frame-7.29.7.tgz 0ms (cache hit)
2903 http cache @babel/helper-compilation-targets@https://registry.npmjs.org/@babel/helper-compilation-targets/-/helper-compilation-targets-7.29.7.tgz 0ms (cache hit)
2904 http cache string.prototype.matchall@https://registry.npmjs.org/string.prototype.matchall/-/string.prototype.matchall-4.0.12.tgz 0ms (cache hit)
2905 http cache iterator.prototype@https://registry.npmjs.org/iterator.prototype/-/iterator.prototype-1.1.5.tgz 0ms (cache hit)
2906 http cache prop-types@https://registry.npmjs.org/prop-types/-/prop-types-15.8.1.tgz 0ms (cache hit)
2907 http cache string.prototype.repeat@https://registry.npmjs.org/string.prototype.repeat/-/string.prototype.repeat-1.0.0.tgz 0ms (cache hit)
2908 http cache object.entries@https://registry.npmjs.org/object.entries/-/object.entries-1.1.9.tgz 0ms (cache hit)
2909 http cache zod-validation-error@https://registry.npmjs.org/zod-validation-error/-/zod-validation-error-4.0.2.tgz 0ms (cache hit)
2910 http cache array.prototype.tosorted@https://registry.npmjs.org/array.prototype.tosorted/-/array.prototype.tosorted-1.1.4.tgz 0ms (cache hit)
2911 http cache language-tags@https://registry.npmjs.org/language-tags/-/language-tags-1.0.9.tgz 0ms (cache hit)
2912 http cache array.prototype.findlast@https://registry.npmjs.org/array.prototype.findlast/-/array.prototype.findlast-1.2.5.tgz 0ms (cache hit)
2913 http cache axe-core@https://registry.npmjs.org/axe-core/-/axe-core-4.13.0.tgz 0ms (cache hit)
2914 http cache ast-types-flow@https://registry.npmjs.org/ast-types-flow/-/ast-types-flow-0.0.8.tgz 0ms (cache hit)
2915 http cache is-symbol@https://registry.npmjs.org/is-symbol/-/is-symbol-1.1.1.tgz 0ms (cache hit)
2916 http cache is-date-object@https://registry.npmjs.org/is-date-object/-/is-date-object-1.1.0.tgz 0ms (cache hit)
2917 http cache es-abstract-get@https://registry.npmjs.org/es-abstract-get/-/es-abstract-get-1.0.0.tgz 0ms (cache hit)
2918 http cache damerau-levenshtein@https://registry.npmjs.org/damerau-levenshtein/-/damerau-levenshtein-1.0.8.tgz 0ms (cache hit)
2919 http cache unbox-primitive@https://registry.npmjs.org/unbox-primitive/-/unbox-primitive-1.1.0.tgz 0ms (cache hit)
2920 http cache possible-typed-array-names@https://registry.npmjs.org/possible-typed-array-names/-/possible-typed-array-names-1.1.0.tgz 0ms (cache hit)
2921 http cache typed-array-byte-length@https://registry.npmjs.org/typed-array-byte-length/-/typed-array-byte-length-1.0.3.tgz 0ms (cache hit)
2922 http cache which-typed-array@https://registry.npmjs.org/which-typed-array/-/which-typed-array-1.1.22.tgz 0ms (cache hit)
2923 http cache stop-iteration-iterator@https://registry.npmjs.org/stop-iteration-iterator/-/stop-iteration-iterator-1.1.0.tgz 0ms (cache hit)
2924 http cache string.prototype.trim@https://registry.npmjs.org/string.prototype.trim/-/string.prototype.trim-1.2.11.tgz 0ms (cache hit)
2925 http cache safe-regex-test@https://registry.npmjs.org/safe-regex-test/-/safe-regex-test-1.1.0.tgz 0ms (cache hit)
2926 http cache safe-push-apply@https://registry.npmjs.org/safe-push-apply/-/safe-push-apply-1.0.0.tgz 0ms (cache hit)
2927 http cache safe-array-concat@https://registry.npmjs.org/safe-array-concat/-/safe-array-concat-1.1.4.tgz 0ms (cache hit)
2928 http cache typed-array-byte-offset@https://registry.npmjs.org/typed-array-byte-offset/-/typed-array-byte-offset-1.0.4.tgz 0ms (cache hit)
2929 http cache typed-array-buffer@https://registry.npmjs.org/typed-array-buffer/-/typed-array-buffer-1.0.3.tgz 0ms (cache hit)
2930 http cache own-keys@https://registry.npmjs.org/own-keys/-/own-keys-1.0.2.tgz 0ms (cache hit)
2931 http cache string.prototype.trimstart@https://registry.npmjs.org/string.prototype.trimstart/-/string.prototype.trimstart-1.0.8.tgz 0ms (cache hit)
2932 http cache set-proto@https://registry.npmjs.org/set-proto/-/set-proto-1.0.0.tgz 0ms (cache hit)
2933 http cache is-weakref@https://registry.npmjs.org/is-weakref/-/is-weakref-1.1.1.tgz 0ms (cache hit)
2934 http cache typed-array-length@https://registry.npmjs.org/typed-array-length/-/typed-array-length-1.0.8.tgz 0ms (cache hit)
2935 http cache emoji-regex@https://registry.npmjs.org/emoji-regex/-/emoji-regex-9.2.2.tgz 0ms (cache hit)
2936 http cache is-typed-array@https://registry.npmjs.org/is-typed-array/-/is-typed-array-1.1.15.tgz 1ms (cache hit)
2937 http cache is-set@https://registry.npmjs.org/is-set/-/is-set-2.0.3.tgz 0ms (cache hit)
2938 http cache is-callable@https://registry.npmjs.org/is-callable/-/is-callable-1.2.7.tgz 0ms (cache hit)
2939 http cache is-negative-zero@https://registry.npmjs.org/is-negative-zero/-/is-negative-zero-2.0.3.tgz 0ms (cache hit)
2940 http cache is-shared-array-buffer@https://registry.npmjs.org/is-shared-array-buffer/-/is-shared-array-buffer-1.0.4.tgz 0ms (cache hit)
2941 http cache regexp.prototype.flags@https://registry.npmjs.org/regexp.prototype.flags/-/regexp.prototype.flags-1.5.4.tgz 0ms (cache hit)
2942 http cache is-data-view@https://registry.npmjs.org/is-data-view/-/is-data-view-1.0.2.tgz 0ms (cache hit)
2943 http cache is-array-buffer@https://registry.npmjs.org/is-array-buffer/-/is-array-buffer-3.0.5.tgz 0ms (cache hit)
2944 http cache object.assign@https://registry.npmjs.org/object.assign/-/object.assign-4.1.7.tgz 0ms (cache hit)
2945 http cache is-regex@https://registry.npmjs.org/is-regex/-/is-regex-1.2.1.tgz 0ms (cache hit)
2946 http cache internal-slot@https://registry.npmjs.org/internal-slot/-/internal-slot-1.1.0.tgz 0ms (cache hit)
2947 http cache has-proto@https://registry.npmjs.org/has-proto/-/has-proto-1.2.0.tgz 0ms (cache hit)
2948 http cache get-symbol-description@https://registry.npmjs.org/get-symbol-description/-/get-symbol-description-1.1.0.tgz 0ms (cache hit)
2949 http cache get-proto@https://registry.npmjs.org/get-proto/-/get-proto-1.0.1.tgz 0ms (cache hit)
2950 http cache data-view-byte-offset@https://registry.npmjs.org/data-view-byte-offset/-/data-view-byte-offset-1.0.1.tgz 0ms (cache hit)
2951 http cache globalthis@https://registry.npmjs.org/globalthis/-/globalthis-1.0.4.tgz 0ms (cache hit)
2952 http cache data-view-byte-length@https://registry.npmjs.org/data-view-byte-length/-/data-view-byte-length-1.0.2.tgz 0ms (cache hit)
2953 http cache available-typed-arrays@https://registry.npmjs.org/available-typed-arrays/-/available-typed-arrays-1.0.7.tgz 0ms (cache hit)
2954 http cache data-view-buffer@https://registry.npmjs.org/data-view-buffer/-/data-view-buffer-1.0.2.tgz 0ms (cache hit)
2955 http cache object-keys@https://registry.npmjs.org/object-keys/-/object-keys-1.1.1.tgz 0ms (cache hit)
2956 http cache gopd@https://registry.npmjs.org/gopd/-/gopd-1.2.0.tgz 0ms (cache hit)
2957 http cache arraybuffer.prototype.slice@https://registry.npmjs.org/arraybuffer.prototype.slice/-/arraybuffer.prototype.slice-1.0.4.tgz 0ms (cache hit)
2958 http cache define-data-property@https://registry.npmjs.org/define-data-property/-/define-data-property-1.1.4.tgz 0ms (cache hit)
2959 http cache es-set-tostringtag@https://registry.npmjs.org/es-set-tostringtag/-/es-set-tostringtag-2.1.0.tgz 0ms (cache hit)
2960 http cache es-define-property@https://registry.npmjs.org/es-define-property/-/es-define-property-1.0.1.tgz 0ms (cache hit)
2961 http cache array-buffer-byte-length@https://registry.npmjs.org/array-buffer-byte-length/-/array-buffer-byte-length-1.0.2.tgz 0ms (cache hit)
2962 http cache es-errors@https://registry.npmjs.org/es-errors/-/es-errors-1.3.0.tgz 0ms (cache hit)
2963 http cache function-bind@https://registry.npmjs.org/function-bind/-/function-bind-1.1.2.tgz 0ms (cache hit)
2964 http cache function.prototype.name@https://registry.npmjs.org/function.prototype.name/-/function.prototype.name-1.2.0.tgz 0ms (cache hit)
2965 http cache set-function-length@https://registry.npmjs.org/set-function-length/-/set-function-length-1.2.2.tgz 1ms (cache hit)
2966 http cache call-bind-apply-helpers@https://registry.npmjs.org/call-bind-apply-helpers/-/call-bind-apply-helpers-1.0.2.tgz 0ms (cache hit)
2967 http cache es-shim-unscopables@https://registry.npmjs.org/es-shim-unscopables/-/es-shim-unscopables-1.1.0.tgz 0ms (cache hit)
2968 http cache is-string@https://registry.npmjs.org/is-string/-/is-string-1.1.1.tgz 0ms (cache hit)
2969 http cache es-object-atoms@https://registry.npmjs.org/es-object-atoms/-/es-object-atoms-1.1.2.tgz 0ms (cache hit)
2970 http cache es-to-primitive@https://registry.npmjs.org/es-to-primitive/-/es-to-primitive-1.3.4.tgz 0ms (cache hit)
2971 http cache has-property-descriptors@https://registry.npmjs.org/has-property-descriptors/-/has-property-descriptors-1.0.2.tgz 0ms (cache hit)
2972 http cache get-intrinsic@https://registry.npmjs.org/get-intrinsic/-/get-intrinsic-1.3.0.tgz 0ms (cache hit)
2973 http cache math-intrinsics@https://registry.npmjs.org/math-intrinsics/-/math-intrinsics-1.1.0.tgz 0ms (cache hit)
2974 http cache define-properties@https://registry.npmjs.org/define-properties/-/define-properties-1.2.1.tgz 0ms (cache hit)
2975 http cache call-bound@https://registry.npmjs.org/call-bound/-/call-bound-1.0.4.tgz 1ms (cache hit)
2976 http cache doctrine@https://registry.npmjs.org/doctrine/-/doctrine-2.1.0.tgz 0ms (cache hit)
2977 http cache call-bind@https://registry.npmjs.org/call-bind/-/call-bind-1.0.9.tgz 0ms (cache hit)
2978 http cache string.prototype.trimend@https://registry.npmjs.org/string.prototype.trimend/-/string.prototype.trimend-1.0.10.tgz 0ms (cache hit)
2979 http cache object.groupby@https://registry.npmjs.org/object.groupby/-/object.groupby-1.0.3.tgz 0ms (cache hit)
2980 http cache hasown@https://registry.npmjs.org/hasown/-/hasown-2.0.4.tgz 0ms (cache hit)
2981 http cache array.prototype.findlastindex@https://registry.npmjs.org/array.prototype.findlastindex/-/array.prototype.findlastindex-1.2.6.tgz 0ms (cache hit)
2982 http cache object.values@https://registry.npmjs.org/object.values/-/object.values-1.2.1.tgz 0ms (cache hit)
2983 http cache array.prototype.flat@https://registry.npmjs.org/array.prototype.flat/-/array.prototype.flat-1.3.3.tgz 0ms (cache hit)
2984 http cache tinyglobby@https://registry.npmjs.org/tinyglobby/-/tinyglobby-0.2.17.tgz 0ms (cache hit)
2985 http cache is-bun-module@https://registry.npmjs.org/is-bun-module/-/is-bun-module-2.0.0.tgz 0ms (cache hit)
2986 http cache object.fromentries@https://registry.npmjs.org/object.fromentries/-/object.fromentries-2.0.8.tgz 0ms (cache hit)
2987 http cache stable-hash@https://registry.npmjs.org/stable-hash/-/stable-hash-0.0.5.tgz 0ms (cache hit)
2988 http cache is-core-module@https://registry.npmjs.org/is-core-module/-/is-core-module-2.16.2.tgz 0ms (cache hit)
2989 http cache get-tsconfig@https://registry.npmjs.org/get-tsconfig/-/get-tsconfig-4.14.3.tgz 0ms (cache hit)
2990 http cache array-includes@https://registry.npmjs.org/array-includes/-/array-includes-3.1.9.tgz 0ms (cache hit)
2991 http cache array.prototype.flatmap@https://registry.npmjs.org/array.prototype.flatmap/-/array.prototype.flatmap-1.3.3.tgz 1ms (cache hit)
2992 http cache typescript-eslint@https://registry.npmjs.org/typescript-eslint/-/typescript-eslint-8.68.0.tgz 0ms (cache hit)
2993 http cache eslint-plugin-react-hooks@https://registry.npmjs.org/eslint-plugin-react-hooks/-/eslint-plugin-react-hooks-7.1.1.tgz 0ms (cache hit)
2994 http cache eslint-import-resolver-typescript@https://registry.npmjs.org/eslint-import-resolver-typescript/-/eslint-import-resolver-typescript-3.10.1.tgz 1ms (cache hit)
2995 http cache @humanfs/core@https://registry.npmjs.org/@humanfs/core/-/core-0.19.2.tgz 0ms (cache hit)
2996 http cache fast-json-stable-stringify@https://registry.npmjs.org/fast-json-stable-stringify/-/fast-json-stable-stringify-2.1.0.tgz 0ms (cache hit)
2997 http cache @humanfs/types@https://registry.npmjs.org/@humanfs/types/-/types-0.15.0.tgz 0ms (cache hit)
2998 http cache levn@https://registry.npmjs.org/levn/-/levn-0.4.1.tgz 1ms (cache hit)
2999 http cache optionator@https://registry.npmjs.org/optionator/-/optionator-0.9.4.tgz 0ms (cache hit)
3000 http cache esutils@https://registry.npmjs.org/esutils/-/esutils-2.0.3.tgz 0ms (cache hit)
3001 http cache esquery@https://registry.npmjs.org/esquery/-/esquery-1.7.0.tgz 0ms (cache hit)
3002 http cache json-stable-stringify-without-jsonify@https://registry.npmjs.org/json-stable-stringify-without-jsonify/-/json-stable-stringify-without-jsonify-1.0.1.tgz 0ms (cache hit)
3003 http cache eslint-scope@https://registry.npmjs.org/eslint-scope/-/eslint-scope-8.4.0.tgz 0ms (cache hit)
3004 http cache espree@https://registry.npmjs.org/espree/-/espree-10.4.0.tgz 0ms (cache hit)
3005 http cache chalk@https://registry.npmjs.org/chalk/-/chalk-4.1.2.tgz 0ms (cache hit)
3006 http cache eslint-visitor-keys@https://registry.npmjs.org/eslint-visitor-keys/-/eslint-visitor-keys-4.2.1.tgz 0ms (cache hit)
3007 http cache debug@https://registry.npmjs.org/debug/-/debug-4.4.3.tgz 0ms (cache hit)
3008 http cache @humanfs/node@https://registry.npmjs.org/@humanfs/node/-/node-0.16.8.tgz 0ms (cache hit)
3009 http cache fast-deep-equal@https://registry.npmjs.org/fast-deep-equal/-/fast-deep-equal-3.1.3.tgz 0ms (cache hit)
3010 http cache @humanwhocodes/retry@https://registry.npmjs.org/@humanwhocodes/retry/-/retry-0.4.3.tgz 0ms (cache hit)
3011 http cache tapable@https://registry.npmjs.org/tapable/-/tapable-2.3.3.tgz 0ms (cache hit)
3012 http cache @humanwhocodes/module-importer@https://registry.npmjs.org/@humanwhocodes/module-importer/-/module-importer-1.0.1.tgz 1ms (cache hit)
3013 http cache magic-string@https://registry.npmjs.org/magic-string/-/magic-string-0.30.21.tgz 1ms (cache hit)
3014 http cache source-map-js@https://registry.npmjs.org/source-map-js/-/source-map-js-1.2.1.tgz 0ms (cache hit)
3015 http cache @jridgewell/trace-mapping@https://registry.npmjs.org/@jridgewell/trace-mapping/-/trace-mapping-0.3.31.tgz 0ms (cache hit)
3016 http cache @jridgewell/sourcemap-codec@https://registry.npmjs.org/@jridgewell/sourcemap-codec/-/sourcemap-codec-1.5.5.tgz 0ms (cache hit)
3017 http cache lightningcss@https://registry.npmjs.org/lightningcss/-/lightningcss-1.32.0.tgz 0ms (cache hit)
3018 http cache @jridgewell/remapping@https://registry.npmjs.org/@jridgewell/remapping/-/remapping-2.3.5.tgz 0ms (cache hit)
3019 http cache @tailwindcss/node@https://registry.npmjs.org/@tailwindcss/node/-/node-4.3.3.tgz 4ms (cache hit)
3020 http cache postcss@https://registry.npmjs.org/postcss/-/postcss-8.5.26.tgz 1ms (cache hit)
3021 http cache tailwindcss@https://registry.npmjs.org/tailwindcss/-/tailwindcss-4.3.3.tgz 0ms (cache hit)
3022 http cache react-dom@https://registry.npmjs.org/react-dom/-/react-dom-19.2.8.tgz 1ms (cache hit)
3023 http cache eslint-config-next@https://registry.npmjs.org/eslint-config-next/-/eslint-config-next-16.3.3.tgz 0ms (cache hit)
3024 http cache @types/react-dom@https://registry.npmjs.org/@types/react-dom/-/react-dom-19.2.5.tgz 0ms (cache hit)
3025 http cache react@https://registry.npmjs.org/react/-/react-19.2.8.tgz 0ms (cache hit)
3026 http cache @types/node@https://registry.npmjs.org/@types/node/-/node-20.19.43.tgz 1ms (cache hit)
3027 http cache eslint-visitor-keys@https://registry.npmjs.org/eslint-visitor-keys/-/eslint-visitor-keys-5.0.1.tgz 0ms (cache hit)
3028 http cache @tailwindcss/postcss@https://registry.npmjs.org/@tailwindcss/postcss/-/postcss-4.3.3.tgz 0ms (cache hit)
3029 http cache @types/react@https://registry.npmjs.org/@types/react/-/react-19.2.18.tgz 0ms (cache hit)
3030 http cache debug@https://registry.npmjs.org/debug/-/debug-3.2.7.tgz 0ms (cache hit)
3031 http cache debug@https://registry.npmjs.org/debug/-/debug-3.2.7.tgz 0ms (cache hit)
3032 http cache debug@https://registry.npmjs.org/debug/-/debug-3.2.7.tgz 0ms (cache hit)
3033 http cache fdir@https://registry.npmjs.org/fdir/-/fdir-6.5.0.tgz 0ms (cache hit)
3034 http cache eslint-visitor-keys@https://registry.npmjs.org/eslint-visitor-keys/-/eslint-visitor-keys-3.4.3.tgz 0ms (cache hit)
3035 silly tarball no local data for is-weakset@https://registry.npmjs.org/is-weakset/-/is-weakset-2.0.4.tgz. Extracting by manifest.
3036 silly tarball no local data for is-map@https://registry.npmjs.org/is-map/-/is-map-2.0.3.tgz. Extracting by manifest.
3037 silly tarball no local data for is-weakmap@https://registry.npmjs.org/is-weakmap/-/is-weakmap-2.0.2.tgz. Extracting by manifest.
3038 silly tarball no local data for generator-function@https://registry.npmjs.org/generator-function/-/generator-function-2.0.1.tgz. Extracting by manifest.
3039 http cache postcss@https://registry.npmjs.org/postcss/-/postcss-8.5.23.tgz 1ms (cache hit)
3040 http cache picomatch@https://registry.npmjs.org/picomatch/-/picomatch-4.0.7.tgz 1ms (cache hit)
3041 silly tarball no local data for async-function@https://registry.npmjs.org/async-function/-/async-function-1.0.0.tgz. Extracting by manifest.
3042 silly tarball no local data for which-collection@https://registry.npmjs.org/which-collection/-/which-collection-1.0.2.tgz. Extracting by manifest.
3043 silly tarball no local data for is-boolean-object@https://registry.npmjs.org/is-boolean-object/-/is-boolean-object-1.2.2.tgz. Extracting by manifest.
3044 silly tarball no local data for isexe@https://registry.npmjs.org/isexe/-/isexe-2.0.0.tgz. Extracting by manifest.
3045 silly tarball no local data for is-async-function@https://registry.npmjs.org/is-async-function/-/is-async-function-2.1.1.tgz. Extracting by manifest.
3046 silly tarball no local data for is-bigint@https://registry.npmjs.org/is-bigint/-/is-bigint-1.1.0.tgz. Extracting by manifest.
3047 silly tarball no local data for is-number-object@https://registry.npmjs.org/is-number-object/-/is-number-object-1.1.1.tgz. Extracting by manifest.
3048 silly tarball no local data for escalade@https://registry.npmjs.org/escalade/-/escalade-3.2.0.tgz. Extracting by manifest.
3049 silly tarball no local data for @emnapi/wasi-threads@https://registry.npmjs.org/@emnapi/wasi-threads/-/wasi-threads-1.2.1.tgz. Extracting by manifest.
3050 silly tarball no local data for has-bigints@https://registry.npmjs.org/has-bigints/-/has-bigints-1.1.0.tgz. Extracting by manifest.
3051 silly tarball no local data for is-generator-function@https://registry.npmjs.org/is-generator-function/-/is-generator-function-1.1.2.tgz. Extracting by manifest.
3052 silly tarball no local data for is-finalizationregistry@https://registry.npmjs.org/is-finalizationregistry/-/is-finalizationregistry-1.1.1.tgz. Extracting by manifest.
3053 silly tarball no local data for @emnapi/core@https://registry.npmjs.org/@emnapi/core/-/core-1.10.0.tgz. Extracting by manifest.
3054 silly tarball no local data for which-boxed-primitive@https://registry.npmjs.org/which-boxed-primitive/-/which-boxed-primitive-1.1.1.tgz. Extracting by manifest.
3055 http cache napi-postinstall@https://registry.npmjs.org/napi-postinstall/-/napi-postinstall-0.3.4.tgz 0ms (cache hit)
3056 silly tarball no local data for @napi-rs/wasm-runtime@https://registry.npmjs.org/@napi-rs/wasm-runtime/-/wasm-runtime-1.2.3.tgz. Extracting by manifest.
3057 http cache eslint-visitor-keys@https://registry.npmjs.org/eslint-visitor-keys/-/eslint-visitor-keys-3.4.3.tgz 0ms (cache hit)
3058 silly tarball no local data for @typescript-eslint/visitor-keys@https://registry.npmjs.org/@typescript-eslint/visitor-keys/-/visitor-keys-8.68.0.tgz. Extracting by manifest.
3059 silly tarball no local data for @typescript-eslint/tsconfig-utils@https://registry.npmjs.org/@typescript-eslint/tsconfig-utils/-/tsconfig-utils-8.68.0.tgz. Extracting by manifest.
3060 silly tarball no local data for @typescript-eslint/parser@https://registry.npmjs.org/@typescript-eslint/parser/-/parser-8.68.0.tgz. Extracting by manifest.
3061 silly tarball no local data for ts-api-utils@https://registry.npmjs.org/ts-api-utils/-/ts-api-utils-2.5.0.tgz. Extracting by manifest.
3062 silly tarball no local data for side-channel-weakmap@https://registry.npmjs.org/side-channel-weakmap/-/side-channel-weakmap-1.0.2.tgz. Extracting by manifest.
3063 silly tarball no local data for reflect.getprototypeof@https://registry.npmjs.org/reflect.getprototypeof/-/reflect.getprototypeof-1.0.10.tgz. Extracting by manifest.
3064 silly tarball no local data for side-channel-list@https://registry.npmjs.org/side-channel-list/-/side-channel-list-1.0.1.tgz. Extracting by manifest.
3065 silly tarball no local data for for-each@https://registry.npmjs.org/for-each/-/for-each-0.3.5.tgz. Extracting by manifest.
3066 silly tarball no local data for side-channel-map@https://registry.npmjs.org/side-channel-map/-/side-channel-map-1.0.1.tgz. Extracting by manifest.
3067 silly tarball no local data for which-builtin-type@https://registry.npmjs.org/which-builtin-type/-/which-builtin-type-1.2.1.tgz. Extracting by manifest.
3068 silly tarball no local data for @img/sharp-win32-x64@https://registry.npmjs.org/@img/sharp-win32-x64/-/sharp-win32-x64-0.35.4.tgz. Extracting by manifest.
3069 silly tarball no local data for minimist@https://registry.npmjs.org/minimist/-/minimist-1.2.8.tgz. Extracting by manifest.
3070 silly tarball no local data for @typescript-eslint/project-service@https://registry.npmjs.org/@typescript-eslint/project-service/-/project-service-8.68.0.tgz. Extracting by manifest.
3071 silly tarball no local data for scheduler@https://registry.npmjs.org/scheduler/-/scheduler-0.27.0.tgz. Extracting by manifest.
3072 silly tarball no local data for supports-preserve-symlinks-flag@https://registry.npmjs.org/supports-preserve-symlinks-flag/-/supports-preserve-symlinks-flag-1.0.0.tgz. Extracting by manifest.
3073 silly tarball no local data for @emnapi/runtime@https://registry.npmjs.org/@emnapi/runtime/-/runtime-1.11.3.tgz. Extracting by manifest.
3074 silly tarball no local data for react-is@https://registry.npmjs.org/react-is/-/react-is-16.13.1.tgz. Extracting by manifest.
3075 silly tarball no local data for tslib@https://registry.npmjs.org/tslib/-/tslib-2.8.1.tgz. Extracting by manifest.
3076 silly tarball no local data for node-exports-info@https://registry.npmjs.org/node-exports-info/-/node-exports-info-1.6.2.tgz. Extracting by manifest.
3077 http cache nanoid@https://registry.npmjs.org/nanoid/-/nanoid-3.3.18.tgz 0ms (cache hit)
3078 silly tarball no local data for deep-is@https://registry.npmjs.org/deep-is/-/deep-is-0.1.4.tgz. Extracting by manifest.
3079 silly tarball no local data for sharp@https://registry.npmjs.org/sharp/-/sharp-0.35.4.tgz. Extracting by manifest.
3080 silly tarball no local data for braces@https://registry.npmjs.org/braces/-/braces-3.0.3.tgz. Extracting by manifest.
3081 silly tarball no local data for @next/env@https://registry.npmjs.org/@next/env/-/env-16.3.3.tgz. Extracting by manifest.
3082 silly tarball no local data for concat-map@https://registry.npmjs.org/concat-map/-/concat-map-0.0.1.tgz. Extracting by manifest.
3083 silly tarball no local data for balanced-match@https://registry.npmjs.org/balanced-match/-/balanced-match-1.0.2.tgz. Extracting by manifest.
3084 silly tarball no local data for json-buffer@https://registry.npmjs.org/json-buffer/-/json-buffer-3.0.1.tgz. Extracting by manifest.
3085 silly tarball no local data for argparse@https://registry.npmjs.org/argparse/-/argparse-2.0.1.tgz. Extracting by manifest.
3086 silly tarball no local data for type-check@https://registry.npmjs.org/type-check/-/type-check-0.4.0.tgz. Extracting by manifest.
3087 silly tarball no local data for prelude-ls@https://registry.npmjs.org/prelude-ls/-/prelude-ls-1.2.1.tgz. Extracting by manifest.
3088 silly tarball no local data for side-channel@https://registry.npmjs.org/side-channel/-/side-channel-1.1.1.tgz. Extracting by manifest.
3089 silly tarball no local data for set-function-name@https://registry.npmjs.org/set-function-name/-/set-function-name-2.0.2.tgz. Extracting by manifest.
3090 silly tarball no local data for detect-libc@https://registry.npmjs.org/detect-libc/-/detect-libc-2.1.2.tgz. Extracting by manifest.
3091 silly tarball no local data for flat-cache@https://registry.npmjs.org/flat-cache/-/flat-cache-4.0.1.tgz. Extracting by manifest.
3092 silly tarball no local data for resolve-pkg-maps@https://registry.npmjs.org/resolve-pkg-maps/-/resolve-pkg-maps-1.0.0.tgz. Extracting by manifest.
3093 silly tarball no local data for fastq@https://registry.npmjs.org/fastq/-/fastq-1.20.1.tgz. Extracting by manifest.
3094 silly tarball no local data for keyv@https://registry.npmjs.org/keyv/-/keyv-4.5.4.tgz. Extracting by manifest.
3095 silly tarball no local data for functions-have-names@https://registry.npmjs.org/functions-have-names/-/functions-have-names-1.2.3.tgz. Extracting by manifest.
3096 silly tarball no local data for dunder-proto@https://registry.npmjs.org/dunder-proto/-/dunder-proto-1.0.1.tgz. Extracting by manifest.
3097 silly tarball no local data for picomatch@https://registry.npmjs.org/picomatch/-/picomatch-2.3.2.tgz. Extracting by manifest.
3098 silly tarball no local data for @babel/helper-string-parser@https://registry.npmjs.org/@babel/helper-string-parser/-/helper-string-parser-7.29.7.tgz. Extracting by manifest.
3099 silly tarball no local data for is-document.all@https://registry.npmjs.org/is-document.all/-/is-document.all-1.0.0.tgz. Extracting by manifest.
3100 http cache baseline-browser-mapping@https://registry.npmjs.org/baseline-browser-mapping/-/baseline-browser-mapping-2.11.19.tgz 0ms (cache hit)
3101 http cache acorn@https://registry.npmjs.org/acorn/-/acorn-8.18.0.tgz 0ms (cache hit)
3102 silly tarball no local data for @babel/helper-validator-option@https://registry.npmjs.org/@babel/helper-validator-option/-/helper-validator-option-7.29.7.tgz. Extracting by manifest.
3103 silly tarball no local data for @babel/helper-validator-identifier@https://registry.npmjs.org/@babel/helper-validator-identifier/-/helper-validator-identifier-7.29.7.tgz. Extracting by manifest.
3104 silly tarball no local data for @babel/helper-module-imports@https://registry.npmjs.org/@babel/helper-module-imports/-/helper-module-imports-7.29.7.tgz. Extracting by manifest.
3105 http cache jsesc@https://registry.npmjs.org/jsesc/-/jsesc-3.1.0.tgz 0ms (cache hit)
3106 silly tarball no local data for @babel/helper-globals@https://registry.npmjs.org/@babel/helper-globals/-/helper-globals-7.29.7.tgz. Extracting by manifest.
3107 http cache json5@https://registry.npmjs.org/json5/-/json5-2.2.3.tgz 0ms (cache hit)
3108 silly tarball no local data for @babel/helper-module-transforms@https://registry.npmjs.org/@babel/helper-module-transforms/-/helper-module-transforms-7.29.7.tgz. Extracting by manifest.
3109 silly tarball no local data for gensync@https://registry.npmjs.org/gensync/-/gensync-1.0.0-beta.2.tgz. Extracting by manifest.
3110 silly tarball no local data for @babel/compat-data@https://registry.npmjs.org/@babel/compat-data/-/compat-data-7.29.7.tgz. Extracting by manifest.
3111 silly tarball no local data for @babel/template@https://registry.npmjs.org/@babel/template/-/template-7.29.7.tgz. Extracting by manifest.
3112 silly tarball no local data for @babel/code-frame@https://registry.npmjs.org/@babel/code-frame/-/code-frame-7.29.7.tgz. Extracting by manifest.
3113 silly tarball no local data for @babel/helper-compilation-targets@https://registry.npmjs.org/@babel/helper-compilation-targets/-/helper-compilation-targets-7.29.7.tgz. Extracting by manifest.
3114 silly tarball no local data for string.prototype.matchall@https://registry.npmjs.org/string.prototype.matchall/-/string.prototype.matchall-4.0.12.tgz. Extracting by manifest.
3115 silly tarball no local data for iterator.prototype@https://registry.npmjs.org/iterator.prototype/-/iterator.prototype-1.1.5.tgz. Extracting by manifest.
3116 silly tarball no local data for string.prototype.repeat@https://registry.npmjs.org/string.prototype.repeat/-/string.prototype.repeat-1.0.0.tgz. Extracting by manifest.
3117 silly tarball no local data for zod-validation-error@https://registry.npmjs.org/zod-validation-error/-/zod-validation-error-4.0.2.tgz. Extracting by manifest.
3118 silly tarball no local data for object.entries@https://registry.npmjs.org/object.entries/-/object.entries-1.1.9.tgz. Extracting by manifest.
3119 silly tarball no local data for array.prototype.tosorted@https://registry.npmjs.org/array.prototype.tosorted/-/array.prototype.tosorted-1.1.4.tgz. Extracting by manifest.
3120 http cache @babel/parser@https://registry.npmjs.org/@babel/parser/-/parser-7.29.8.tgz 0ms (cache hit)
3121 silly tarball no local data for language-tags@https://registry.npmjs.org/language-tags/-/language-tags-1.0.9.tgz. Extracting by manifest.
3122 silly tarball no local data for prop-types@https://registry.npmjs.org/prop-types/-/prop-types-15.8.1.tgz. Extracting by manifest.
3123 silly tarball no local data for array.prototype.findlast@https://registry.npmjs.org/array.prototype.findlast/-/array.prototype.findlast-1.2.5.tgz. Extracting by manifest.
3124 silly tarball no local data for axe-core@https://registry.npmjs.org/axe-core/-/axe-core-4.13.0.tgz. Extracting by manifest.
3125 silly tarball no local data for ast-types-flow@https://registry.npmjs.org/ast-types-flow/-/ast-types-flow-0.0.8.tgz. Extracting by manifest.
3126 silly tarball no local data for is-symbol@https://registry.npmjs.org/is-symbol/-/is-symbol-1.1.1.tgz. Extracting by manifest.
3127 silly tarball no local data for is-date-object@https://registry.npmjs.org/is-date-object/-/is-date-object-1.1.0.tgz. Extracting by manifest.
3128 silly tarball no local data for es-abstract-get@https://registry.npmjs.org/es-abstract-get/-/es-abstract-get-1.0.0.tgz. Extracting by manifest.
3129 silly tarball no local data for damerau-levenshtein@https://registry.npmjs.org/damerau-levenshtein/-/damerau-levenshtein-1.0.8.tgz. Extracting by manifest.
3130 silly tarball no local data for unbox-primitive@https://registry.npmjs.org/unbox-primitive/-/unbox-primitive-1.1.0.tgz. Extracting by manifest.
3131 silly tarball no local data for possible-typed-array-names@https://registry.npmjs.org/possible-typed-array-names/-/possible-typed-array-names-1.1.0.tgz. Extracting by manifest.
3132 silly tarball no local data for typed-array-byte-length@https://registry.npmjs.org/typed-array-byte-length/-/typed-array-byte-length-1.0.3.tgz. Extracting by manifest.
3133 silly tarball no local data for which-typed-array@https://registry.npmjs.org/which-typed-array/-/which-typed-array-1.1.22.tgz. Extracting by manifest.
3134 silly tarball no local data for stop-iteration-iterator@https://registry.npmjs.org/stop-iteration-iterator/-/stop-iteration-iterator-1.1.0.tgz. Extracting by manifest.
3135 silly tarball no local data for string.prototype.trim@https://registry.npmjs.org/string.prototype.trim/-/string.prototype.trim-1.2.11.tgz. Extracting by manifest.
3136 silly tarball no local data for safe-regex-test@https://registry.npmjs.org/safe-regex-test/-/safe-regex-test-1.1.0.tgz. Extracting by manifest.
3137 silly tarball no local data for safe-push-apply@https://registry.npmjs.org/safe-push-apply/-/safe-push-apply-1.0.0.tgz. Extracting by manifest.
3138 silly tarball no local data for safe-array-concat@https://registry.npmjs.org/safe-array-concat/-/safe-array-concat-1.1.4.tgz. Extracting by manifest.
3139 silly tarball no local data for typed-array-buffer@https://registry.npmjs.org/typed-array-buffer/-/typed-array-buffer-1.0.3.tgz. Extracting by manifest.
3140 silly tarball no local data for own-keys@https://registry.npmjs.org/own-keys/-/own-keys-1.0.2.tgz. Extracting by manifest.
3141 silly tarball no local data for set-proto@https://registry.npmjs.org/set-proto/-/set-proto-1.0.0.tgz. Extracting by manifest.
3142 silly tarball no local data for string.prototype.trimstart@https://registry.npmjs.org/string.prototype.trimstart/-/string.prototype.trimstart-1.0.8.tgz. Extracting by manifest.
3143 silly tarball no local data for typed-array-byte-offset@https://registry.npmjs.org/typed-array-byte-offset/-/typed-array-byte-offset-1.0.4.tgz. Extracting by manifest.
3144 silly tarball no local data for typed-array-length@https://registry.npmjs.org/typed-array-length/-/typed-array-length-1.0.8.tgz. Extracting by manifest.
3145 silly tarball no local data for is-weakref@https://registry.npmjs.org/is-weakref/-/is-weakref-1.1.1.tgz. Extracting by manifest.
3146 silly tarball no local data for emoji-regex@https://registry.npmjs.org/emoji-regex/-/emoji-regex-9.2.2.tgz. Extracting by manifest.
3147 silly tarball no local data for is-set@https://registry.npmjs.org/is-set/-/is-set-2.0.3.tgz. Extracting by manifest.
3148 silly tarball no local data for is-callable@https://registry.npmjs.org/is-callable/-/is-callable-1.2.7.tgz. Extracting by manifest.
3149 silly tarball no local data for is-negative-zero@https://registry.npmjs.org/is-negative-zero/-/is-negative-zero-2.0.3.tgz. Extracting by manifest.
3150 silly tarball no local data for regexp.prototype.flags@https://registry.npmjs.org/regexp.prototype.flags/-/regexp.prototype.flags-1.5.4.tgz. Extracting by manifest.
3151 silly tarball no local data for is-data-view@https://registry.npmjs.org/is-data-view/-/is-data-view-1.0.2.tgz. Extracting by manifest.
3152 silly tarball no local data for is-array-buffer@https://registry.npmjs.org/is-array-buffer/-/is-array-buffer-3.0.5.tgz. Extracting by manifest.
3153 silly tarball no local data for object.assign@https://registry.npmjs.org/object.assign/-/object.assign-4.1.7.tgz. Extracting by manifest.
3154 silly tarball no local data for is-regex@https://registry.npmjs.org/is-regex/-/is-regex-1.2.1.tgz. Extracting by manifest.
3155 silly tarball no local data for internal-slot@https://registry.npmjs.org/internal-slot/-/internal-slot-1.1.0.tgz. Extracting by manifest.
3156 silly tarball no local data for is-shared-array-buffer@https://registry.npmjs.org/is-shared-array-buffer/-/is-shared-array-buffer-1.0.4.tgz. Extracting by manifest.
3157 silly tarball no local data for has-proto@https://registry.npmjs.org/has-proto/-/has-proto-1.2.0.tgz. Extracting by manifest.
3158 silly tarball no local data for get-proto@https://registry.npmjs.org/get-proto/-/get-proto-1.0.1.tgz. Extracting by manifest.
3159 silly tarball no local data for get-symbol-description@https://registry.npmjs.org/get-symbol-description/-/get-symbol-description-1.1.0.tgz. Extracting by manifest.
3160 silly tarball no local data for data-view-byte-offset@https://registry.npmjs.org/data-view-byte-offset/-/data-view-byte-offset-1.0.1.tgz. Extracting by manifest.
3161 silly tarball no local data for data-view-byte-length@https://registry.npmjs.org/data-view-byte-length/-/data-view-byte-length-1.0.2.tgz. Extracting by manifest.
3162 silly tarball no local data for globalthis@https://registry.npmjs.org/globalthis/-/globalthis-1.0.4.tgz. Extracting by manifest.
3163 silly tarball no local data for available-typed-arrays@https://registry.npmjs.org/available-typed-arrays/-/available-typed-arrays-1.0.7.tgz. Extracting by manifest.
3164 silly tarball no local data for data-view-buffer@https://registry.npmjs.org/data-view-buffer/-/data-view-buffer-1.0.2.tgz. Extracting by manifest.
3165 silly tarball no local data for object-keys@https://registry.npmjs.org/object-keys/-/object-keys-1.1.1.tgz. Extracting by manifest.
3166 silly tarball no local data for gopd@https://registry.npmjs.org/gopd/-/gopd-1.2.0.tgz. Extracting by manifest.
3167 silly tarball no local data for define-data-property@https://registry.npmjs.org/define-data-property/-/define-data-property-1.1.4.tgz. Extracting by manifest.
3168 silly tarball no local data for is-typed-array@https://registry.npmjs.org/is-typed-array/-/is-typed-array-1.1.15.tgz. Extracting by manifest.
3169 silly tarball no local data for es-define-property@https://registry.npmjs.org/es-define-property/-/es-define-property-1.0.1.tgz. Extracting by manifest.
3170 silly tarball no local data for array-buffer-byte-length@https://registry.npmjs.org/array-buffer-byte-length/-/array-buffer-byte-length-1.0.2.tgz. Extracting by manifest.
3171 silly tarball no local data for es-errors@https://registry.npmjs.org/es-errors/-/es-errors-1.3.0.tgz. Extracting by manifest.
3172 silly tarball no local data for function-bind@https://registry.npmjs.org/function-bind/-/function-bind-1.1.2.tgz. Extracting by manifest.
3173 silly tarball no local data for function.prototype.name@https://registry.npmjs.org/function.prototype.name/-/function.prototype.name-1.2.0.tgz. Extracting by manifest.
3174 silly tarball no local data for set-function-length@https://registry.npmjs.org/set-function-length/-/set-function-length-1.2.2.tgz. Extracting by manifest.
3175 silly tarball no local data for call-bind-apply-helpers@https://registry.npmjs.org/call-bind-apply-helpers/-/call-bind-apply-helpers-1.0.2.tgz. Extracting by manifest.
3176 silly tarball no local data for es-shim-unscopables@https://registry.npmjs.org/es-shim-unscopables/-/es-shim-unscopables-1.1.0.tgz. Extracting by manifest.
3177 silly tarball no local data for arraybuffer.prototype.slice@https://registry.npmjs.org/arraybuffer.prototype.slice/-/arraybuffer.prototype.slice-1.0.4.tgz. Extracting by manifest.
3178 silly tarball no local data for es-set-tostringtag@https://registry.npmjs.org/es-set-tostringtag/-/es-set-tostringtag-2.1.0.tgz. Extracting by manifest.
3179 silly tarball no local data for is-string@https://registry.npmjs.org/is-string/-/is-string-1.1.1.tgz. Extracting by manifest.
3180 silly tarball no local data for es-object-atoms@https://registry.npmjs.org/es-object-atoms/-/es-object-atoms-1.1.2.tgz. Extracting by manifest.
3181 silly tarball no local data for es-to-primitive@https://registry.npmjs.org/es-to-primitive/-/es-to-primitive-1.3.4.tgz. Extracting by manifest.
3182 silly tarball no local data for has-property-descriptors@https://registry.npmjs.org/has-property-descriptors/-/has-property-descriptors-1.0.2.tgz. Extracting by manifest.
3183 silly tarball no local data for get-intrinsic@https://registry.npmjs.org/get-intrinsic/-/get-intrinsic-1.3.0.tgz. Extracting by manifest.
3184 silly tarball no local data for math-intrinsics@https://registry.npmjs.org/math-intrinsics/-/math-intrinsics-1.1.0.tgz. Extracting by manifest.
3185 silly tarball no local data for define-properties@https://registry.npmjs.org/define-properties/-/define-properties-1.2.1.tgz. Extracting by manifest.
3186 silly tarball no local data for call-bound@https://registry.npmjs.org/call-bound/-/call-bound-1.0.4.tgz. Extracting by manifest.
3187 silly tarball no local data for doctrine@https://registry.npmjs.org/doctrine/-/doctrine-2.1.0.tgz. Extracting by manifest.
3188 silly tarball no local data for call-bind@https://registry.npmjs.org/call-bind/-/call-bind-1.0.9.tgz. Extracting by manifest.
3189 silly tarball no local data for string.prototype.trimend@https://registry.npmjs.org/string.prototype.trimend/-/string.prototype.trimend-1.0.10.tgz. Extracting by manifest.
3190 http cache semver@https://registry.npmjs.org/semver/-/semver-6.3.1.tgz 0ms (cache hit)
3191 silly tarball no local data for object.groupby@https://registry.npmjs.org/object.groupby/-/object.groupby-1.0.3.tgz. Extracting by manifest.
3192 silly tarball no local data for hasown@https://registry.npmjs.org/hasown/-/hasown-2.0.4.tgz. Extracting by manifest.
3193 silly tarball no local data for array.prototype.findlastindex@https://registry.npmjs.org/array.prototype.findlastindex/-/array.prototype.findlastindex-1.2.6.tgz. Extracting by manifest.
3194 silly tarball no local data for object.values@https://registry.npmjs.org/object.values/-/object.values-1.2.1.tgz. Extracting by manifest.
3195 silly tarball no local data for array.prototype.flat@https://registry.npmjs.org/array.prototype.flat/-/array.prototype.flat-1.3.3.tgz. Extracting by manifest.
3196 silly tarball no local data for tinyglobby@https://registry.npmjs.org/tinyglobby/-/tinyglobby-0.2.17.tgz. Extracting by manifest.
3197 silly tarball no local data for is-bun-module@https://registry.npmjs.org/is-bun-module/-/is-bun-module-2.0.0.tgz. Extracting by manifest.
3198 silly tarball no local data for object.fromentries@https://registry.npmjs.org/object.fromentries/-/object.fromentries-2.0.8.tgz. Extracting by manifest.
3199 silly tarball no local data for stable-hash@https://registry.npmjs.org/stable-hash/-/stable-hash-0.0.5.tgz. Extracting by manifest.
3200 silly tarball no local data for get-tsconfig@https://registry.npmjs.org/get-tsconfig/-/get-tsconfig-4.14.3.tgz. Extracting by manifest.
3201 silly tarball no local data for array-includes@https://registry.npmjs.org/array-includes/-/array-includes-3.1.9.tgz. Extracting by manifest.
3202 silly tarball no local data for typescript-eslint@https://registry.npmjs.org/typescript-eslint/-/typescript-eslint-8.68.0.tgz. Extracting by manifest.
3203 silly tarball no local data for array.prototype.flatmap@https://registry.npmjs.org/array.prototype.flatmap/-/array.prototype.flatmap-1.3.3.tgz. Extracting by manifest.
3204 silly tarball no local data for is-core-module@https://registry.npmjs.org/is-core-module/-/is-core-module-2.16.2.tgz. Extracting by manifest.
3205 silly tarball no local data for eslint-plugin-react-hooks@https://registry.npmjs.org/eslint-plugin-react-hooks/-/eslint-plugin-react-hooks-7.1.1.tgz. Extracting by manifest.
3206 http cache which@https://registry.npmjs.org/which/-/which-2.0.2.tgz 0ms (cache hit)
3207 silly tarball no local data for eslint-import-resolver-typescript@https://registry.npmjs.org/eslint-import-resolver-typescript/-/eslint-import-resolver-typescript-3.10.1.tgz. Extracting by manifest.
3208 silly tarball no local data for @humanfs/core@https://registry.npmjs.org/@humanfs/core/-/core-0.19.2.tgz. Extracting by manifest.
3209 silly tarball no local data for fast-json-stable-stringify@https://registry.npmjs.org/fast-json-stable-stringify/-/fast-json-stable-stringify-2.1.0.tgz. Extracting by manifest.
3210 silly tarball no local data for @humanfs/types@https://registry.npmjs.org/@humanfs/types/-/types-0.15.0.tgz. Extracting by manifest.
3211 silly tarball no local data for levn@https://registry.npmjs.org/levn/-/levn-0.4.1.tgz. Extracting by manifest.
3212 silly tarball no local data for optionator@https://registry.npmjs.org/optionator/-/optionator-0.9.4.tgz. Extracting by manifest.
3213 silly tarball no local data for esutils@https://registry.npmjs.org/esutils/-/esutils-2.0.3.tgz. Extracting by manifest.
3214 silly tarball no local data for esquery@https://registry.npmjs.org/esquery/-/esquery-1.7.0.tgz. Extracting by manifest.
3215 silly tarball no local data for eslint-scope@https://registry.npmjs.org/eslint-scope/-/eslint-scope-8.4.0.tgz. Extracting by manifest.
3216 silly tarball no local data for espree@https://registry.npmjs.org/espree/-/espree-10.4.0.tgz. Extracting by manifest.
3217 silly tarball no local data for chalk@https://registry.npmjs.org/chalk/-/chalk-4.1.2.tgz. Extracting by manifest.
3218 silly tarball no local data for eslint-visitor-keys@https://registry.npmjs.org/eslint-visitor-keys/-/eslint-visitor-keys-4.2.1.tgz. Extracting by manifest.
3219 silly tarball no local data for debug@https://registry.npmjs.org/debug/-/debug-4.4.3.tgz. Extracting by manifest.
3220 silly tarball no local data for json-stable-stringify-without-jsonify@https://registry.npmjs.org/json-stable-stringify-without-jsonify/-/json-stable-stringify-without-jsonify-1.0.1.tgz. Extracting by manifest.
3221 silly tarball no local data for fast-deep-equal@https://registry.npmjs.org/fast-deep-equal/-/fast-deep-equal-3.1.3.tgz. Extracting by manifest.
3222 silly tarball no local data for @humanfs/node@https://registry.npmjs.org/@humanfs/node/-/node-0.16.8.tgz. Extracting by manifest.
3223 silly tarball no local data for @humanwhocodes/retry@https://registry.npmjs.org/@humanwhocodes/retry/-/retry-0.4.3.tgz. Extracting by manifest.
3224 silly tarball no local data for tapable@https://registry.npmjs.org/tapable/-/tapable-2.3.3.tgz. Extracting by manifest.
3225 silly tarball no local data for @humanwhocodes/module-importer@https://registry.npmjs.org/@humanwhocodes/module-importer/-/module-importer-1.0.1.tgz. Extracting by manifest.
3226 silly tarball no local data for magic-string@https://registry.npmjs.org/magic-string/-/magic-string-0.30.21.tgz. Extracting by manifest.
3227 silly tarball no local data for @jridgewell/trace-mapping@https://registry.npmjs.org/@jridgewell/trace-mapping/-/trace-mapping-0.3.31.tgz. Extracting by manifest.
3228 silly tarball no local data for @jridgewell/sourcemap-codec@https://registry.npmjs.org/@jridgewell/sourcemap-codec/-/sourcemap-codec-1.5.5.tgz. Extracting by manifest.
3229 silly tarball no local data for lightningcss@https://registry.npmjs.org/lightningcss/-/lightningcss-1.32.0.tgz. Extracting by manifest.
3230 silly tarball no local data for source-map-js@https://registry.npmjs.org/source-map-js/-/source-map-js-1.2.1.tgz. Extracting by manifest.
3231 silly tarball no local data for @jridgewell/remapping@https://registry.npmjs.org/@jridgewell/remapping/-/remapping-2.3.5.tgz. Extracting by manifest.
3232 silly tarball no local data for @tailwindcss/node@https://registry.npmjs.org/@tailwindcss/node/-/node-4.3.3.tgz. Extracting by manifest.
3233 silly tarball no local data for postcss@https://registry.npmjs.org/postcss/-/postcss-8.5.26.tgz. Extracting by manifest.
3234 http cache jiti@https://registry.npmjs.org/jiti/-/jiti-2.7.0.tgz 0ms (cache hit)
3235 silly tarball no local data for tailwindcss@https://registry.npmjs.org/tailwindcss/-/tailwindcss-4.3.3.tgz. Extracting by manifest.
3236 silly tarball no local data for react-dom@https://registry.npmjs.org/react-dom/-/react-dom-19.2.8.tgz. Extracting by manifest.
3237 silly tarball no local data for eslint-config-next@https://registry.npmjs.org/eslint-config-next/-/eslint-config-next-16.3.3.tgz. Extracting by manifest.
3238 silly tarball no local data for @types/react-dom@https://registry.npmjs.org/@types/react-dom/-/react-dom-19.2.5.tgz. Extracting by manifest.
3239 silly tarball no local data for react@https://registry.npmjs.org/react/-/react-19.2.8.tgz. Extracting by manifest.
3240 silly tarball no local data for @types/node@https://registry.npmjs.org/@types/node/-/node-20.19.43.tgz. Extracting by manifest.
3241 silly tarball no local data for eslint-visitor-keys@https://registry.npmjs.org/eslint-visitor-keys/-/eslint-visitor-keys-5.0.1.tgz. Extracting by manifest.
3242 silly tarball no local data for @tailwindcss/postcss@https://registry.npmjs.org/@tailwindcss/postcss/-/postcss-4.3.3.tgz. Extracting by manifest.
3243 http cache json5@https://registry.npmjs.org/json5/-/json5-1.0.2.tgz 1ms (cache hit)
3244 silly tarball no local data for @types/react@https://registry.npmjs.org/@types/react/-/react-19.2.18.tgz. Extracting by manifest.
3245 silly tarball no local data for debug@https://registry.npmjs.org/debug/-/debug-3.2.7.tgz. Extracting by manifest.
3246 silly tarball no local data for debug@https://registry.npmjs.org/debug/-/debug-3.2.7.tgz. Extracting by manifest.
3247 silly tarball no local data for debug@https://registry.npmjs.org/debug/-/debug-3.2.7.tgz. Extracting by manifest.
3248 http cache semver@https://registry.npmjs.org/semver/-/semver-7.8.5.tgz 0ms (cache hit)
3249 silly tarball no local data for fdir@https://registry.npmjs.org/fdir/-/fdir-6.5.0.tgz. Extracting by manifest.
3250 silly tarball no local data for eslint-visitor-keys@https://registry.npmjs.org/eslint-visitor-keys/-/eslint-visitor-keys-3.4.3.tgz. Extracting by manifest.
3251 silly tarball no local data for postcss@https://registry.npmjs.org/postcss/-/postcss-8.5.23.tgz. Extracting by manifest.
3252 silly tarball no local data for picomatch@https://registry.npmjs.org/picomatch/-/picomatch-4.0.7.tgz. Extracting by manifest.
3253 http cache semver@https://registry.npmjs.org/semver/-/semver-7.8.5.tgz 0ms (cache hit)
3254 http cache semver@https://registry.npmjs.org/semver/-/semver-7.8.5.tgz 0ms (cache hit)
3255 silly tarball no local data for napi-postinstall@https://registry.npmjs.org/napi-postinstall/-/napi-postinstall-0.3.4.tgz. Extracting by manifest.
3256 silly tarball no local data for eslint-visitor-keys@https://registry.npmjs.org/eslint-visitor-keys/-/eslint-visitor-keys-3.4.3.tgz. Extracting by manifest.
3257 silly tarball no local data for nanoid@https://registry.npmjs.org/nanoid/-/nanoid-3.3.18.tgz. Extracting by manifest.
3258 silly tarball no local data for baseline-browser-mapping@https://registry.npmjs.org/baseline-browser-mapping/-/baseline-browser-mapping-2.11.19.tgz. Extracting by manifest.
3259 silly tarball no local data for acorn@https://registry.npmjs.org/acorn/-/acorn-8.18.0.tgz. Extracting by manifest.
3260 silly tarball no local data for jsesc@https://registry.npmjs.org/jsesc/-/jsesc-3.1.0.tgz. Extracting by manifest.
3261 silly tarball no local data for json5@https://registry.npmjs.org/json5/-/json5-2.2.3.tgz. Extracting by manifest.
3262 silly tarball no local data for @babel/parser@https://registry.npmjs.org/@babel/parser/-/parser-7.29.8.tgz. Extracting by manifest.
3263 silly tarball no local data for semver@https://registry.npmjs.org/semver/-/semver-6.3.1.tgz. Extracting by manifest.
3264 silly tarball no local data for which@https://registry.npmjs.org/which/-/which-2.0.2.tgz. Extracting by manifest.
3265 silly tarball no local data for jiti@https://registry.npmjs.org/jiti/-/jiti-2.7.0.tgz. Extracting by manifest.
3266 silly tarball no local data for json5@https://registry.npmjs.org/json5/-/json5-1.0.2.tgz. Extracting by manifest.
3267 silly tarball no local data for semver@https://registry.npmjs.org/semver/-/semver-7.8.5.tgz. Extracting by manifest.
3268 silly tarball no local data for semver@https://registry.npmjs.org/semver/-/semver-7.8.5.tgz. Extracting by manifest.
3269 silly tarball no local data for semver@https://registry.npmjs.org/semver/-/semver-7.8.5.tgz. Extracting by manifest.
3270 http cache @typescript-eslint/scope-manager@https://registry.npmjs.org/@typescript-eslint/scope-manager/-/scope-manager-8.68.0.tgz 0ms (cache hit)
3271 http cache @typescript-eslint/types@https://registry.npmjs.org/@typescript-eslint/types/-/types-8.68.0.tgz 0ms (cache hit)
3272 http cache @typescript-eslint/typescript-estree@https://registry.npmjs.org/@typescript-eslint/typescript-estree/-/typescript-estree-8.68.0.tgz 0ms (cache hit)
3273 http cache styled-jsx@https://registry.npmjs.org/styled-jsx/-/styled-jsx-5.1.6.tgz 0ms (cache hit)
3274 http cache @typescript-eslint/type-utils@https://registry.npmjs.org/@typescript-eslint/type-utils/-/type-utils-8.68.0.tgz 0ms (cache hit)
3275 http cache hermes-estree@https://registry.npmjs.org/hermes-estree/-/hermes-estree-0.25.1.tgz 0ms (cache hit)
3276 http cache reusify@https://registry.npmjs.org/reusify/-/reusify-1.1.0.tgz 0ms (cache hit)
3277 http cache @nodelib/fs.walk@https://registry.npmjs.org/@nodelib/fs.walk/-/fs.walk-1.2.8.tgz 0ms (cache hit)
3278 http cache @nodelib/fs.scandir@https://registry.npmjs.org/@nodelib/fs.scandir/-/fs.scandir-2.1.5.tgz 0ms (cache hit)
3279 http cache language-subtag-registry@https://registry.npmjs.org/language-subtag-registry/-/language-subtag-registry-0.3.23.tgz 0ms (cache hit)
3280 http cache @nodelib/fs.stat@https://registry.npmjs.org/@nodelib/fs.stat/-/fs.stat-2.0.5.tgz 0ms (cache hit)
3281 http cache @swc/helpers@https://registry.npmjs.org/@swc/helpers/-/helpers-0.5.23.tgz 0ms (cache hit)
3282 http cache node-releases@https://registry.npmjs.org/node-releases/-/node-releases-2.0.53.tgz 0ms (cache hit)
3283 http cache caniuse-lite@https://registry.npmjs.org/caniuse-lite/-/caniuse-lite-1.0.30001810.tgz 0ms (cache hit)
3284 http cache hermes-parser@https://registry.npmjs.org/hermes-parser/-/hermes-parser-0.25.1.tgz 0ms (cache hit)
3285 http cache @babel/helpers@https://registry.npmjs.org/@babel/helpers/-/helpers-7.29.7.tgz 0ms (cache hit)
3286 http cache es-iterator-helpers@https://registry.npmjs.org/es-iterator-helpers/-/es-iterator-helpers-1.4.0.tgz 0ms (cache hit)
3287 http cache string.prototype.includes@https://registry.npmjs.org/string.prototype.includes/-/string.prototype.includes-2.0.1.tgz 0ms (cache hit)
3288 http cache @babel/generator@https://registry.npmjs.org/@babel/generator/-/generator-7.29.8.tgz 0ms (cache hit)
3289 http cache has-tostringtag@https://registry.npmjs.org/has-tostringtag/-/has-tostringtag-1.0.2.tgz 1ms (cache hit)
3290 http cache has-symbols@https://registry.npmjs.org/has-symbols/-/has-symbols-1.1.0.tgz 0ms (cache hit)
3291 http cache object-inspect@https://registry.npmjs.org/object-inspect/-/object-inspect-1.13.4.tgz 0ms (cache hit)
3292 http cache es-abstract@https://registry.npmjs.org/es-abstract/-/es-abstract-1.24.2.tgz 0ms (cache hit)
3293 http cache eslint-plugin-react@https://registry.npmjs.org/eslint-plugin-react/-/eslint-plugin-react-7.37.5.tgz 0ms (cache hit)
3294 http cache @next/eslint-plugin-next@https://registry.npmjs.org/@next/eslint-plugin-next/-/eslint-plugin-next-16.3.3.tgz 0ms (cache hit)
3295 http cache json-schema-traverse@https://registry.npmjs.org/json-schema-traverse/-/json-schema-traverse-0.4.1.tgz 0ms (cache hit)
3296 http cache @eslint/object-schema@https://registry.npmjs.org/@eslint/object-schema/-/object-schema-2.1.7.tgz 0ms (cache hit)
3297 http cache @eslint/plugin-kit@https://registry.npmjs.org/@eslint/plugin-kit/-/plugin-kit-0.4.1.tgz 0ms (cache hit)
3298 http cache cross-spawn@https://registry.npmjs.org/cross-spawn/-/cross-spawn-7.0.6.tgz 0ms (cache hit)
3299 http cache ajv@https://registry.npmjs.org/ajv/-/ajv-6.15.0.tgz 0ms (cache hit)
3300 http cache @eslint/js@https://registry.npmjs.org/@eslint/js/-/js-9.39.5.tgz 0ms (cache hit)
3301 http cache @eslint/core@https://registry.npmjs.org/@eslint/core/-/core-0.17.0.tgz 0ms (cache hit)
3302 http cache @eslint/eslintrc@https://registry.npmjs.org/@eslint/eslintrc/-/eslintrc-3.3.6.tgz 0ms (cache hit)
3303 http cache @eslint/config-helpers@https://registry.npmjs.org/@eslint/config-helpers/-/config-helpers-0.4.2.tgz 0ms (cache hit)
3304 http cache eslint-plugin-import@https://registry.npmjs.org/eslint-plugin-import/-/eslint-plugin-import-2.32.0.tgz 0ms (cache hit)
3305 http cache enhanced-resolve@https://registry.npmjs.org/enhanced-resolve/-/enhanced-resolve-5.24.5.tgz 0ms (cache hit)
3306 http cache @jridgewell/resolve-uri@https://registry.npmjs.org/@jridgewell/resolve-uri/-/resolve-uri-3.1.2.tgz 1ms (cache hit)
3307 http cache @jridgewell/gen-mapping@https://registry.npmjs.org/@jridgewell/gen-mapping/-/gen-mapping-0.3.13.tgz 0ms (cache hit)
3308 http cache brace-expansion@https://registry.npmjs.org/brace-expansion/-/brace-expansion-5.0.9.tgz 0ms (cache hit)
3309 http cache minimatch@https://registry.npmjs.org/minimatch/-/minimatch-10.2.6.tgz 0ms (cache hit)
3310 silly tarball no local data for @typescript-eslint/scope-manager@https://registry.npmjs.org/@typescript-eslint/scope-manager/-/scope-manager-8.68.0.tgz. Extracting by manifest.
3311 http cache balanced-match@https://registry.npmjs.org/balanced-match/-/balanced-match-4.0.4.tgz 0ms (cache hit)
3312 silly tarball no local data for @typescript-eslint/types@https://registry.npmjs.org/@typescript-eslint/types/-/types-8.68.0.tgz. Extracting by manifest.
3313 silly tarball no local data for @typescript-eslint/typescript-estree@https://registry.npmjs.org/@typescript-eslint/typescript-estree/-/typescript-estree-8.68.0.tgz. Extracting by manifest.
3314 silly tarball no local data for styled-jsx@https://registry.npmjs.org/styled-jsx/-/styled-jsx-5.1.6.tgz. Extracting by manifest.
3315 silly tarball no local data for @typescript-eslint/type-utils@https://registry.npmjs.org/@typescript-eslint/type-utils/-/type-utils-8.68.0.tgz. Extracting by manifest.
3316 silly tarball no local data for hermes-estree@https://registry.npmjs.org/hermes-estree/-/hermes-estree-0.25.1.tgz. Extracting by manifest.
3317 silly tarball no local data for @nodelib/fs.scandir@https://registry.npmjs.org/@nodelib/fs.scandir/-/fs.scandir-2.1.5.tgz. Extracting by manifest.
3318 silly tarball no local data for reusify@https://registry.npmjs.org/reusify/-/reusify-1.1.0.tgz. Extracting by manifest.
3319 silly tarball no local data for language-subtag-registry@https://registry.npmjs.org/language-subtag-registry/-/language-subtag-registry-0.3.23.tgz. Extracting by manifest.
3320 silly tarball no local data for @nodelib/fs.walk@https://registry.npmjs.org/@nodelib/fs.walk/-/fs.walk-1.2.8.tgz. Extracting by manifest.
3321 silly tarball no local data for @nodelib/fs.stat@https://registry.npmjs.org/@nodelib/fs.stat/-/fs.stat-2.0.5.tgz. Extracting by manifest.
3322 silly tarball no local data for @swc/helpers@https://registry.npmjs.org/@swc/helpers/-/helpers-0.5.23.tgz. Extracting by manifest.
3323 silly tarball no local data for node-releases@https://registry.npmjs.org/node-releases/-/node-releases-2.0.53.tgz. Extracting by manifest.
3324 silly tarball no local data for caniuse-lite@https://registry.npmjs.org/caniuse-lite/-/caniuse-lite-1.0.30001810.tgz. Extracting by manifest.
3325 silly tarball no local data for hermes-parser@https://registry.npmjs.org/hermes-parser/-/hermes-parser-0.25.1.tgz. Extracting by manifest.
3326 silly tarball no local data for @babel/helpers@https://registry.npmjs.org/@babel/helpers/-/helpers-7.29.7.tgz. Extracting by manifest.
3327 silly tarball no local data for es-iterator-helpers@https://registry.npmjs.org/es-iterator-helpers/-/es-iterator-helpers-1.4.0.tgz. Extracting by manifest.
3328 silly tarball no local data for string.prototype.includes@https://registry.npmjs.org/string.prototype.includes/-/string.prototype.includes-2.0.1.tgz. Extracting by manifest.
3329 silly tarball no local data for @babel/generator@https://registry.npmjs.org/@babel/generator/-/generator-7.29.8.tgz. Extracting by manifest.
3330 silly tarball no local data for has-tostringtag@https://registry.npmjs.org/has-tostringtag/-/has-tostringtag-1.0.2.tgz. Extracting by manifest.
3331 silly tarball no local data for has-symbols@https://registry.npmjs.org/has-symbols/-/has-symbols-1.1.0.tgz. Extracting by manifest.
3332 silly tarball no local data for object-inspect@https://registry.npmjs.org/object-inspect/-/object-inspect-1.13.4.tgz. Extracting by manifest.
3333 silly tarball no local data for es-abstract@https://registry.npmjs.org/es-abstract/-/es-abstract-1.24.2.tgz. Extracting by manifest.
3334 silly tarball no local data for eslint-plugin-react@https://registry.npmjs.org/eslint-plugin-react/-/eslint-plugin-react-7.37.5.tgz. Extracting by manifest.
3335 silly tarball no local data for json-schema-traverse@https://registry.npmjs.org/json-schema-traverse/-/json-schema-traverse-0.4.1.tgz. Extracting by manifest.
3336 silly tarball no local data for @next/eslint-plugin-next@https://registry.npmjs.org/@next/eslint-plugin-next/-/eslint-plugin-next-16.3.3.tgz. Extracting by manifest.
3337 silly tarball no local data for @eslint/object-schema@https://registry.npmjs.org/@eslint/object-schema/-/object-schema-2.1.7.tgz. Extracting by manifest.
3338 http cache js-yaml@https://registry.npmjs.org/js-yaml/-/js-yaml-4.3.1.tgz 0ms (cache hit)
3339 silly tarball no local data for @eslint/plugin-kit@https://registry.npmjs.org/@eslint/plugin-kit/-/plugin-kit-0.4.1.tgz. Extracting by manifest.
3340 silly tarball no local data for cross-spawn@https://registry.npmjs.org/cross-spawn/-/cross-spawn-7.0.6.tgz. Extracting by manifest.
3341 silly tarball no local data for ajv@https://registry.npmjs.org/ajv/-/ajv-6.15.0.tgz. Extracting by manifest.
3342 silly tarball no local data for @eslint/js@https://registry.npmjs.org/@eslint/js/-/js-9.39.5.tgz. Extracting by manifest.
3343 silly tarball no local data for @eslint/core@https://registry.npmjs.org/@eslint/core/-/core-0.17.0.tgz. Extracting by manifest.
3344 silly tarball no local data for @eslint/eslintrc@https://registry.npmjs.org/@eslint/eslintrc/-/eslintrc-3.3.6.tgz. Extracting by manifest.
3345 silly tarball no local data for eslint-plugin-import@https://registry.npmjs.org/eslint-plugin-import/-/eslint-plugin-import-2.32.0.tgz. Extracting by manifest.
3346 silly tarball no local data for @eslint/config-helpers@https://registry.npmjs.org/@eslint/config-helpers/-/config-helpers-0.4.2.tgz. Extracting by manifest.
3347 silly tarball no local data for enhanced-resolve@https://registry.npmjs.org/enhanced-resolve/-/enhanced-resolve-5.24.5.tgz. Extracting by manifest.
3348 silly tarball no local data for @jridgewell/resolve-uri@https://registry.npmjs.org/@jridgewell/resolve-uri/-/resolve-uri-3.1.2.tgz. Extracting by manifest.
3349 silly tarball no local data for @jridgewell/gen-mapping@https://registry.npmjs.org/@jridgewell/gen-mapping/-/gen-mapping-0.3.13.tgz. Extracting by manifest.
3350 http cache typescript@https://registry.npmjs.org/typescript/-/typescript-5.9.3.tgz 0ms (cache hit)
3351 silly tarball no local data for brace-expansion@https://registry.npmjs.org/brace-expansion/-/brace-expansion-5.0.9.tgz. Extracting by manifest.
3352 silly tarball no local data for minimatch@https://registry.npmjs.org/minimatch/-/minimatch-10.2.6.tgz. Extracting by manifest.
3353 silly tarball no local data for balanced-match@https://registry.npmjs.org/balanced-match/-/balanced-match-4.0.4.tgz. Extracting by manifest.
3354 silly tarball no local data for js-yaml@https://registry.npmjs.org/js-yaml/-/js-yaml-4.3.1.tgz. Extracting by manifest.
3355 silly tarball no local data for typescript@https://registry.npmjs.org/typescript/-/typescript-5.9.3.tgz. Extracting by manifest.
3356 http cache @tybys/wasm-util@https://registry.npmjs.org/@tybys/wasm-util/-/wasm-util-0.10.3.tgz 0ms (cache hit)
3357 http cache @typescript-eslint/utils@https://registry.npmjs.org/@typescript-eslint/utils/-/utils-8.68.0.tgz 1ms (cache hit)
3358 http cache @typescript-eslint/eslint-plugin@https://registry.npmjs.org/@typescript-eslint/eslint-plugin/-/eslint-plugin-8.68.0.tgz 0ms (cache hit)
3359 http cache flatted@https://registry.npmjs.org/flatted/-/flatted-3.4.4.tgz 0ms (cache hit)
3360 http cache @babel/traverse@https://registry.npmjs.org/@babel/traverse/-/traverse-7.29.8.tgz 0ms (cache hit)
3361 http cache @babel/types@https://registry.npmjs.org/@babel/types/-/types-7.29.8.tgz 0ms (cache hit)
3362 http cache @babel/core@https://registry.npmjs.org/@babel/core/-/core-7.29.7.tgz 0ms (cache hit)
3363 http cache fast-glob@https://registry.npmjs.org/fast-glob/-/fast-glob-3.3.1.tgz 0ms (cache hit)
3364 http cache tsconfig-paths@https://registry.npmjs.org/tsconfig-paths/-/tsconfig-paths-3.15.0.tgz 0ms (cache hit)
3365 http cache axobject-query@https://registry.npmjs.org/axobject-query/-/axobject-query-4.1.0.tgz 0ms (cache hit)
3366 http cache jsx-ast-utils@https://registry.npmjs.org/jsx-ast-utils/-/jsx-ast-utils-3.3.5.tgz 0ms (cache hit)
3367 http cache uri-js@https://registry.npmjs.org/uri-js/-/uri-js-4.4.1.tgz 0ms (cache hit)
3368 http cache @eslint/config-array@https://registry.npmjs.org/@eslint/config-array/-/config-array-0.21.2.tgz 0ms (cache hit)
3369 silly tarball no local data for @tybys/wasm-util@https://registry.npmjs.org/@tybys/wasm-util/-/wasm-util-0.10.3.tgz. Extracting by manifest.
3370 silly tarball no local data for @typescript-eslint/utils@https://registry.npmjs.org/@typescript-eslint/utils/-/utils-8.68.0.tgz. Extracting by manifest.
3371 silly tarball no local data for @typescript-eslint/eslint-plugin@https://registry.npmjs.org/@typescript-eslint/eslint-plugin/-/eslint-plugin-8.68.0.tgz. Extracting by manifest.
3372 silly tarball no local data for flatted@https://registry.npmjs.org/flatted/-/flatted-3.4.4.tgz. Extracting by manifest.
3373 silly tarball no local data for @babel/traverse@https://registry.npmjs.org/@babel/traverse/-/traverse-7.29.8.tgz. Extracting by manifest.
3374 silly tarball no local data for @babel/types@https://registry.npmjs.org/@babel/types/-/types-7.29.8.tgz. Extracting by manifest.
3375 silly tarball no local data for @babel/core@https://registry.npmjs.org/@babel/core/-/core-7.29.7.tgz. Extracting by manifest.
3376 silly tarball no local data for fast-glob@https://registry.npmjs.org/fast-glob/-/fast-glob-3.3.1.tgz. Extracting by manifest.
3377 silly tarball no local data for tsconfig-paths@https://registry.npmjs.org/tsconfig-paths/-/tsconfig-paths-3.15.0.tgz. Extracting by manifest.
3378 silly tarball no local data for axobject-query@https://registry.npmjs.org/axobject-query/-/axobject-query-4.1.0.tgz. Extracting by manifest.
3379 silly tarball no local data for jsx-ast-utils@https://registry.npmjs.org/jsx-ast-utils/-/jsx-ast-utils-3.3.5.tgz. Extracting by manifest.
3380 silly tarball no local data for uri-js@https://registry.npmjs.org/uri-js/-/uri-js-4.4.1.tgz. Extracting by manifest.
3381 silly tarball no local data for @eslint/config-array@https://registry.npmjs.org/@eslint/config-array/-/config-array-0.21.2.tgz. Extracting by manifest.
3382 http cache aria-query@https://registry.npmjs.org/aria-query/-/aria-query-5.3.2.tgz 0ms (cache hit)
3383 http cache eslint-plugin-jsx-a11y@https://registry.npmjs.org/eslint-plugin-jsx-a11y/-/eslint-plugin-jsx-a11y-6.10.2.tgz 0ms (cache hit)
3384 silly tarball no local data for aria-query@https://registry.npmjs.org/aria-query/-/aria-query-5.3.2.tgz. Extracting by manifest.
3385 silly tarball no local data for eslint-plugin-jsx-a11y@https://registry.npmjs.org/eslint-plugin-jsx-a11y/-/eslint-plugin-jsx-a11y-6.10.2.tgz. Extracting by manifest.
3386 http fetch GET 200 https://registry.npmjs.org/has-flag/-/has-flag-4.0.0.tgz 20768ms (cache miss)
3387 http fetch GET 200 https://registry.npmjs.org/client-only/-/client-only-0.0.1.tgz 20816ms (cache miss)
3388 http fetch GET 200 https://registry.npmjs.org/punycode/-/punycode-2.3.1.tgz 20886ms (cache miss)
3389 http fetch GET 200 https://registry.npmjs.org/is-number/-/is-number-7.0.0.tgz 20876ms (cache miss)
3390 http fetch GET 200 https://registry.npmjs.org/yocto-queue/-/yocto-queue-0.1.0.tgz 20923ms (cache miss)
3391 http fetch GET 200 https://registry.npmjs.org/p-limit/-/p-limit-3.1.0.tgz 20924ms (cache miss)
3392 http fetch GET 200 https://registry.npmjs.org/is-extglob/-/is-extglob-2.1.1.tgz 20844ms (cache miss)
3393 http fetch GET 200 https://registry.npmjs.org/callsites/-/callsites-3.1.0.tgz 20924ms (cache miss)
3394 http fetch GET 200 https://registry.npmjs.org/yallist/-/yallist-3.1.1.tgz 20873ms (cache miss)
3395 http fetch GET 200 https://registry.npmjs.org/brace-expansion/-/brace-expansion-1.1.18.tgz 20856ms (cache miss)
3396 http fetch GET 200 https://registry.npmjs.org/parent-module/-/parent-module-1.0.1.tgz 20861ms (cache miss)
3397 http fetch GET 200 https://registry.npmjs.org/fill-range/-/fill-range-7.1.1.tgz 20857ms (cache miss)
3398 http fetch GET 200 https://registry.npmjs.org/acorn-jsx/-/acorn-jsx-5.3.2.tgz 20843ms (cache miss)
3399 http fetch GET 200 https://registry.npmjs.org/p-locate/-/p-locate-5.0.0.tgz 20888ms (cache miss)
3400 http fetch GET 200 https://registry.npmjs.org/run-parallel/-/run-parallel-1.2.0.tgz 20860ms (cache miss)
3401 http fetch GET 200 https://registry.npmjs.org/path-exists/-/path-exists-4.0.0.tgz 20883ms (cache miss)
3402 http fetch GET 200 https://registry.npmjs.org/picocolors/-/picocolors-1.1.1.tgz 20879ms (cache miss)
3403 http fetch GET 200 https://registry.npmjs.org/lru-cache/-/lru-cache-5.1.1.tgz 20902ms (cache miss)
3404 http cache zod@https://registry.npmjs.org/zod/-/zod-4.4.3.tgz 7ms (cache hit)
3405 http fetch GET 200 https://registry.npmjs.org/shebang-regex/-/shebang-regex-3.0.0.tgz 21272ms (cache miss)
3406 http fetch GET 200 https://registry.npmjs.org/strip-bom/-/strip-bom-3.0.0.tgz 21331ms (cache miss)
3407 http fetch GET 200 https://registry.npmjs.org/fast-levenshtein/-/fast-levenshtein-2.0.6.tgz 21406ms (cache miss)
3408 http fetch GET 200 https://registry.npmjs.org/word-wrap/-/word-wrap-1.2.5.tgz 21404ms (cache miss)
3409 http fetch GET 200 https://registry.npmjs.org/to-regex-range/-/to-regex-range-5.0.1.tgz 21375ms (cache miss)
3410 http fetch GET 200 https://registry.npmjs.org/merge2/-/merge2-1.4.1.tgz 21331ms (cache miss)
3411 http fetch GET 200 https://registry.npmjs.org/locate-path/-/locate-path-6.0.0.tgz 21346ms (cache miss)
3412 http fetch GET 200 https://registry.npmjs.org/resolve-from/-/resolve-from-4.0.0.tgz 21354ms (cache miss)
3413 silly tarball no local data for zod@https://registry.npmjs.org/zod/-/zod-4.4.3.tgz. Extracting by manifest.
3414 http fetch GET 200 https://registry.npmjs.org/esrecurse/-/esrecurse-4.3.0.tgz 21345ms (cache miss)
3415 http fetch GET 200 https://registry.npmjs.org/path-parse/-/path-parse-1.0.7.tgz 21517ms (cache miss)
3416 http fetch GET 200 https://registry.npmjs.org/js-tokens/-/js-tokens-4.0.0.tgz 21338ms (cache miss)
3417 http cache resolve@https://registry.npmjs.org/resolve/-/resolve-2.0.0-next.7.tgz 0ms (cache hit)
3418 http fetch GET 200 https://registry.npmjs.org/@nolyfill/is-core-module/-/is-core-module-1.0.39.tgz 19356ms (cache miss)
3419 http cache eslint@https://registry.npmjs.org/eslint/-/eslint-9.39.5.tgz 0ms (cache hit)
3420 silly tarball no local data for resolve@https://registry.npmjs.org/resolve/-/resolve-2.0.0-next.7.tgz. Extracting by manifest.
3421 http fetch GET 200 https://registry.npmjs.org/@types/json5/-/json5-0.0.29.tgz 22042ms (cache miss)
3422 http fetch GET 200 https://registry.npmjs.org/shebang-command/-/shebang-command-2.0.0.tgz 19831ms (cache miss)
3423 http fetch GET 200 https://registry.npmjs.org/import-fresh/-/import-fresh-3.3.1.tgz 19847ms (cache miss)
3424 http fetch GET 200 https://registry.npmjs.org/file-entry-cache/-/file-entry-cache-8.0.0.tgz 19803ms (cache miss)
3425 http fetch GET 200 https://registry.npmjs.org/ms/-/ms-2.1.3.tgz 19912ms (cache miss)
3426 http fetch GET 200 https://registry.npmjs.org/@rtsao/scc/-/scc-1.1.0.tgz 19876ms (cache miss)
3427 http fetch GET 200 https://registry.npmjs.org/@types/estree/-/estree-1.0.9.tgz 19797ms (cache miss)
3428 http fetch GET 200 https://registry.npmjs.org/strip-json-comments/-/strip-json-comments-3.1.1.tgz 19873ms (cache miss)
3429 silly tarball no local data for eslint@https://registry.npmjs.org/eslint/-/eslint-9.39.5.tgz. Extracting by manifest.
3430 http fetch GET 200 https://registry.npmjs.org/glob-parent/-/glob-parent-6.0.2.tgz 19855ms (cache miss)
3431 http fetch GET 200 https://registry.npmjs.org/graceful-fs/-/graceful-fs-4.2.11.tgz 19803ms (cache miss)
3432 http fetch GET 200 https://registry.npmjs.org/glob-parent/-/glob-parent-5.1.2.tgz 19566ms (cache miss)
3433 http fetch GET 200 https://registry.npmjs.org/@tailwindcss/oxide/-/oxide-4.3.3.tgz 19681ms (cache miss)
3434 http fetch GET 200 https://registry.npmjs.org/object-assign/-/object-assign-4.1.1.tgz 22194ms (cache miss)
3435 http fetch GET 200 https://registry.npmjs.org/micromatch/-/micromatch-4.0.8.tgz 22063ms (cache miss)
3436 http fetch GET 200 https://registry.npmjs.org/which-collection/-/which-collection-1.0.2.tgz 14635ms (cache miss)
3437 http fetch GET 200 https://registry.npmjs.org/convert-source-map/-/convert-source-map-2.0.0.tgz 22049ms (cache miss)
3438 http fetch GET 200 https://registry.npmjs.org/is-map/-/is-map-2.0.3.tgz 14697ms (cache miss)
3439 http fetch GET 200 https://registry.npmjs.org/is-number-object/-/is-number-object-1.1.1.tgz 14700ms (cache miss)
3440 http fetch GET 200 https://registry.npmjs.org/is-async-function/-/is-async-function-2.1.1.tgz 14712ms (cache miss)
3441 http fetch GET 200 https://registry.npmjs.org/is-generator-function/-/is-generator-function-1.1.2.tgz 14733ms (cache miss)
3442 http fetch GET 200 https://registry.npmjs.org/eslint-import-resolver-node/-/eslint-import-resolver-node-0.3.10.tgz 20194ms (cache miss)
3443 http fetch GET 200 https://registry.npmjs.org/path-key/-/path-key-3.1.1.tgz 20239ms (cache miss)
3444 http fetch GET 200 https://registry.npmjs.org/escape-string-regexp/-/escape-string-regexp-4.0.0.tgz 20146ms (cache miss)
3445 http fetch GET 200 https://registry.npmjs.org/loose-envify/-/loose-envify-1.4.0.tgz 19549ms (cache miss)
3446 http fetch GET 200 https://registry.npmjs.org/supports-color/-/supports-color-7.2.0.tgz 20261ms (cache miss)
3447 http fetch GET 200 https://registry.npmjs.org/natural-compare/-/natural-compare-1.4.0.tgz 20225ms (cache miss)
3448 http fetch GET 200 https://registry.npmjs.org/generator-function/-/generator-function-2.0.1.tgz 14927ms (cache miss)
3449 http fetch GET 200 https://registry.npmjs.org/color-name/-/color-name-1.1.4.tgz 20281ms (cache miss)
3450 http fetch GET 200 https://registry.npmjs.org/imurmurhash/-/imurmurhash-0.1.4.tgz 20273ms (cache miss)
3451 http fetch GET 200 https://registry.npmjs.org/find-up/-/find-up-5.0.0.tgz 20252ms (cache miss)
3452 http fetch GET 200 https://registry.npmjs.org/is-glob/-/is-glob-4.0.3.tgz 20283ms (cache miss)
3453 http fetch GET 200 https://registry.npmjs.org/is-finalizationregistry/-/is-finalizationregistry-1.1.1.tgz 15025ms (cache miss)
3454 http fetch GET 200 https://registry.npmjs.org/reflect.getprototypeof/-/reflect.getprototypeof-1.0.10.tgz 14994ms (cache miss)
3455 http fetch GET 200 https://registry.npmjs.org/queue-microtask/-/queue-microtask-1.2.3.tgz 22681ms (cache miss)
3456 http fetch GET 200 https://registry.npmjs.org/@typescript-eslint/tsconfig-utils/-/tsconfig-utils-8.68.0.tgz 15093ms (cache miss)
3457 http fetch GET 200 https://registry.npmjs.org/supports-preserve-symlinks-flag/-/supports-preserve-symlinks-flag-1.0.0.tgz 15066ms (cache miss)
3458 http fetch GET 200 https://registry.npmjs.org/isarray/-/isarray-2.0.5.tgz 22777ms (cache miss)
3459 http fetch GET 200 https://registry.npmjs.org/@alloc/quick-lru/-/quick-lru-5.2.0.tgz 20544ms (cache miss)
3460 http fetch GET 200 https://registry.npmjs.org/for-each/-/for-each-0.3.5.tgz 15448ms (cache miss)
3461 http fetch GET 200 https://registry.npmjs.org/side-channel-map/-/side-channel-map-1.0.1.tgz 15539ms (cache miss)
3462 http fetch GET 200 https://registry.npmjs.org/side-channel-weakmap/-/side-channel-weakmap-1.0.2.tgz 15566ms (cache miss)
3463 http fetch GET 200 https://registry.npmjs.org/@img/colour/-/colour-1.1.0.tgz 23312ms (cache miss)
3464 http fetch GET 200 https://registry.npmjs.org/ansi-styles/-/ansi-styles-4.3.0.tgz 21296ms (cache miss)
3465 http fetch GET 200 https://registry.npmjs.org/estraverse/-/estraverse-5.3.0.tgz 23681ms (cache miss)
3466 http fetch GET 200 https://registry.npmjs.org/react-is/-/react-is-16.13.1.tgz 16190ms (cache miss)
3467 http fetch GET 200 https://registry.npmjs.org/deep-is/-/deep-is-0.1.4.tgz 16263ms (cache miss)
3468 http fetch GET 200 https://registry.npmjs.org/ignore/-/ignore-7.0.6.tgz 21715ms (cache miss)
3469 http fetch GET 200 https://registry.npmjs.org/ignore/-/ignore-5.3.2.tgz 22017ms (cache miss)
3470 http fetch GET 200 https://registry.npmjs.org/json-buffer/-/json-buffer-3.0.1.tgz 16654ms (cache miss)
3471 http fetch GET 200 https://registry.npmjs.org/@next/env/-/env-16.3.3.tgz 16677ms (cache miss)
3472 http fetch GET 200 https://registry.npmjs.org/concat-map/-/concat-map-0.0.1.tgz 16674ms (cache miss)
3473 http fetch GET 200 https://registry.npmjs.org/lodash.merge/-/lodash.merge-4.6.2.tgz 22253ms (cache miss)
3474 http fetch GET 200 https://registry.npmjs.org/@types/json-schema/-/json-schema-7.0.15.tgz 22282ms (cache miss)
3475 http fetch GET 200 https://registry.npmjs.org/update-browserslist-db/-/update-browserslist-db-1.3.1.tgz 21432ms (cache miss)
3476 http fetch GET 200 https://registry.npmjs.org/isexe/-/isexe-2.0.0.tgz 17236ms (cache miss)
3477 http fetch GET 200 https://registry.npmjs.org/minimatch/-/minimatch-3.1.5.tgz 22561ms (cache miss)
3478 http fetch GET 200 https://registry.npmjs.org/side-channel/-/side-channel-1.1.1.tgz 17155ms (cache miss)
3479 http fetch GET 200 https://registry.npmjs.org/balanced-match/-/balanced-match-1.0.2.tgz 17273ms (cache miss)
3480 http fetch GET 200 https://registry.npmjs.org/prelude-ls/-/prelude-ls-1.2.1.tgz 17293ms (cache miss)
3481 http fetch GET 200 https://registry.npmjs.org/color-convert/-/color-convert-2.0.1.tgz 22892ms (cache miss)
3482 http fetch GET 200 https://registry.npmjs.org/flat-cache/-/flat-cache-4.0.1.tgz 17278ms (cache miss)
3483 http fetch GET 200 https://registry.npmjs.org/unrs-resolver/-/unrs-resolver-1.12.2.tgz 22998ms (cache miss)
3484 http fetch GET 200 https://registry.npmjs.org/globals/-/globals-16.4.0.tgz 22678ms (cache miss)
3485 http fetch GET 200 https://registry.npmjs.org/type-check/-/type-check-0.4.0.tgz 17558ms (cache miss)
3486 http fetch GET 200 https://registry.npmjs.org/@typescript-eslint/project-service/-/project-service-8.68.0.tgz 17803ms (cache miss)
3487 http fetch GET 200 https://registry.npmjs.org/is-bigint/-/is-bigint-1.1.0.tgz 17952ms (cache miss)
3488 http fetch GET 200 https://registry.npmjs.org/has-bigints/-/has-bigints-1.1.0.tgz 17946ms (cache miss)
3489 http fetch GET 200 https://registry.npmjs.org/escalade/-/escalade-3.2.0.tgz 17963ms (cache miss)
3490 http fetch GET 200 https://registry.npmjs.org/browserslist/-/browserslist-4.28.8.tgz 22192ms (cache miss)
3491 http fetch GET 200 https://registry.npmjs.org/@typescript-eslint/visitor-keys/-/visitor-keys-8.68.0.tgz 18045ms (cache miss)
3492 http fetch GET 200 https://registry.npmjs.org/globals/-/globals-14.0.0.tgz 23450ms (cache miss)
3493 http fetch GET 200 https://registry.npmjs.org/which-boxed-primitive/-/which-boxed-primitive-1.1.1.tgz 18153ms (cache miss)
3494 http fetch GET 200 https://registry.npmjs.org/detect-libc/-/detect-libc-2.1.2.tgz 17945ms (cache miss)
3495 http fetch GET 200 https://registry.npmjs.org/is-boolean-object/-/is-boolean-object-1.2.2.tgz 18218ms (cache miss)
3496 http fetch GET 200 https://registry.npmjs.org/is-weakset/-/is-weakset-2.0.4.tgz 18334ms (cache miss)
3497 http fetch GET 200 https://registry.npmjs.org/is-weakmap/-/is-weakmap-2.0.2.tgz 18345ms (cache miss)
3498 http fetch GET 200 https://registry.npmjs.org/@typescript-eslint/parser/-/parser-8.68.0.tgz 18254ms (cache miss)
3499 http fetch GET 200 https://registry.npmjs.org/side-channel-list/-/side-channel-list-1.0.1.tgz 18275ms (cache miss)
3500 http fetch GET 200 https://registry.npmjs.org/fastq/-/fastq-1.20.1.tgz 18069ms (cache miss)
3501 http fetch GET 200 https://registry.npmjs.org/which-builtin-type/-/which-builtin-type-1.2.1.tgz 18279ms (cache miss)
3502 http fetch GET 200 https://registry.npmjs.org/argparse/-/argparse-2.0.1.tgz 18169ms (cache miss)
3503 http fetch GET 200 https://registry.npmjs.org/set-function-name/-/set-function-name-2.0.2.tgz 18127ms (cache miss)
3504 http fetch GET 200 https://registry.npmjs.org/keyv/-/keyv-4.5.4.tgz 18075ms (cache miss)
3505 http fetch GET 200 https://registry.npmjs.org/electron-to-chromium/-/electron-to-chromium-1.5.415.tgz 25887ms (cache miss)
3506 http fetch GET 200 https://registry.npmjs.org/async-function/-/async-function-1.0.0.tgz 18479ms (cache miss)
3507 http fetch GET 200 https://registry.npmjs.org/ts-api-utils/-/ts-api-utils-2.5.0.tgz 18462ms (cache miss)
3508 http fetch GET 200 https://registry.npmjs.org/braces/-/braces-3.0.3.tgz 18394ms (cache miss)
3509 http fetch GET 200 https://registry.npmjs.org/@eslint-community/eslint-utils/-/eslint-utils-4.9.1.tgz 23574ms (cache miss)
3510 http fetch GET 200 https://registry.npmjs.org/@eslint-community/eslint-utils/-/eslint-utils-4.10.1.tgz 23882ms (cache miss)
3511 http fetch GET 200 https://registry.npmjs.org/scheduler/-/scheduler-0.27.0.tgz 18605ms (cache miss)
3512 http fetch GET 200 https://registry.npmjs.org/@emnapi/wasi-threads/-/wasi-threads-1.2.1.tgz 18781ms (cache miss)
3513 http fetch GET 200 https://registry.npmjs.org/@eslint-community/regexpp/-/regexpp-4.12.2.tgz 24087ms (cache miss)
3514 http fetch GET 200 https://registry.npmjs.org/tslib/-/tslib-2.8.1.tgz 18764ms (cache miss)
3515 http fetch GET 200 https://registry.npmjs.org/@emnapi/runtime/-/runtime-1.10.0.tgz 30411ms (cache miss)
3516 http fetch GET 200 https://registry.npmjs.org/resolve-pkg-maps/-/resolve-pkg-maps-1.0.0.tgz 19141ms (cache miss)
3517 http fetch GET 200 https://registry.npmjs.org/@napi-rs/wasm-runtime/-/wasm-runtime-1.2.3.tgz 19537ms (cache miss)
3518 http fetch GET 200 https://registry.npmjs.org/minimist/-/minimist-1.2.8.tgz 19561ms (cache miss)
3519 http fetch GET 200 https://registry.npmjs.org/csstype/-/csstype-3.2.3.tgz 25188ms (cache miss)
3520 http fetch GET 200 https://registry.npmjs.org/dunder-proto/-/dunder-proto-1.0.1.tgz 19883ms (cache miss)
3521 http fetch GET 200 https://registry.npmjs.org/eslint-module-utils/-/eslint-module-utils-2.14.0.tgz 25694ms (cache miss)
3522 http fetch GET 200 https://registry.npmjs.org/@babel/helper-module-imports/-/helper-module-imports-7.29.7.tgz 19850ms (cache miss)
3523 http fetch GET 200 https://registry.npmjs.org/is-document.all/-/is-document.all-1.0.0.tgz 20004ms (cache miss)
3524 http fetch GET 200 https://registry.npmjs.org/@unrs/resolver-binding-win32-x64-msvc/-/resolver-binding-win32-x64-msvc-1.12.2.tgz 28166ms (cache miss)
3525 http fetch GET 200 https://registry.npmjs.org/@babel/helper-validator-option/-/helper-validator-option-7.29.7.tgz 20179ms (cache miss)
3526 http fetch GET 200 https://registry.npmjs.org/undici-types/-/undici-types-6.21.0.tgz 26342ms (cache miss)
3527 http fetch GET 200 https://registry.npmjs.org/@babel/helper-string-parser/-/helper-string-parser-7.29.7.tgz 21916ms (cache miss)
3528 http fetch GET 200 https://registry.npmjs.org/functions-have-names/-/functions-have-names-1.2.3.tgz 21936ms (cache miss)
3529 http fetch GET 200 https://registry.npmjs.org/@babel/compat-data/-/compat-data-7.29.7.tgz 21820ms (cache miss)
3530 http fetch GET 200 https://registry.npmjs.org/@emnapi/core/-/core-1.10.0.tgz 22281ms (cache miss)
3531 http fetch GET 200 https://registry.npmjs.org/gensync/-/gensync-1.0.0-beta.2.tgz 22091ms (cache miss)
3532 http fetch GET 200 https://registry.npmjs.org/@babel/helper-globals/-/helper-globals-7.29.7.tgz 22194ms (cache miss)
3533 http fetch GET 200 https://registry.npmjs.org/picomatch/-/picomatch-2.3.2.tgz 22454ms (cache miss)
3534 http fetch GET 200 https://registry.npmjs.org/@babel/helper-validator-identifier/-/helper-validator-identifier-7.29.7.tgz 22423ms (cache miss)
3535 http fetch GET 200 https://registry.npmjs.org/node-exports-info/-/node-exports-info-1.6.2.tgz 22811ms (cache miss)
3536 http fetch GET 200 https://registry.npmjs.org/@babel/helper-compilation-targets/-/helper-compilation-targets-7.29.7.tgz 22613ms (cache miss)
3537 http fetch GET 200 https://registry.npmjs.org/@babel/helper-module-transforms/-/helper-module-transforms-7.29.7.tgz 22738ms (cache miss)
3538 http fetch GET 200 https://registry.npmjs.org/sharp/-/sharp-0.35.4.tgz 23028ms (cache miss)
3539 http fetch GET 200 https://registry.npmjs.org/@babel/template/-/template-7.29.7.tgz 22808ms (cache miss)
3540 http fetch GET 200 https://registry.npmjs.org/object.entries/-/object.entries-1.1.9.tgz 23296ms (cache miss)
3541 http fetch GET 200 https://registry.npmjs.org/string.prototype.repeat/-/string.prototype.repeat-1.0.0.tgz 23317ms (cache miss)
3542 http fetch GET 200 https://registry.npmjs.org/array.prototype.tosorted/-/array.prototype.tosorted-1.1.4.tgz 23288ms (cache miss)
3543 http fetch GET 200 https://registry.npmjs.org/iterator.prototype/-/iterator.prototype-1.1.5.tgz 23339ms (cache miss)
3544 http fetch GET 200 https://registry.npmjs.org/is-symbol/-/is-symbol-1.1.1.tgz 23763ms (cache miss)
3545 http fetch GET 200 https://registry.npmjs.org/array.prototype.findlast/-/array.prototype.findlast-1.2.5.tgz 23824ms (cache miss)
3546 http fetch GET 200 https://registry.npmjs.org/language-tags/-/language-tags-1.0.9.tgz 23900ms (cache miss)
3547 http fetch GET 200 https://registry.npmjs.org/es-abstract-get/-/es-abstract-get-1.0.0.tgz 23871ms (cache miss)
3548 http fetch GET 200 https://registry.npmjs.org/damerau-levenshtein/-/damerau-levenshtein-1.0.8.tgz 23888ms (cache miss)
3549 http fetch GET 200 https://registry.npmjs.org/prop-types/-/prop-types-15.8.1.tgz 24028ms (cache miss)
3550 http fetch GET 200 https://registry.npmjs.org/@emnapi/runtime/-/runtime-1.11.3.tgz 24565ms (cache miss)
3551 http fetch GET 200 https://registry.npmjs.org/@babel/code-frame/-/code-frame-7.29.7.tgz 26229ms (cache miss)
3552 http fetch GET 200 https://registry.npmjs.org/unbox-primitive/-/unbox-primitive-1.1.0.tgz 26055ms (cache miss)
3553 http fetch GET 200 https://registry.npmjs.org/ast-types-flow/-/ast-types-flow-0.0.8.tgz 26093ms (cache miss)
3554 http fetch GET 200 https://registry.npmjs.org/possible-typed-array-names/-/possible-typed-array-names-1.1.0.tgz 26064ms (cache miss)
3555 http fetch GET 200 https://registry.npmjs.org/typed-array-byte-length/-/typed-array-byte-length-1.0.3.tgz 26069ms (cache miss)
3556 http fetch GET 200 https://registry.npmjs.org/stop-iteration-iterator/-/stop-iteration-iterator-1.1.0.tgz 26055ms (cache miss)
3557 http fetch GET 200 https://registry.npmjs.org/string.prototype.matchall/-/string.prototype.matchall-4.0.12.tgz 26305ms (cache miss)
3558 http fetch GET 200 https://registry.npmjs.org/string.prototype.trim/-/string.prototype.trim-1.2.11.tgz 26141ms (cache miss)
3559 http fetch GET 200 https://registry.npmjs.org/safe-array-concat/-/safe-array-concat-1.1.4.tgz 26108ms (cache miss)
3560 http fetch GET 200 https://registry.npmjs.org/string.prototype.trimstart/-/string.prototype.trimstart-1.0.8.tgz 26103ms (cache miss)
3561 http fetch GET 200 https://registry.npmjs.org/typed-array-length/-/typed-array-length-1.0.8.tgz 26237ms (cache miss)
3562 http fetch GET 200 https://registry.npmjs.org/typed-array-byte-offset/-/typed-array-byte-offset-1.0.4.tgz 26258ms (cache miss)
3563 http fetch GET 200 https://registry.npmjs.org/which-typed-array/-/which-typed-array-1.1.22.tgz 26407ms (cache miss)
3564 http fetch GET 200 https://registry.npmjs.org/zod-validation-error/-/zod-validation-error-4.0.2.tgz 26653ms (cache miss)
3565 http fetch GET 200 https://registry.npmjs.org/safe-regex-test/-/safe-regex-test-1.1.0.tgz 28360ms (cache miss)
3566 http fetch GET 200 https://registry.npmjs.org/typed-array-buffer/-/typed-array-buffer-1.0.3.tgz 28322ms (cache miss)
3567 http fetch GET 200 https://registry.npmjs.org/is-set/-/is-set-2.0.3.tgz 28295ms (cache miss)
3568 http fetch GET 200 https://registry.npmjs.org/own-keys/-/own-keys-1.0.2.tgz 28337ms (cache miss)
3569 http fetch GET 200 https://registry.npmjs.org/emoji-regex/-/emoji-regex-9.2.2.tgz 28312ms (cache miss)
3570 http fetch GET 200 https://registry.npmjs.org/is-weakref/-/is-weakref-1.1.1.tgz 28326ms (cache miss)
3571 http fetch GET 200 https://registry.npmjs.org/is-date-object/-/is-date-object-1.1.0.tgz 28524ms (cache miss)
3572 http fetch GET 200 https://registry.npmjs.org/safe-push-apply/-/safe-push-apply-1.0.0.tgz 28623ms (cache miss)
3573 http fetch GET 200 https://registry.npmjs.org/internal-slot/-/internal-slot-1.1.0.tgz 28536ms (cache miss)
3574 http fetch GET 200 https://registry.npmjs.org/set-proto/-/set-proto-1.0.0.tgz 28665ms (cache miss)
3575 http fetch GET 200 https://registry.npmjs.org/is-array-buffer/-/is-array-buffer-3.0.5.tgz 29800ms (cache miss)
3576 http fetch GET 200 https://registry.npmjs.org/is-data-view/-/is-data-view-1.0.2.tgz 29988ms (cache miss)
3577 http fetch GET 200 https://registry.npmjs.org/is-shared-array-buffer/-/is-shared-array-buffer-1.0.4.tgz 29979ms (cache miss)
3578 http fetch GET 200 https://registry.npmjs.org/has-proto/-/has-proto-1.2.0.tgz 29998ms (cache miss)
3579 http fetch GET 200 https://registry.npmjs.org/is-negative-zero/-/is-negative-zero-2.0.3.tgz 30126ms (cache miss)
3580 http fetch GET 200 https://registry.npmjs.org/is-regex/-/is-regex-1.2.1.tgz 31883ms (cache miss)
3581 http fetch GET 200 https://registry.npmjs.org/data-view-byte-offset/-/data-view-byte-offset-1.0.1.tgz 31927ms (cache miss)
3582 http fetch GET 200 https://registry.npmjs.org/regexp.prototype.flags/-/regexp.prototype.flags-1.5.4.tgz 32109ms (cache miss)
3583 http fetch GET 200 https://registry.npmjs.org/globalthis/-/globalthis-1.0.4.tgz 32239ms (cache miss)
3584 http fetch GET 200 https://registry.npmjs.org/data-view-byte-length/-/data-view-byte-length-1.0.2.tgz 32255ms (cache miss)
3585 http fetch GET 200 https://registry.npmjs.org/get-symbol-description/-/get-symbol-description-1.1.0.tgz 32312ms (cache miss)
3586 http fetch GET 200 https://registry.npmjs.org/get-proto/-/get-proto-1.0.1.tgz 32331ms (cache miss)
3587 http fetch GET 200 https://registry.npmjs.org/object.assign/-/object.assign-4.1.7.tgz 32638ms (cache miss)
3588 http fetch GET 200 https://registry.npmjs.org/is-callable/-/is-callable-1.2.7.tgz 33452ms (cache miss)
3589 http fetch GET 200 https://registry.npmjs.org/available-typed-arrays/-/available-typed-arrays-1.0.7.tgz 34565ms (cache miss)
3590 http fetch GET 200 https://registry.npmjs.org/es-errors/-/es-errors-1.3.0.tgz 34653ms (cache miss)
3591 http fetch GET 200 https://registry.npmjs.org/object-keys/-/object-keys-1.1.1.tgz 34730ms (cache miss)
3592 http fetch GET 200 https://registry.npmjs.org/gopd/-/gopd-1.2.0.tgz 34764ms (cache miss)
3593 http fetch GET 200 https://registry.npmjs.org/es-define-property/-/es-define-property-1.0.1.tgz 34860ms (cache miss)
3594 http fetch GET 200 https://registry.npmjs.org/data-view-buffer/-/data-view-buffer-1.0.2.tgz 35109ms (cache miss)
3595 http fetch GET 200 https://registry.npmjs.org/is-typed-array/-/is-typed-array-1.1.15.tgz 35184ms (cache miss)
3596 http fetch GET 200 https://registry.npmjs.org/array-buffer-byte-length/-/array-buffer-byte-length-1.0.2.tgz 35274ms (cache miss)
3597 http fetch GET 200 https://registry.npmjs.org/define-data-property/-/define-data-property-1.1.4.tgz 35529ms (cache miss)
3598 http fetch GET 200 https://registry.npmjs.org/es-object-atoms/-/es-object-atoms-1.1.2.tgz 36969ms (cache miss)
3599 http fetch GET 200 https://registry.npmjs.org/is-string/-/is-string-1.1.1.tgz 36981ms (cache miss)
3600 http fetch GET 200 https://registry.npmjs.org/es-shim-unscopables/-/es-shim-unscopables-1.1.0.tgz 37628ms (cache miss)
3601 http fetch GET 200 https://registry.npmjs.org/set-function-length/-/set-function-length-1.2.2.tgz 37686ms (cache miss)
3602 http fetch GET 200 https://registry.npmjs.org/call-bind-apply-helpers/-/call-bind-apply-helpers-1.0.2.tgz 37706ms (cache miss)
3603 http fetch GET 200 https://registry.npmjs.org/es-set-tostringtag/-/es-set-tostringtag-2.1.0.tgz 37752ms (cache miss)
3604 http fetch GET 200 https://registry.npmjs.org/arraybuffer.prototype.slice/-/arraybuffer.prototype.slice-1.0.4.tgz 37762ms (cache miss)
3605 http fetch GET 200 https://registry.npmjs.org/has-property-descriptors/-/has-property-descriptors-1.0.2.tgz 37753ms (cache miss)
3606 http fetch GET 200 https://registry.npmjs.org/call-bound/-/call-bound-1.0.4.tgz 37839ms (cache miss)
3607 http fetch GET 200 https://registry.npmjs.org/function-bind/-/function-bind-1.1.2.tgz 38101ms (cache miss)
3608 http fetch GET 200 https://registry.npmjs.org/function.prototype.name/-/function.prototype.name-1.2.0.tgz 38318ms (cache miss)
3609 http fetch GET 200 https://registry.npmjs.org/object.groupby/-/object.groupby-1.0.3.tgz 39456ms (cache miss)
3610 http fetch GET 200 https://registry.npmjs.org/es-to-primitive/-/es-to-primitive-1.3.4.tgz 39897ms (cache miss)
3611 http fetch GET 200 https://registry.npmjs.org/get-intrinsic/-/get-intrinsic-1.3.0.tgz 39973ms (cache miss)
3612 http fetch GET 200 https://registry.npmjs.org/hasown/-/hasown-2.0.4.tgz 40271ms (cache miss)
3613 http fetch GET 200 https://registry.npmjs.org/define-properties/-/define-properties-1.2.1.tgz 40301ms (cache miss)
3614 http fetch GET 200 https://registry.npmjs.org/stable-hash/-/stable-hash-0.0.5.tgz 40560ms (cache miss)
3615 http fetch GET 200 https://registry.npmjs.org/array.prototype.flat/-/array.prototype.flat-1.3.3.tgz 40714ms (cache miss)
3616 http fetch GET 200 https://registry.npmjs.org/object.fromentries/-/object.fromentries-2.0.8.tgz 40895ms (cache miss)
3617 http fetch GET 200 https://registry.npmjs.org/call-bind/-/call-bind-1.0.9.tgz 40935ms (cache miss)
3618 http fetch GET 200 https://registry.npmjs.org/is-bun-module/-/is-bun-module-2.0.0.tgz 41000ms (cache miss)
3619 http fetch GET 200 https://registry.npmjs.org/array.prototype.findlastindex/-/array.prototype.findlastindex-1.2.6.tgz 41061ms (cache miss)
3620 http fetch GET 200 https://registry.npmjs.org/array-includes/-/array-includes-3.1.9.tgz 41207ms (cache miss)
3621 http fetch GET 200 https://registry.npmjs.org/string.prototype.trimend/-/string.prototype.trimend-1.0.10.tgz 41501ms (cache miss)
3622 http fetch GET 200 https://registry.npmjs.org/tinyglobby/-/tinyglobby-0.2.17.tgz 41494ms (cache miss)
3623 http fetch GET 200 https://registry.npmjs.org/doctrine/-/doctrine-2.1.0.tgz 41518ms (cache miss)
3624 http fetch GET 200 https://registry.npmjs.org/array.prototype.flatmap/-/array.prototype.flatmap-1.3.3.tgz 41502ms (cache miss)
3625 http fetch GET 200 https://registry.npmjs.org/object.values/-/object.values-1.2.1.tgz 41686ms (cache miss)
3626 http fetch GET 200 https://registry.npmjs.org/math-intrinsics/-/math-intrinsics-1.1.0.tgz 42091ms (cache miss)
3627 http fetch GET 200 https://registry.npmjs.org/typescript-eslint/-/typescript-eslint-8.68.0.tgz 43380ms (cache miss)
3628 http fetch GET 200 https://registry.npmjs.org/@humanfs/types/-/types-0.15.0.tgz 43360ms (cache miss)
3629 http fetch GET 200 https://registry.npmjs.org/is-core-module/-/is-core-module-2.16.2.tgz 43439ms (cache miss)
3630 http fetch GET 200 https://registry.npmjs.org/fast-json-stable-stringify/-/fast-json-stable-stringify-2.1.0.tgz 43402ms (cache miss)
3631 http fetch GET 200 https://registry.npmjs.org/eslint-import-resolver-typescript/-/eslint-import-resolver-typescript-3.10.1.tgz 43457ms (cache miss)
3632 http fetch GET 200 https://registry.npmjs.org/levn/-/levn-0.4.1.tgz 43455ms (cache miss)
3633 http fetch GET 200 https://registry.npmjs.org/@humanfs/core/-/core-0.19.2.tgz 43770ms (cache miss)
3634 http fetch GET 200 https://registry.npmjs.org/chalk/-/chalk-4.1.2.tgz 45887ms (cache miss)
3635 http fetch GET 200 https://registry.npmjs.org/esutils/-/esutils-2.0.3.tgz 45940ms (cache miss)
3636 http fetch GET 200 https://registry.npmjs.org/eslint-visitor-keys/-/eslint-visitor-keys-4.2.1.tgz 45989ms (cache miss)
3637 http fetch GET 200 https://registry.npmjs.org/optionator/-/optionator-0.9.4.tgz 46047ms (cache miss)
3638 http fetch GET 200 https://registry.npmjs.org/eslint-scope/-/eslint-scope-8.4.0.tgz 46456ms (cache miss)
3639 http fetch GET 200 https://registry.npmjs.org/json-stable-stringify-without-jsonify/-/json-stable-stringify-without-jsonify-1.0.1.tgz 48283ms (cache miss)
3640 http fetch GET 200 https://registry.npmjs.org/fast-deep-equal/-/fast-deep-equal-3.1.3.tgz 48284ms (cache miss)
3641 http fetch GET 200 https://registry.npmjs.org/debug/-/debug-4.4.3.tgz 48389ms (cache miss)
3642 http fetch GET 200 https://registry.npmjs.org/espree/-/espree-10.4.0.tgz 48440ms (cache miss)
3643 http fetch GET 200 https://registry.npmjs.org/@humanwhocodes/retry/-/retry-0.4.3.tgz 48618ms (cache miss)
3644 http fetch GET 200 https://registry.npmjs.org/@humanfs/node/-/node-0.16.8.tgz 48654ms (cache miss)
3645 http fetch GET 200 https://registry.npmjs.org/get-tsconfig/-/get-tsconfig-4.14.3.tgz 49809ms (cache miss)
3646 http fetch GET 200 https://registry.npmjs.org/@humanwhocodes/module-importer/-/module-importer-1.0.1.tgz 51037ms (cache miss)
3647 http fetch GET 200 https://registry.npmjs.org/@jridgewell/sourcemap-codec/-/sourcemap-codec-1.5.5.tgz 52118ms (cache miss)
3648 http fetch GET 200 https://registry.npmjs.org/tapable/-/tapable-2.3.3.tgz 53527ms (cache miss)
3649 http fetch GET 200 https://registry.npmjs.org/@jridgewell/remapping/-/remapping-2.3.5.tgz 54016ms (cache miss)
3650 http fetch GET 200 https://registry.npmjs.org/source-map-js/-/source-map-js-1.2.1.tgz 56015ms (cache miss)
3651 http fetch GET 200 https://registry.npmjs.org/@jridgewell/trace-mapping/-/trace-mapping-0.3.31.tgz 56147ms (cache miss)
3652 http fetch GET 200 https://registry.npmjs.org/eslint-config-next/-/eslint-config-next-16.3.3.tgz 56302ms (cache miss)
3653 http fetch GET 200 https://registry.npmjs.org/@tailwindcss/node/-/node-4.3.3.tgz 58584ms (cache miss)
3654 http fetch GET 200 https://registry.npmjs.org/@types/react-dom/-/react-dom-19.2.5.tgz 58691ms (cache miss)
3655 http fetch GET 200 https://registry.npmjs.org/@img/sharp-wasm32/-/sharp-wasm32-0.35.4.tgz 75088ms (cache miss)
3656 http fetch GET 200 https://registry.npmjs.org/postcss/-/postcss-8.5.26.tgz 63131ms (cache miss)
3657 http fetch GET 200 https://registry.npmjs.org/eslint-visitor-keys/-/eslint-visitor-keys-5.0.1.tgz 63109ms (cache miss)
3658 http fetch GET 200 https://registry.npmjs.org/react/-/react-19.2.8.tgz 63254ms (cache miss)
3659 http fetch GET 200 https://registry.npmjs.org/lightningcss/-/lightningcss-1.32.0.tgz 64830ms (cache miss)
3660 http fetch GET 200 https://registry.npmjs.org/@types/react/-/react-19.2.18.tgz 65247ms (cache miss)
3661 http fetch GET 200 https://registry.npmjs.org/debug/-/debug-3.2.7.tgz 65287ms (cache miss)
3662 http fetch GET 200 https://registry.npmjs.org/magic-string/-/magic-string-0.30.21.tgz 65719ms (cache miss)
3663 http fetch GET 200 https://registry.npmjs.org/debug/-/debug-3.2.7.tgz 65630ms (cache miss)
3664 http fetch GET 200 https://registry.npmjs.org/fdir/-/fdir-6.5.0.tgz 67628ms (cache miss)
3665 http fetch GET 200 https://registry.npmjs.org/eslint-visitor-keys/-/eslint-visitor-keys-3.4.3.tgz 67634ms (cache miss)
3666 http fetch GET 200 https://registry.npmjs.org/debug/-/debug-3.2.7.tgz 67720ms (cache miss)
3667 http fetch GET 200 https://registry.npmjs.org/postcss/-/postcss-8.5.23.tgz 67933ms (cache miss)
3668 http fetch GET 200 https://registry.npmjs.org/nanoid/-/nanoid-3.3.18.tgz 67676ms (cache miss)
3669 http fetch GET 200 https://registry.npmjs.org/@tailwindcss/postcss/-/postcss-4.3.3.tgz 68109ms (cache miss)
3670 http fetch GET 200 https://registry.npmjs.org/eslint-visitor-keys/-/eslint-visitor-keys-3.4.3.tgz 69864ms (cache miss)
3671 http fetch GET 200 https://registry.npmjs.org/baseline-browser-mapping/-/baseline-browser-mapping-2.11.19.tgz 71125ms (cache miss)
3672 http fetch GET 200 https://registry.npmjs.org/esquery/-/esquery-1.7.0.tgz 73947ms (cache miss)
3673 http fetch GET 200 https://registry.npmjs.org/picomatch/-/picomatch-4.0.7.tgz 73736ms (cache miss)
3674 http fetch GET 200 https://registry.npmjs.org/napi-postinstall/-/napi-postinstall-0.3.4.tgz 73749ms (cache miss)
3675 http fetch GET 200 https://registry.npmjs.org/which/-/which-2.0.2.tgz 75245ms (cache miss)
3676 http fetch GET 200 https://registry.npmjs.org/jsesc/-/jsesc-3.1.0.tgz 75923ms (cache miss)
3677 http fetch GET 200 https://registry.npmjs.org/semver/-/semver-6.3.1.tgz 77037ms (cache miss)
3678 http fetch GET 200 https://registry.npmjs.org/json5/-/json5-2.2.3.tgz 79584ms (cache miss)
3679 http fetch GET 200 https://registry.npmjs.org/json5/-/json5-1.0.2.tgz 78931ms (cache miss)
3680 http fetch GET 200 https://registry.npmjs.org/semver/-/semver-7.8.5.tgz 82457ms (cache miss)
3681 http fetch GET 200 https://registry.npmjs.org/semver/-/semver-7.8.5.tgz 85190ms (cache miss)
3682 http fetch GET 200 https://registry.npmjs.org/@typescript-eslint/scope-manager/-/scope-manager-8.68.0.tgz 83173ms (cache miss)
3683 http fetch GET 200 https://registry.npmjs.org/semver/-/semver-7.8.5.tgz 88816ms (cache miss)
3684 http fetch GET 200 https://registry.npmjs.org/@typescript-eslint/types/-/types-8.68.0.tgz 85362ms (cache miss)
3685 http fetch GET 200 https://registry.npmjs.org/tailwindcss/-/tailwindcss-4.3.3.tgz 91994ms (cache miss)
3686 http fetch GET 200 https://registry.npmjs.org/@typescript-eslint/typescript-estree/-/typescript-estree-8.68.0.tgz 89170ms (cache miss)
3687 http fetch GET 200 https://registry.npmjs.org/@nodelib/fs.scandir/-/fs.scandir-2.1.5.tgz 89286ms (cache miss)
3688 http fetch GET 200 https://registry.npmjs.org/acorn/-/acorn-8.18.0.tgz 97610ms (cache miss)
3689 http fetch GET 200 https://registry.npmjs.org/reusify/-/reusify-1.1.0.tgz 91628ms (cache miss)
3690 http fetch GET 200 https://registry.npmjs.org/@typescript-eslint/type-utils/-/type-utils-8.68.0.tgz 92030ms (cache miss)
3691 http fetch GET 200 https://registry.npmjs.org/@nodelib/fs.walk/-/fs.walk-1.2.8.tgz 94383ms (cache miss)
3692 http fetch GET 200 https://registry.npmjs.org/@nodelib/fs.stat/-/fs.stat-2.0.5.tgz 94405ms (cache miss)
3693 http fetch GET 200 https://registry.npmjs.org/hermes-estree/-/hermes-estree-0.25.1.tgz 95674ms (cache miss)
3694 http fetch GET 200 https://registry.npmjs.org/node-releases/-/node-releases-2.0.53.tgz 97773ms (cache miss)
3695 http fetch GET 200 https://registry.npmjs.org/@swc/helpers/-/helpers-0.5.23.tgz 107556ms (cache miss)
3696 http fetch GET 200 https://registry.npmjs.org/styled-jsx/-/styled-jsx-5.1.6.tgz 111079ms (cache miss)
3697 http fetch GET 200 https://registry.npmjs.org/hermes-parser/-/hermes-parser-0.25.1.tgz 113606ms (cache miss)
3698 http fetch GET 200 https://registry.npmjs.org/string.prototype.includes/-/string.prototype.includes-2.0.1.tgz 113717ms (cache miss)
3699 http fetch GET 200 https://registry.npmjs.org/es-iterator-helpers/-/es-iterator-helpers-1.4.0.tgz 116470ms (cache miss)
3700 http fetch GET 200 https://registry.npmjs.org/@babel/generator/-/generator-7.29.8.tgz 116463ms (cache miss)
3701 http fetch GET 200 https://registry.npmjs.org/has-tostringtag/-/has-tostringtag-1.0.2.tgz 116764ms (cache miss)
3702 http fetch GET 200 https://registry.npmjs.org/eslint-plugin-react-hooks/-/eslint-plugin-react-hooks-7.1.1.tgz 123901ms (cache miss)
3703 http fetch GET 200 https://registry.npmjs.org/object-inspect/-/object-inspect-1.13.4.tgz 117197ms (cache miss)
3704 http fetch GET 200 https://registry.npmjs.org/has-symbols/-/has-symbols-1.1.0.tgz 117425ms (cache miss)
3705 http fetch GET 200 https://registry.npmjs.org/json-schema-traverse/-/json-schema-traverse-0.4.1.tgz 117862ms (cache miss)
3706 http fetch GET 200 https://registry.npmjs.org/@types/node/-/node-20.19.43.tgz 126383ms (cache miss)
3707 http fetch GET 200 https://registry.npmjs.org/jiti/-/jiti-2.7.0.tgz 125529ms (cache miss)
3708 http fetch GET 200 https://registry.npmjs.org/@next/eslint-plugin-next/-/eslint-plugin-next-16.3.3.tgz 121194ms (cache miss)
3709 http fetch GET 200 https://registry.npmjs.org/@eslint/object-schema/-/object-schema-2.1.7.tgz 122098ms (cache miss)
3710 http fetch GET 200 https://registry.npmjs.org/cross-spawn/-/cross-spawn-7.0.6.tgz 122105ms (cache miss)
3711 http fetch GET 200 https://registry.npmjs.org/@eslint/plugin-kit/-/plugin-kit-0.4.1.tgz 122507ms (cache miss)
3712 http fetch GET 200 https://registry.npmjs.org/@eslint/js/-/js-9.39.5.tgz 124595ms (cache miss)
3713 http fetch GET 200 https://registry.npmjs.org/language-subtag-registry/-/language-subtag-registry-0.3.23.tgz 124909ms (cache miss)
3714 http fetch GET 200 https://registry.npmjs.org/@eslint/core/-/core-0.17.0.tgz 124763ms (cache miss)
3715 http fetch GET 200 https://registry.npmjs.org/@eslint/config-helpers/-/config-helpers-0.4.2.tgz 125429ms (cache miss)
3716 http fetch GET 200 https://registry.npmjs.org/@jridgewell/resolve-uri/-/resolve-uri-3.1.2.tgz 125911ms (cache miss)
3717 http fetch GET 200 https://registry.npmjs.org/@babel/helpers/-/helpers-7.29.7.tgz 126325ms (cache miss)
3718 http fetch GET 200 https://registry.npmjs.org/brace-expansion/-/brace-expansion-5.0.9.tgz 127466ms (cache miss)
3719 http fetch GET 200 https://registry.npmjs.org/enhanced-resolve/-/enhanced-resolve-5.24.5.tgz 128415ms (cache miss)
3720 http fetch GET 200 https://registry.npmjs.org/@jridgewell/gen-mapping/-/gen-mapping-0.3.13.tgz 128496ms (cache miss)
3721 http fetch GET 200 https://registry.npmjs.org/eslint-plugin-react/-/eslint-plugin-react-7.37.5.tgz 129636ms (cache miss)
3722 http fetch GET 200 https://registry.npmjs.org/balanced-match/-/balanced-match-4.0.4.tgz 130895ms (cache miss)
3723 http fetch GET 200 https://registry.npmjs.org/@babel/parser/-/parser-7.29.8.tgz 142150ms (cache miss)
3724 http fetch GET 200 https://registry.npmjs.org/@tailwindcss/oxide-win32-x64-msvc/-/oxide-win32-x64-msvc-4.3.3.tgz 149468ms (cache miss)
3725 http fetch GET 200 https://registry.npmjs.org/@eslint/eslintrc/-/eslintrc-3.3.6.tgz 137563ms (cache miss)
3726 http fetch GET 200 https://registry.npmjs.org/js-yaml/-/js-yaml-4.3.1.tgz 138076ms (cache miss)
3727 http fetch GET 200 https://registry.npmjs.org/minimatch/-/minimatch-10.2.6.tgz 138457ms (cache miss)
3728 http fetch GET 200 https://registry.npmjs.org/flatted/-/flatted-3.4.4.tgz 136250ms (cache miss)
3729 http fetch GET 200 https://registry.npmjs.org/@typescript-eslint/utils/-/utils-8.68.0.tgz 136636ms (cache miss)
3730 http fetch GET 200 https://registry.npmjs.org/ajv/-/ajv-6.15.0.tgz 142666ms (cache miss)
3731 http fetch GET 200 https://registry.npmjs.org/lightningcss-win32-x64-msvc/-/lightningcss-win32-x64-msvc-1.32.0.tgz 159275ms (cache miss)
3732 http fetch GET 200 https://registry.npmjs.org/tsconfig-paths/-/tsconfig-paths-3.15.0.tgz 142282ms (cache miss)
3733 http fetch GET 200 https://registry.npmjs.org/jsx-ast-utils/-/jsx-ast-utils-3.3.5.tgz 143313ms (cache miss)
3734 http fetch GET 200 https://registry.npmjs.org/@babel/types/-/types-7.29.8.tgz 143429ms (cache miss)
3735 http fetch GET 200 https://registry.npmjs.org/axobject-query/-/axobject-query-4.1.0.tgz 143578ms (cache miss)
3736 http fetch GET 200 https://registry.npmjs.org/fast-glob/-/fast-glob-3.3.1.tgz 143631ms (cache miss)
3737 http fetch GET 200 https://registry.npmjs.org/axe-core/-/axe-core-4.13.0.tgz 155709ms (cache miss)
3738 http fetch GET 200 https://registry.npmjs.org/@eslint/config-array/-/config-array-0.21.2.tgz 145290ms (cache miss)
3739 http fetch GET 200 https://registry.npmjs.org/uri-js/-/uri-js-4.4.1.tgz 145569ms (cache miss)
3740 http fetch GET 200 https://registry.npmjs.org/@img/sharp-win32-x64/-/sharp-win32-x64-0.35.4.tgz 158662ms (cache miss)
3741 http fetch GET 200 https://registry.npmjs.org/@babel/core/-/core-7.29.7.tgz 148012ms (cache miss)
3742 http fetch GET 200 https://registry.npmjs.org/aria-query/-/aria-query-5.3.2.tgz 149372ms (cache miss)
3743 http fetch GET 200 https://registry.npmjs.org/@tybys/wasm-util/-/wasm-util-0.10.3.tgz 151324ms (cache miss)
3744 http fetch GET 200 https://registry.npmjs.org/resolve/-/resolve-2.0.0-next.7.tgz 152006ms (cache miss)
3745 http fetch GET 200 https://registry.npmjs.org/eslint-plugin-jsx-a11y/-/eslint-plugin-jsx-a11y-6.10.2.tgz 154326ms (cache miss)
3746 http fetch GET 200 https://registry.npmjs.org/@typescript-eslint/eslint-plugin/-/eslint-plugin-8.68.0.tgz 158193ms (cache miss)
3747 http fetch GET 200 https://registry.npmjs.org/es-abstract/-/es-abstract-1.24.2.tgz 161302ms (cache miss)
3748 http fetch GET 200 https://registry.npmjs.org/eslint-plugin-import/-/eslint-plugin-import-2.32.0.tgz 163114ms (cache miss)
3749 http fetch GET 200 https://registry.npmjs.org/@babel/traverse/-/traverse-7.29.8.tgz 160224ms (cache miss)
3750 http fetch GET 200 https://registry.npmjs.org/caniuse-lite/-/caniuse-lite-1.0.30001810.tgz 163398ms (cache miss)
3751 http fetch GET 200 https://registry.npmjs.org/eslint/-/eslint-9.39.5.tgz 156990ms (cache miss)
3752 warn deprecated eslint@9.39.5: This version is no longer supported. Please see https://eslint.org/version-support for other options.
3753 http fetch GET 200 https://registry.npmjs.org/zod/-/zod-4.4.3.tgz 160369ms (cache miss)
3754 http fetch GET 200 https://registry.npmjs.org/react-dom/-/react-dom-19.2.8.tgz 192015ms (cache miss)
3755 http fetch GET 200 https://registry.npmjs.org/@next/swc-win32-x64-msvc/-/swc-win32-x64-msvc-16.3.3.tgz 246023ms (cache miss)
3756 http fetch GET 200 https://registry.npmjs.org/typescript/-/typescript-5.9.3.tgz 239960ms (cache miss)
3757 verbose stack Error: ENOTEMPTY: directory not empty, rmdir 'C:\Users\jayp.JAY\OneDrive\Desktop\AI Assessment Extraction\frontend\node_modules\next\dist\api'
3758 error code ENOTEMPTY
3759 error syscall rmdir
3760 error path C:\Users\jayp.JAY\OneDrive\Desktop\AI Assessment Extraction\frontend\node_modules\next\dist\api
3761 error errno -4051
3762 error ENOTEMPTY: directory not empty, rmdir 'C:\Users\jayp.JAY\OneDrive\Desktop\AI Assessment Extraction\frontend\node_modules\next\dist\api'
3763 silly unfinished npm timer reify 1787763172403
3764 silly unfinished npm timer reify:unpack 1787764909052
3765 silly unfinished npm timer reifyNode:node_modules/next 1787764909072
3766 silly unfinished npm timer reifyNode:node_modules/lucide-react 1787764909072
3767 verbose cwd C:\Users\jayp.JAY\OneDrive\Desktop\AI Assessment Extraction\frontend
3768 verbose os Windows_NT 10.0.26200
3769 verbose node v22.18.0
3770 verbose npm  v10.9.3
3771 verbose exit -4051
3772 verbose code -4051
3773 error A complete log of this run can be found in: C:\Users\jayp.JAY\OneDrive\Desktop\AI Assessment Extraction\frontend\.npm-cache\_logs\2026-08-26T16_52_51_094Z-debug-0.log
